SCHOOL CODE;SCHOOL NAME;GRADE ;PROGRAM TYPE;NUMBER OF STUDENTS   SEATS FILLED;NUMBER OF SECTIONS;AVERAGE CLASS SIZE;SIZE OF SMALLEST CLASS;SIZE OF LARGEST CLASS
K001;P.S. 001 The Bergen;0K;CTT;25;1;25.00;25;25
K001;P.S. 001 The Bergen;0K;GEN ED;162;7;23.10;21;25
K001;P.S. 001 The Bergen;01;GEN ED;146;7;20.90;18;27
K001;P.S. 001 The Bergen;01;CTT;23;1;23.00;23;23
K001;P.S. 001 The Bergen;02;GEN ED;151;7;21.60;18;23
K001;P.S. 001 The Bergen;02;CTT;26;1;26.00;26;26
K001;P.S. 001 The Bergen;03;GEN ED;157;7;22.40;14;27
K001;P.S. 001 The Bergen;03;CTT;25;1;25.00;25;25
K001;P.S. 001 The Bergen;04;GEN ED;119;5;23.80;14;30
K001;P.S. 001 The Bergen;04;CTT;26;1;26.00;26;26
K001;P.S. 001 The Bergen;05;GEN ED;122;5;24.40;17;30
K001;P.S. 001 The Bergen;05;CTT;26;1;26.00;26;26
K001;P.S. 001 The Bergen;0K-09;SPEC ED;24;2;12.00;12;12
K001;P.S. 001 The Bergen;0K-09;SPEC ED;24;2;12.00;12;12
K001;P.S. 001 The Bergen;;;0;0;.00;0;0
