SCHOOL CODE;SCHOOL NAME;GRADE ;PROGRAM TYPE;NUMBER OF STUDENTS   SEATS FILLED;NUMBER OF SECTIONS;AVERAGE CLASS SIZE;SIZE OF SMALLEST CLASS;SIZE OF LARGEST CLASS
K003;P.S. 003 The Bedford Village;0K;GEN ED;84;5;16.80;15;18
K003;P.S. 003 The Bedford Village;0K;CTT;14;1;14.00;14;14
K003;P.S. 003 The Bedford Village;01;GEN ED;85;4;21.30;19;23
K003;P.S. 003 The Bedford Village;01;CTT;17;1;17.00;17;17
K003;P.S. 003 The Bedford Village;02;GEN ED;75;4;18.80;17;21
K003;P.S. 003 The Bedford Village;02;CTT;19;1;19.00;19;19
K003;P.S. 003 The Bedford Village;03;GEN ED;96;4;24.00;22;26
K003;P.S. 003 The Bedford Village;04;GEN ED;81;3;27.00;25;28
K003;P.S. 003 The Bedford Village;05;GEN ED;92;3;30.70;29;32
K003;P.S. 003 The Bedford Village;0K-09;SPEC ED;15;2;7.50;7;8
K003;P.S. 003 The Bedford Village;;;0;0;.00;0;0
