SCHOOL CODE;SCHOOL NAME;GRADE ;PROGRAM TYPE;NUMBER OF STUDENTS   SEATS FILLED;NUMBER OF SECTIONS;AVERAGE CLASS SIZE;SIZE OF SMALLEST CLASS;SIZE OF LARGEST CLASS
K005;P.S. 005 Dr. Ronald Mcnair;0K;GEN ED;66;4;16.50;15;18
K005;P.S. 005 Dr. Ronald Mcnair;01;GEN ED;64;3;21.30;19;23
K005;P.S. 005 Dr. Ronald Mcnair;02;GEN ED;49;3;16.30;14;18
K005;P.S. 005 Dr. Ronald Mcnair;03;GEN ED;60;4;15.00;7;19
K005;P.S. 005 Dr. Ronald Mcnair;03;CTT;9;1;9.00;9;9
K005;P.S. 005 Dr. Ronald Mcnair;04;GEN ED;69;3;23.00;22;24
K005;P.S. 005 Dr. Ronald Mcnair;05;GEN ED;57;2;28.50;28;29
K005;P.S. 005 Dr. Ronald Mcnair;0K-09;SPEC ED;42;4;10.50;10;11
K005;P.S. 005 Dr. Ronald Mcnair;;;0;0;.00;0;0
