SCHOOL CODE;SCHOOL NAME;GRADE ;PROGRAM TYPE;NUMBER OF STUDENTS   SEATS FILLED;NUMBER OF SECTIONS;AVERAGE CLASS SIZE;SIZE OF SMALLEST CLASS;SIZE OF LARGEST CLASS
K006;P.S. 006;0K;GEN ED;42;2;21.00;18;24
K006;P.S. 006;0K;CTT;24;1;24.00;24;24
K006;P.S. 006;01;GEN ED;102;4;25.50;25;26
K006;P.S. 006;02;GEN ED;78;3;26.00;24;27
K006;P.S. 006;02;CTT;20;1;20.00;20;20
K006;P.S. 006;03;GEN ED;102;4;25.50;22;28
K006;P.S. 006;04;GEN ED;102;4;25.50;24;27
K006;P.S. 006;04;CTT;22;1;22.00;22;22
K006;P.S. 006;05;GEN ED;120;4;30.00;27;31
K006;P.S. 006;0K-09;SPEC ED;22;2;11.00;11;11
K006;P.S. 006;0K-09;SPEC ED;21;2;10.50;10;11
K006;P.S. 006;;;0;0;.00;0;0
