SCHOOL CODE;SCHOOL NAME;GRADE ;PROGRAM TYPE;NUMBER OF STUDENTS   SEATS FILLED;NUMBER OF SECTIONS;AVERAGE CLASS SIZE;SIZE OF SMALLEST CLASS;SIZE OF LARGEST CLASS
K007;P.S. 007 Abraham Lincoln;0K;GEN ED;130;8;16.30;15;17
K007;P.S. 007 Abraham Lincoln;01;GEN ED;165;8;20.60;18;24
K007;P.S. 007 Abraham Lincoln;02;GEN ED;158;7;22.60;20;25
K007;P.S. 007 Abraham Lincoln;03;GEN ED;169;7;24.10;23;25
K007;P.S. 007 Abraham Lincoln;04;GEN ED;146;6;24.30;23;25
K007;P.S. 007 Abraham Lincoln;0K-09;SPEC ED;12;1;12.00;12;12
K007;P.S. 007 Abraham Lincoln;0K-09;SPEC ED;43;4;10.80;9;12
K007;P.S. 007 Abraham Lincoln;;;0;0;.00;0;0
