SCHOOL CODE;SCHOOL NAME;GRADE ;PROGRAM TYPE;NUMBER OF STUDENTS   SEATS FILLED;NUMBER OF SECTIONS;AVERAGE CLASS SIZE;SIZE OF SMALLEST CLASS;SIZE OF LARGEST CLASS
K008;P.S. 008 Robert Fulton;04;CTT;22;1;22.00;22;22
K008;P.S. 008 Robert Fulton;04;GEN ED;50;2;25.00;25;25
K008;P.S. 008 Robert Fulton;0K;GEN ED;78;3;26.00;26;26
K008;P.S. 008 Robert Fulton;0K;CTT;25;1;25.00;25;25
K008;P.S. 008 Robert Fulton;01;GEN ED;66;3;22.00;22;22
K008;P.S. 008 Robert Fulton;01;CTT;22;1;22.00;22;22
K008;P.S. 008 Robert Fulton;02;GEN ED;91;4;22.80;22;24
K008;P.S. 008 Robert Fulton;02;CTT;25;1;25.00;25;25
K008;P.S. 008 Robert Fulton;03;GEN ED;51;2;25.50;25;26
K008;P.S. 008 Robert Fulton;03;CTT;25;1;25.00;25;25
K008;P.S. 008 Robert Fulton;05;GEN ED;39;2;19.50;19;20
K008;P.S. 008 Robert Fulton;05;CTT;22;1;22.00;22;22
K008;P.S. 008 Robert Fulton;;;0;0;.00;0;0
