SCHOOL CODE;SCHOOL NAME;GRADE ;PROGRAM TYPE;NUMBER OF STUDENTS   SEATS FILLED;NUMBER OF SECTIONS;AVERAGE CLASS SIZE;SIZE OF SMALLEST CLASS;SIZE OF LARGEST CLASS
K009;P.S. 009 Teunis G. Bergen;0K;GEN ED;107;5;21.40;19;24
K009;P.S. 009 Teunis G. Bergen;01;GEN ED;95;4;23.80;21;26
K009;P.S. 009 Teunis G. Bergen;02;GEN ED;59;3;19.70;19;21
K009;P.S. 009 Teunis G. Bergen;02;CTT;19;1;19.00;19;19
K009;P.S. 009 Teunis G. Bergen;03;GEN ED;44;2;22.00;22;22
K009;P.S. 009 Teunis G. Bergen;03;CTT;21;1;21.00;21;21
K009;P.S. 009 Teunis G. Bergen;04;GEN ED;54;2;27.00;27;27
K009;P.S. 009 Teunis G. Bergen;04;CTT;21;1;21.00;21;21
K009;P.S. 009 Teunis G. Bergen;05;GEN ED;48;2;24.00;23;25
K009;P.S. 009 Teunis G. Bergen;05;CTT;24;1;24.00;24;24
K009;P.S. 009 Teunis G. Bergen;0K-09;SPEC ED;10;1;10.00;10;10
K009;P.S. 009 Teunis G. Bergen;0K-09;SPEC ED;32;3;10.70;8;12
K009;P.S. 009 Teunis G. Bergen;;;0;0;.00;0;0
