SCHOOL CODE;SCHOOL NAME;GRADE ;PROGRAM TYPE;NUMBER OF STUDENTS   SEATS FILLED;NUMBER OF SECTIONS;AVERAGE CLASS SIZE;SIZE OF SMALLEST CLASS;SIZE OF LARGEST CLASS
K010;Magnet School of Math, Science and Design Technology;0K;GEN ED;128;6;21.30;19;23
K010;Magnet School of Math, Science and Design Technology;0K;G&T;23;1;23.00;23;23
K010;Magnet School of Math, Science and Design Technology;01;GEN ED;118;5;23.60;22;28
K010;Magnet School of Math, Science and Design Technology;01;CTT;28;1;28.00;28;28
K010;Magnet School of Math, Science and Design Technology;01;G&T;25;1;25.00;25;25
K010;Magnet School of Math, Science and Design Technology;02;GEN ED;97;4;24.30;24;25
K010;Magnet School of Math, Science and Design Technology;02;CTT;25;1;25.00;25;25
K010;Magnet School of Math, Science and Design Technology;03;GEN ED;74;3;24.70;24;26
K010;Magnet School of Math, Science and Design Technology;03;CTT;26;1;26.00;26;26
K010;Magnet School of Math, Science and Design Technology;04;GEN ED;58;2;29.00;28;30
K010;Magnet School of Math, Science and Design Technology;04;CTT;30;1;30.00;30;30
K010;Magnet School of Math, Science and Design Technology;05;GEN ED;48;2;24.00;23;25
K010;Magnet School of Math, Science and Design Technology;05;CTT;27;1;27.00;27;27
K010;Magnet School of Math, Science and Design Technology;0K-09;SPEC ED;23;2;11.50;11;12
K010;Magnet School of Math, Science and Design Technology;;;0;0;.00;0;0
