SCHOOL CODE;SCHOOL NAME;GRADE ;PROGRAM TYPE;NUMBER OF STUDENTS   SEATS FILLED;NUMBER OF SECTIONS;AVERAGE CLASS SIZE;SIZE OF SMALLEST CLASS;SIZE OF LARGEST CLASS
K011;P.S. 011 Purvis J. Behan;0K;GEN ED;108;5;21.60;21;23
K011;P.S. 011 Purvis J. Behan;01;GEN ED;124;6;20.70;16;22
K011;P.S. 011 Purvis J. Behan;02;GEN ED;72;3;24.00;23;25
K011;P.S. 011 Purvis J. Behan;03;GEN ED;83;3;27.70;27;28
K011;P.S. 011 Purvis J. Behan;04;GEN ED;73;3;24.30;21;28
K011;P.S. 011 Purvis J. Behan;05;GEN ED;74;3;24.70;23;27
K011;P.S. 011 Purvis J. Behan;0K-09;SPEC ED;18;2;9.00;6;12
K011;P.S. 011 Purvis J. Behan;;;0;0;.00;0;0
