SCHOOL CODE;SCHOOL NAME;GRADE ;PROGRAM TYPE;NUMBER OF STUDENTS   SEATS FILLED;NUMBER OF SECTIONS;AVERAGE CLASS SIZE;SIZE OF SMALLEST CLASS;SIZE OF LARGEST CLASS
K013;P.S. 013 Roberto Clemente;0K;GEN ED;57;3;19.00;18;20
K013;P.S. 013 Roberto Clemente;0K;CTT;18;1;18.00;18;18
K013;P.S. 013 Roberto Clemente;01;GEN ED;50;3;16.70;15;18
K013;P.S. 013 Roberto Clemente;01;CTT;19;1;19.00;19;19
K013;P.S. 013 Roberto Clemente;02;GEN ED;83;4;20.80;20;22
K013;P.S. 013 Roberto Clemente;03;GEN ED;83;4;20.80;20;22
K013;P.S. 013 Roberto Clemente;04;GEN ED;78;4;19.50;19;20
K013;P.S. 013 Roberto Clemente;05;GEN ED;64;3;21.30;20;22
K013;P.S. 013 Roberto Clemente;0K-09;SPEC ED;17;2;8.50;7;10
K013;P.S. 013 Roberto Clemente;0K-09;SPEC ED;11;1;11.00;11;11
K013;P.S. 013 Roberto Clemente;;;0;0;.00;0;0
