SCHOOL CODE;SCHOOL NAME;GRADE ;PROGRAM TYPE;NUMBER OF STUDENTS   SEATS FILLED;NUMBER OF SECTIONS;AVERAGE CLASS SIZE;SIZE OF SMALLEST CLASS;SIZE OF LARGEST CLASS
K014;J.H.S. 014 Shell Bank;06;GEN ED;95;4;23.80;21;26
K014;J.H.S. 014 Shell Bank;06;CTT;72;3;24.00;23;25
K014;J.H.S. 014 Shell Bank;07;GEN ED;123;5;24.60;20;28
K014;J.H.S. 014 Shell Bank;07;CTT;79;3;26.30;24;29
K014;J.H.S. 014 Shell Bank;08;GEN ED;128;5;25.60;24;27
K014;J.H.S. 014 Shell Bank;08;CTT;78;3;26.00;23;29
K014;J.H.S. 014 Shell Bank;0K-09;SPEC ED;27;3;9.00;7;10
K014;J.H.S. 014 Shell Bank;0K-09;SPEC ED;48;5;9.60;7;12
K014;J.H.S. 014 Shell Bank;MS Core;GEN ED;348;14;24.90;20;28
K014;J.H.S. 014 Shell Bank;MS Core;GEN ED;347;14;24.80;19;28
K014;J.H.S. 014 Shell Bank;MS Core;GEN ED;61;2;30.50;30;31
K014;J.H.S. 014 Shell Bank;MS Core;GEN ED;345;14;24.60;19;28
K014;J.H.S. 014 Shell Bank;MS Core;GEN ED;34;1;34.00;34;34
K014;J.H.S. 014 Shell Bank;MS Core;GEN ED;32;1;32.00;32;32
K014;J.H.S. 014 Shell Bank;MS Core;GEN ED;182;7;26.00;24;27
K014;J.H.S. 014 Shell Bank;MS Core;CTT;230;9;25.60;22;30
K014;J.H.S. 014 Shell Bank;MS Core;CTT;230;9;25.60;22;30
K014;J.H.S. 014 Shell Bank;MS Core;CTT;228;9;25.30;22;30
K014;J.H.S. 014 Shell Bank;MS Core;CTT;133;5;26.60;22;30
K014;J.H.S. 014 Shell Bank;MS Core;SPEC ED;60;6;10.00;7;13
K014;J.H.S. 014 Shell Bank;MS Core;SPEC ED;45;4;11.30;10;13
K014;J.H.S. 014 Shell Bank;MS Core;SPEC ED;32;3;10.70;10;11
K014;J.H.S. 014 Shell Bank;MS Core;SPEC ED;34;3;11.30;10;13
K014;J.H.S. 014 Shell Bank;09-12;GEN ED;363;15;24.20;17;32
K014;J.H.S. 014 Shell Bank;09-12;GEN ED;23;1;23.00;23;23
K014;J.H.S. 014 Shell Bank;09-12;CTT;360;14;25.70;22;31
K014;J.H.S. 014 Shell Bank;09-12;SPEC ED;43;4;10.80;10;11
K014;J.H.S. 014 Shell Bank;09-12;SPEC ED;13;1;13.00;13;13
K014;J.H.S. 014 Shell Bank;;;0;0;.00;0;0
