SCHOOL CODE;SCHOOL NAME;GRADE ;PROGRAM TYPE;NUMBER OF STUDENTS   SEATS FILLED;NUMBER OF SECTIONS;AVERAGE CLASS SIZE;SIZE OF SMALLEST CLASS;SIZE OF LARGEST CLASS
K015;P.S. 015 Patrick F. Daly;0K;GEN ED;22;1;22.00;22;22
K015;P.S. 015 Patrick F. Daly;0K;CTT;19;1;19.00;19;19
K015;P.S. 015 Patrick F. Daly;01;GEN ED;25;1;25.00;25;25
K015;P.S. 015 Patrick F. Daly;01;CTT;22;1;22.00;22;22
K015;P.S. 015 Patrick F. Daly;02;GEN ED;19;1;19.00;19;19
K015;P.S. 015 Patrick F. Daly;02;CTT;20;1;20.00;20;20
K015;P.S. 015 Patrick F. Daly;03;GEN ED;21;1;21.00;21;21
K015;P.S. 015 Patrick F. Daly;03;CTT;21;1;21.00;21;21
K015;P.S. 015 Patrick F. Daly;04;GEN ED;25;1;25.00;25;25
K015;P.S. 015 Patrick F. Daly;04;CTT;27;1;27.00;27;27
K015;P.S. 015 Patrick F. Daly;05;GEN ED;26;1;26.00;26;26
K015;P.S. 015 Patrick F. Daly;05;CTT;28;1;28.00;28;28
K015;P.S. 015 Patrick F. Daly;0K-09;SPEC ED;66;6;11.00;9;12
K015;P.S. 015 Patrick F. Daly;;;0;0;.00;0;0
