SCHOOL CODE;SCHOOL NAME;GRADE ;PROGRAM TYPE;NUMBER OF STUDENTS   SEATS FILLED;NUMBER OF SECTIONS;AVERAGE CLASS SIZE;SIZE OF SMALLEST CLASS;SIZE OF LARGEST CLASS
K016;P.S. 016 Leonard Dunkly;0K;GEN ED;51;3;17.00;13;20
K016;P.S. 016 Leonard Dunkly;01;GEN ED;34;2;17.00;15;19
K016;P.S. 016 Leonard Dunkly;02;GEN ED;58;3;19.30;16;21
K016;P.S. 016 Leonard Dunkly;03;GEN ED;58;3;19.30;17;22
K016;P.S. 016 Leonard Dunkly;04;GEN ED;42;2;21.00;20;22
K016;P.S. 016 Leonard Dunkly;05;GEN ED;45;2;22.50;22;23
K016;P.S. 016 Leonard Dunkly;0K-09;SPEC ED;31;3;10.30;7;12
K016;P.S. 016 Leonard Dunkly;;;0;0;.00;0;0
