SCHOOL CODE;SCHOOL NAME;GRADE ;PROGRAM TYPE;NUMBER OF STUDENTS   SEATS FILLED;NUMBER OF SECTIONS;AVERAGE CLASS SIZE;SIZE OF SMALLEST CLASS;SIZE OF LARGEST CLASS
K017;P.S. 017 Henry D. Woodworth;0K;GEN ED;27;2;13.50;13;14
K017;P.S. 017 Henry D. Woodworth;0K;CTT;16;1;16.00;16;16
K017;P.S. 017 Henry D. Woodworth;01;GEN ED;39;2;19.50;19;20
K017;P.S. 017 Henry D. Woodworth;01;CTT;17;1;17.00;17;17
K017;P.S. 017 Henry D. Woodworth;02;GEN ED;27;1;27.00;27;27
K017;P.S. 017 Henry D. Woodworth;02;CTT;26;1;26.00;26;26
K017;P.S. 017 Henry D. Woodworth;03;GEN ED;42;2;21.00;20;22
K017;P.S. 017 Henry D. Woodworth;03;CTT;17;1;17.00;17;17
K017;P.S. 017 Henry D. Woodworth;04;GEN ED;32;1;32.00;32;32
K017;P.S. 017 Henry D. Woodworth;04;CTT;25;1;25.00;25;25
K017;P.S. 017 Henry D. Woodworth;05;GEN ED;57;2;28.50;28;29
K017;P.S. 017 Henry D. Woodworth;0K-09;SPEC ED;44;4;11.00;9;12
K017;P.S. 017 Henry D. Woodworth;;;0;0;.00;0;0
