SCHOOL CODE;SCHOOL NAME;GRADE ;PROGRAM TYPE;NUMBER OF STUDENTS   SEATS FILLED;NUMBER OF SECTIONS;AVERAGE CLASS SIZE;SIZE OF SMALLEST CLASS;SIZE OF LARGEST CLASS
K018;P.S. 018 Edward Bush;0K;GEN ED;22;1;22.00;22;22
K018;P.S. 018 Edward Bush;0K;CTT;16;1;16.00;16;16
K018;P.S. 018 Edward Bush;01;GEN ED;29;2;14.50;14;15
K018;P.S. 018 Edward Bush;01;CTT;8;1;8.00;8;8
K018;P.S. 018 Edward Bush;02;GEN ED;31;1;31.00;31;31
K018;P.S. 018 Edward Bush;03;GEN ED;21;1;21.00;21;21
K018;P.S. 018 Edward Bush;04;GEN ED;45;2;22.50;22;23
K018;P.S. 018 Edward Bush;05;GEN ED;36;2;18.00;18;18
K018;P.S. 018 Edward Bush;;;0;0;.00;0;0
