SCHOOL CODE;SCHOOL NAME;GRADE ;PROGRAM TYPE;NUMBER OF STUDENTS   SEATS FILLED;NUMBER OF SECTIONS;AVERAGE CLASS SIZE;SIZE OF SMALLEST CLASS;SIZE OF LARGEST CLASS
K019;P.S. 019 Roberto Clemente;;;0;0;.00;0;0
K019;P.S. 019 Roberto Clemente;0K;GEN ED;17;1;17.00;17;17
K019;P.S. 019 Roberto Clemente;01;GEN ED;34;2;17.00;17;17
K019;P.S. 019 Roberto Clemente;02;GEN ED;76;3;25.30;25;26
K019;P.S. 019 Roberto Clemente;03;GEN ED;89;4;22.30;21;23
K019;P.S. 019 Roberto Clemente;04;GEN ED;71;3;23.70;19;28
K019;P.S. 019 Roberto Clemente;05;GEN ED;76;3;25.30;23;27
K019;P.S. 019 Roberto Clemente;0K-09;SPEC ED;6;1;6.00;6;6
K019;P.S. 019 Roberto Clemente;0K-09;SPEC ED;15;2;7.50;5;10
