SCHOOL CODE;SCHOOL NAME;GRADE ;PROGRAM TYPE;NUMBER OF STUDENTS   SEATS FILLED;NUMBER OF SECTIONS;AVERAGE CLASS SIZE;SIZE OF SMALLEST CLASS;SIZE OF LARGEST CLASS
K020;P.S. 020 Clinton Hill;0K;GEN ED;21;1;21.00;21;21
K020;P.S. 020 Clinton Hill;0K;CTT;22;1;22.00;22;22
K020;P.S. 020 Clinton Hill;01;GEN ED;30;1;30.00;30;30
K020;P.S. 020 Clinton Hill;01;CTT;26;1;26.00;26;26
K020;P.S. 020 Clinton Hill;02;GEN ED;49;2;24.50;23;26
K020;P.S. 020 Clinton Hill;03;GEN ED;25;1;25.00;25;25
K020;P.S. 020 Clinton Hill;03;G&T;31;1;31.00;31;31
K020;P.S. 020 Clinton Hill;04;GEN ED;41;2;20.50;19;22
K020;P.S. 020 Clinton Hill;04;G&T;19;1;19.00;19;19
K020;P.S. 020 Clinton Hill;05;GEN ED;22;1;22.00;22;22
K020;P.S. 020 Clinton Hill;05;G&T;29;1;29.00;29;29
K020;P.S. 020 Clinton Hill;0K-09;SPEC ED;11;1;11.00;11;11
K020;P.S. 020 Clinton Hill;;;0;0;.00;0;0
