SCHOOL CODE;SCHOOL NAME;GRADE ;PROGRAM TYPE;NUMBER OF STUDENTS   SEATS FILLED;NUMBER OF SECTIONS;AVERAGE CLASS SIZE;SIZE OF SMALLEST CLASS;SIZE OF LARGEST CLASS
K022;P.S. 022;0K;GEN ED;50;2;25.00;24;26
K022;P.S. 022;01;GEN ED;37;2;18.50;18;19
K022;P.S. 022;02;GEN ED;50;2;25.00;24;26
K022;P.S. 022;03;GEN ED;39;2;19.50;18;21
K022;P.S. 022;03;CTT;22;1;22.00;22;22
K022;P.S. 022;04;GEN ED;96;4;24.00;22;26
K022;P.S. 022;04;CTT;20;1;20.00;20;20
K022;P.S. 022;05;GEN ED;83;3;27.70;27;29
K022;P.S. 022;05;CTT;21;1;21.00;21;21
K022;P.S. 022;0K-09;SPEC ED;12;1;12.00;12;12
K022;P.S. 022;0K-09;SPEC ED;47;5;9.40;8;12
K022;P.S. 022;;;0;0;.00;0;0
