SCHOOL CODE;SCHOOL NAME;GRADE ;PROGRAM TYPE;NUMBER OF STUDENTS   SEATS FILLED;NUMBER OF SECTIONS;AVERAGE CLASS SIZE;SIZE OF SMALLEST CLASS;SIZE OF LARGEST CLASS
K023;P.S. 023 Carter G. Woodson;0K;GEN ED;39;2;19.50;19;20
K023;P.S. 023 Carter G. Woodson;01;GEN ED;43;2;21.50;20;23
K023;P.S. 023 Carter G. Woodson;02;GEN ED;48;2;24.00;23;25
K023;P.S. 023 Carter G. Woodson;03;GEN ED;23;1;23.00;23;23
K023;P.S. 023 Carter G. Woodson;03;CTT;22;1;22.00;22;22
K023;P.S. 023 Carter G. Woodson;04;GEN ED;37;2;18.50;18;19
K023;P.S. 023 Carter G. Woodson;05;GEN ED;38;2;19.00;17;21
K023;P.S. 023 Carter G. Woodson;0K-09;SPEC ED;30;3;10.00;7;12
K023;P.S. 023 Carter G. Woodson;;;0;0;.00;0;0
