SCHOOL CODE;SCHOOL NAME;GRADE ;PROGRAM TYPE;NUMBER OF STUDENTS   SEATS FILLED;NUMBER OF SECTIONS;AVERAGE CLASS SIZE;SIZE OF SMALLEST CLASS;SIZE OF LARGEST CLASS
K024;P.S. 024;0K;GEN ED;102;4;25.50;25;26
K024;P.S. 024;01;GEN ED;118;5;23.60;21;26
K024;P.S. 024;02;GEN ED;119;5;23.80;23;25
K024;P.S. 024;03;GEN ED;82;4;20.50;19;22
K024;P.S. 024;03;CTT;52;2;26.00;26;26
K024;P.S. 024;04;GEN ED;81;4;20.30;14;24
K024;P.S. 024;04;CTT;49;2;24.50;24;25
K024;P.S. 024;05;GEN ED;67;3;22.30;21;23
K024;P.S. 024;05;CTT;45;2;22.50;22;23
K024;P.S. 024;0K-09;SPEC ED;26;3;8.70;4;12
K024;P.S. 024;;;0;0;.00;0;0
