SCHOOL CODE;SCHOOL NAME;GRADE ;PROGRAM TYPE;NUMBER OF STUDENTS   SEATS FILLED;NUMBER OF SECTIONS;AVERAGE CLASS SIZE;SIZE OF SMALLEST CLASS;SIZE OF LARGEST CLASS
K025;P.S. 025 Eubie Blake School;0K;GEN ED;50;2;25.00;25;25
K025;P.S. 025 Eubie Blake School;01;GEN ED;42;2;21.00;21;21
K025;P.S. 025 Eubie Blake School;02;GEN ED;44;3;14.70;14;16
K025;P.S. 025 Eubie Blake School;03;GEN ED;39;2;19.50;19;20
K025;P.S. 025 Eubie Blake School;04;GEN ED;58;3;19.30;19;20
K025;P.S. 025 Eubie Blake School;05;GEN ED;42;2;21.00;21;21
K025;P.S. 025 Eubie Blake School;0K-09;SPEC ED;30;3;10.00;8;12
K025;P.S. 025 Eubie Blake School;;;0;0;.00;0;0
