SCHOOL CODE;SCHOOL NAME;GRADE ;PROGRAM TYPE;NUMBER OF STUDENTS   SEATS FILLED;NUMBER OF SECTIONS;AVERAGE CLASS SIZE;SIZE OF SMALLEST CLASS;SIZE OF LARGEST CLASS
K026;P.S. 026 Jesse Owens;0K;GEN ED;49;2;24.50;24;25
K026;P.S. 026 Jesse Owens;01;GEN ED;46;2;23.00;22;24
K026;P.S. 026 Jesse Owens;02;GEN ED;25;1;25.00;25;25
K026;P.S. 026 Jesse Owens;02;CTT;26;1;26.00;26;26
K026;P.S. 026 Jesse Owens;03;GEN ED;34;2;17.00;17;17
K026;P.S. 026 Jesse Owens;03;CTT;14;1;14.00;14;14
K026;P.S. 026 Jesse Owens;04;GEN ED;36;2;18.00;16;20
K026;P.S. 026 Jesse Owens;04;CTT;25;1;25.00;25;25
K026;P.S. 026 Jesse Owens;05;GEN ED;26;1;26.00;26;26
K026;P.S. 026 Jesse Owens;05;CTT;32;1;32.00;32;32
K026;P.S. 026 Jesse Owens;0K-09;SPEC ED;12;1;12.00;12;12
K026;P.S. 026 Jesse Owens;;;0;0;.00;0;0
