SCHOOL CODE;SCHOOL NAME;GRADE ;PROGRAM TYPE;NUMBER OF STUDENTS   SEATS FILLED;NUMBER OF SECTIONS;AVERAGE CLASS SIZE;SIZE OF SMALLEST CLASS;SIZE OF LARGEST CLASS
K027;Agnes Y. Humphrey School for Leadership;05;GEN ED;15;1;15.00;15;15
K027;Agnes Y. Humphrey School for Leadership;05;CTT;15;1;15.00;15;15
K027;Agnes Y. Humphrey School for Leadership;08;CTT;27;2;13.50;13;14
K027;Agnes Y. Humphrey School for Leadership;0K-09;SPEC ED;9;1;9.00;9;9
K027;Agnes Y. Humphrey School for Leadership;0K-09;SPEC ED;8;1;8.00;8;8
K027;Agnes Y. Humphrey School for Leadership;MS Core;CTT;28;2;14.00;13;15
K027;Agnes Y. Humphrey School for Leadership;MS Core;CTT;28;2;14.00;13;15
K027;Agnes Y. Humphrey School for Leadership;MS Core;CTT;28;2;14.00;13;15
K027;Agnes Y. Humphrey School for Leadership;MS Core;CTT;28;2;14.00;13;15
K027;Agnes Y. Humphrey School for Leadership;MS Core;SPEC ED;7;1;7.00;7;7
K027;Agnes Y. Humphrey School for Leadership;MS Core;SPEC ED;7;1;7.00;7;7
K027;Agnes Y. Humphrey School for Leadership;MS Core;SPEC ED;7;1;7.00;7;7
K027;Agnes Y. Humphrey School for Leadership;MS Core;SPEC ED;7;1;7.00;7;7
K027;Agnes Y. Humphrey School for Leadership;;;0;0;.00;0;0
