SCHOOL CODE;SCHOOL NAME;GRADE ;PROGRAM TYPE;NUMBER OF STUDENTS   SEATS FILLED;NUMBER OF SECTIONS;AVERAGE CLASS SIZE;SIZE OF SMALLEST CLASS;SIZE OF LARGEST CLASS
K028;P.S. 028 The Warren Prep Academy;0K;GEN ED;19;1;19.00;19;19
K028;P.S. 028 The Warren Prep Academy;0K;CTT;18;1;18.00;18;18
K028;P.S. 028 The Warren Prep Academy;01;GEN ED;18;1;18.00;18;18
K028;P.S. 028 The Warren Prep Academy;01;CTT;24;1;24.00;24;24
K028;P.S. 028 The Warren Prep Academy;02;GEN ED;39;2;19.50;19;20
K028;P.S. 028 The Warren Prep Academy;03;GEN ED;38;2;19.00;18;20
K028;P.S. 028 The Warren Prep Academy;04;GEN ED;35;2;17.50;17;18
K028;P.S. 028 The Warren Prep Academy;05;GEN ED;33;2;16.50;16;17
K028;P.S. 028 The Warren Prep Academy;0K-09;SPEC ED;7;1;7.00;7;7
K028;P.S. 028 The Warren Prep Academy;;;0;0;.00;0;0
