SCHOOL CODE;SCHOOL NAME;GRADE ;PROGRAM TYPE;NUMBER OF STUDENTS   SEATS FILLED;NUMBER OF SECTIONS;AVERAGE CLASS SIZE;SIZE OF SMALLEST CLASS;SIZE OF LARGEST CLASS
K029;P.S. 029 John M. Harrigan;0K;GEN ED;94;4;23.50;23;24
K029;P.S. 029 John M. Harrigan;0K;CTT;24;1;24.00;24;24
K029;P.S. 029 John M. Harrigan;01;GEN ED;99;4;24.80;24;26
K029;P.S. 029 John M. Harrigan;01;CTT;23;1;23.00;23;23
K029;P.S. 029 John M. Harrigan;02;GEN ED;69;3;23.00;23;23
K029;P.S. 029 John M. Harrigan;02;CTT;22;1;22.00;22;22
K029;P.S. 029 John M. Harrigan;03;GEN ED;69;3;23.00;23;23
K029;P.S. 029 John M. Harrigan;03;CTT;22;1;22.00;22;22
K029;P.S. 029 John M. Harrigan;04;GEN ED;58;2;29.00;29;29
K029;P.S. 029 John M. Harrigan;04;CTT;31;1;31.00;31;31
K029;P.S. 029 John M. Harrigan;05;GEN ED;79;3;26.30;25;27
K029;P.S. 029 John M. Harrigan;05;CTT;26;1;26.00;26;26
K029;P.S. 029 John M. Harrigan;0K-09;SPEC ED;10;1;10.00;10;10
K029;P.S. 029 John M. Harrigan;;;0;0;.00;0;0
