SCHOOL CODE;SCHOOL NAME;GRADE ;PROGRAM TYPE;NUMBER OF STUDENTS   SEATS FILLED;NUMBER OF SECTIONS;AVERAGE CLASS SIZE;SIZE OF SMALLEST CLASS;SIZE OF LARGEST CLASS
K030;I.S. 30 Mary White Ovington;06;GEN ED;60;2;30.00;29;31
K030;I.S. 30 Mary White Ovington;06;CTT;23;1;23.00;23;23
K030;I.S. 30 Mary White Ovington;06;G&T;30;1;30.00;30;30
K030;I.S. 30 Mary White Ovington;07;GEN ED;59;2;29.50;29;30
K030;I.S. 30 Mary White Ovington;07;CTT;28;1;28.00;28;28
K030;I.S. 30 Mary White Ovington;07;G&T;29;1;29.00;29;29
K030;I.S. 30 Mary White Ovington;08;GEN ED;32;1;32.00;32;32
K030;I.S. 30 Mary White Ovington;08;CTT;30;1;30.00;30;30
K030;I.S. 30 Mary White Ovington;08;G&T;57;2;28.50;27;30
K030;I.S. 30 Mary White Ovington;MS Core;GEN ED;297;10;29.70;27;32
K030;I.S. 30 Mary White Ovington;MS Core;GEN ED;240;8;30.00;29;32
K030;I.S. 30 Mary White Ovington;MS Core;GEN ED;27;1;27.00;27;27
K030;I.S. 30 Mary White Ovington;MS Core;GEN ED;330;11;30.00;29;32
K030;I.S. 30 Mary White Ovington;MS Core;GEN ED;54;2;27.00;27;27
K030;I.S. 30 Mary White Ovington;MS Core;GEN ED;267;9;29.70;27;32
K030;I.S. 30 Mary White Ovington;MS Core;CTT;81;3;27.00;23;30
K030;I.S. 30 Mary White Ovington;MS Core;CTT;81;3;27.00;23;30
K030;I.S. 30 Mary White Ovington;MS Core;CTT;132;5;26.40;23;30
K030;I.S. 30 Mary White Ovington;MS Core;CTT;104;4;26.00;23;30
K030;I.S. 30 Mary White Ovington;09-12;GEN ED;59;2;29.50;29;30
K030;I.S. 30 Mary White Ovington;09-12;CTT;28;1;28.00;28;28
K030;I.S. 30 Mary White Ovington;;;0;0;.00;0;0
