SCHOOL CODE;SCHOOL NAME;GRADE ;PROGRAM TYPE;NUMBER OF STUDENTS   SEATS FILLED;NUMBER OF SECTIONS;AVERAGE CLASS SIZE;SIZE OF SMALLEST CLASS;SIZE OF LARGEST CLASS
K031;P.S. 031 Samuel F. Dupont;0K;GEN ED;77;4;19.30;15;22
K031;P.S. 031 Samuel F. Dupont;01;GEN ED;100;4;25.00;21;27
K031;P.S. 031 Samuel F. Dupont;02;GEN ED;77;3;25.70;22;29
K031;P.S. 031 Samuel F. Dupont;03;GEN ED;65;3;21.70;19;26
K031;P.S. 031 Samuel F. Dupont;03;CTT;19;1;19.00;19;19
K031;P.S. 031 Samuel F. Dupont;04;GEN ED;77;3;25.70;23;27
K031;P.S. 031 Samuel F. Dupont;04;CTT;17;1;17.00;17;17
K031;P.S. 031 Samuel F. Dupont;05;GEN ED;56;2;28.00;28;28
K031;P.S. 031 Samuel F. Dupont;0K-09;SPEC ED;29;3;9.70;6;12
K031;P.S. 031 Samuel F. Dupont;;;0;0;.00;0;0
