SCHOOL CODE;SCHOOL NAME;GRADE ;PROGRAM TYPE;NUMBER OF STUDENTS   SEATS FILLED;NUMBER OF SECTIONS;AVERAGE CLASS SIZE;SIZE OF SMALLEST CLASS;SIZE OF LARGEST CLASS
K032;P.S. 032 Samuels Mills Sprole;0K;CTT;43;3;14.30;12;19
K032;P.S. 032 Samuels Mills Sprole;01;CTT;47;3;15.70;13;20
K032;P.S. 032 Samuels Mills Sprole;02;CTT;42;3;14.00;13;15
K032;P.S. 032 Samuels Mills Sprole;03;CTT;32;2;16.00;14;18
K032;P.S. 032 Samuels Mills Sprole;04;CTT;45;3;15.00;14;17
K032;P.S. 032 Samuels Mills Sprole;05;CTT;38;3;12.70;12;14
K032;P.S. 032 Samuels Mills Sprole;0K-09;SPEC ED;18;2;9.00;6;12
K032;P.S. 032 Samuels Mills Sprole;;;0;0;.00;0;0
