SCHOOL CODE;SCHOOL NAME;GRADE ;PROGRAM TYPE;NUMBER OF STUDENTS   SEATS FILLED;NUMBER OF SECTIONS;AVERAGE CLASS SIZE;SIZE OF SMALLEST CLASS;SIZE OF LARGEST CLASS
K034;P.S. 034 Oliver H. Perry;0K;GEN ED;66;3;22.00;21;23
K034;P.S. 034 Oliver H. Perry;0K;CTT;24;1;24.00;24;24
K034;P.S. 034 Oliver H. Perry;01;GEN ED;88;4;22.00;17;24
K034;P.S. 034 Oliver H. Perry;02;GEN ED;87;4;21.80;18;25
K034;P.S. 034 Oliver H. Perry;03;GEN ED;69;3;23.00;21;25
K034;P.S. 034 Oliver H. Perry;04;GEN ED;76;3;25.30;22;28
K034;P.S. 034 Oliver H. Perry;05;GEN ED;47;2;23.50;22;25
K034;P.S. 034 Oliver H. Perry;05;CTT;26;1;26.00;26;26
K034;P.S. 034 Oliver H. Perry;;;0;0;.00;0;0
