SCHOOL CODE;SCHOOL NAME;GRADE ;PROGRAM TYPE;NUMBER OF STUDENTS   SEATS FILLED;NUMBER OF SECTIONS;AVERAGE CLASS SIZE;SIZE OF SMALLEST CLASS;SIZE OF LARGEST CLASS
K035;M.S. 035 Stephen Decatur;06;GEN ED;61;2;30.50;30;31
K035;M.S. 035 Stephen Decatur;07;GEN ED;73;3;24.30;22;27
K035;M.S. 035 Stephen Decatur;08;GEN ED;60;2;30.00;29;31
K035;M.S. 035 Stephen Decatur;0K-09;SPEC ED;18;2;9.00;6;12
K035;M.S. 035 Stephen Decatur;MS Core;GEN ED;31;1;31.00;31;31
K035;M.S. 035 Stephen Decatur;;;0;0;.00;0;0
