SCHOOL CODE;SCHOOL NAME;GRADE ;PROGRAM TYPE;NUMBER OF STUDENTS   SEATS FILLED;NUMBER OF SECTIONS;AVERAGE CLASS SIZE;SIZE OF SMALLEST CLASS;SIZE OF LARGEST CLASS
K038;P.S. 038 The Pacific;0K;GEN ED;47;2;23.50;23;24
K038;P.S. 038 The Pacific;0K;G&T;11;1;11.00;11;11
K038;P.S. 038 The Pacific;01;GEN ED;53;3;17.70;15;19
K038;P.S. 038 The Pacific;01;G&T;13;1;13.00;13;13
K038;P.S. 038 The Pacific;02;GEN ED;46;2;23.00;23;23
K038;P.S. 038 The Pacific;03;GEN ED;40;2;20.00;19;21
K038;P.S. 038 The Pacific;04;GEN ED;40;2;20.00;18;22
K038;P.S. 038 The Pacific;04;G&T;23;1;23.00;23;23
K038;P.S. 038 The Pacific;05;GEN ED;57;2;28.50;28;29
K038;P.S. 038 The Pacific;05;G&T;17;1;17.00;17;17
K038;P.S. 038 The Pacific;0K-09;SPEC ED;46;5;9.20;7;11
K038;P.S. 038 The Pacific;;;0;0;.00;0;0
