SCHOOL CODE;SCHOOL NAME;GRADE ;PROGRAM TYPE;NUMBER OF STUDENTS   SEATS FILLED;NUMBER OF SECTIONS;AVERAGE CLASS SIZE;SIZE OF SMALLEST CLASS;SIZE OF LARGEST CLASS
K039;P.S. 039 Henry Bristow;0K;GEN ED;41;2;20.50;18;23
K039;P.S. 039 Henry Bristow;0K;CTT;21;1;21.00;21;21
K039;P.S. 039 Henry Bristow;01;GEN ED;39;2;19.50;19;20
K039;P.S. 039 Henry Bristow;01;CTT;22;1;22.00;22;22
K039;P.S. 039 Henry Bristow;02;GEN ED;47;2;23.50;23;24
K039;P.S. 039 Henry Bristow;03;GEN ED;55;3;18.30;17;19
K039;P.S. 039 Henry Bristow;04;GEN ED;47;2;23.50;23;24
K039;P.S. 039 Henry Bristow;05;GEN ED;47;2;23.50;23;24
K039;P.S. 039 Henry Bristow;;;0;0;.00;0;0
