SCHOOL CODE;SCHOOL NAME;GRADE ;PROGRAM TYPE;NUMBER OF STUDENTS   SEATS FILLED;NUMBER OF SECTIONS;AVERAGE CLASS SIZE;SIZE OF SMALLEST CLASS;SIZE OF LARGEST CLASS
K040;P.S. 040 George W. Carver;0K;GEN ED;55;3;18.30;18;19
K040;P.S. 040 George W. Carver;01;GEN ED;36;2;18.00;18;18
K040;P.S. 040 George W. Carver;01;G&T;22;1;22.00;22;22
K040;P.S. 040 George W. Carver;02;GEN ED;21;1;21.00;21;21
K040;P.S. 040 George W. Carver;02;CTT;23;1;23.00;23;23
K040;P.S. 040 George W. Carver;03;GEN ED;35;2;17.50;17;18
K040;P.S. 040 George W. Carver;03;G&T;17;1;17.00;17;17
K040;P.S. 040 George W. Carver;04;GEN ED;40;2;20.00;20;20
K040;P.S. 040 George W. Carver;04;G&T;20;1;20.00;20;20
K040;P.S. 040 George W. Carver;05;GEN ED;58;2;29.00;29;29
K040;P.S. 040 George W. Carver;0K-09;SPEC ED;30;3;10.00;9;11
K040;P.S. 040 George W. Carver;;;0;0;.00;0;0
