SCHOOL CODE;SCHOOL NAME;GRADE ;PROGRAM TYPE;NUMBER OF STUDENTS   SEATS FILLED;NUMBER OF SECTIONS;AVERAGE CLASS SIZE;SIZE OF SMALLEST CLASS;SIZE OF LARGEST CLASS
K041;P.S. 041 Francis White;08;CTT;25;1;25.00;25;25
K041;P.S. 041 Francis White;0K;GEN ED;51;2;25.50;25;26
K041;P.S. 041 Francis White;0K;CTT;17;1;17.00;17;17
K041;P.S. 041 Francis White;01;GEN ED;55;3;18.30;17;20
K041;P.S. 041 Francis White;01;CTT;18;1;18.00;18;18
K041;P.S. 041 Francis White;02;GEN ED;50;2;25.00;24;26
K041;P.S. 041 Francis White;02;CTT;25;1;25.00;25;25
K041;P.S. 041 Francis White;03;GEN ED;59;2;29.50;29;30
K041;P.S. 041 Francis White;04;GEN ED;47;2;23.50;22;25
K041;P.S. 041 Francis White;04;G&T;20;1;20.00;20;20
K041;P.S. 041 Francis White;05;GEN ED;36;2;18.00;17;19
K041;P.S. 041 Francis White;05;CTT;18;1;18.00;18;18
K041;P.S. 041 Francis White;05;G&T;15;1;15.00;15;15
K041;P.S. 041 Francis White;06;GEN ED;55;2;27.50;27;28
K041;P.S. 041 Francis White;07;GEN ED;65;2;32.50;32;33
K041;P.S. 041 Francis White;08;GEN ED;57;2;28.50;28;29
K041;P.S. 041 Francis White;0K-09;SPEC ED;23;2;11.50;11;12
K041;P.S. 041 Francis White;0K-09;SPEC ED;35;4;8.80;8;10
K041;P.S. 041 Francis White;MS Core;GEN ED;222;9;24.70;15;33
K041;P.S. 041 Francis White;MS Core;GEN ED;222;9;24.70;15;33
K041;P.S. 041 Francis White;MS Core;GEN ED;389;16;24.30;15;33
K041;P.S. 041 Francis White;MS Core;GEN ED;91;4;22.80;17;28
K041;P.S. 041 Francis White;MS Core;GEN ED;222;9;24.70;15;33
K041;P.S. 041 Francis White;MS Core;CTT;43;2;21.50;18;25
K041;P.S. 041 Francis White;MS Core;CTT;43;2;21.50;18;25
K041;P.S. 041 Francis White;MS Core;CTT;61;3;20.30;18;25
K041;P.S. 041 Francis White;MS Core;CTT;25;1;25.00;25;25
K041;P.S. 041 Francis White;MS Core;CTT;43;2;21.50;18;25
K041;P.S. 041 Francis White;MS Core;SPEC ED;11;1;11.00;11;11
K041;P.S. 041 Francis White;MS Core;SPEC ED;11;1;11.00;11;11
K041;P.S. 041 Francis White;MS Core;SPEC ED;11;1;11.00;11;11
K041;P.S. 041 Francis White;MS Core;SPEC ED;11;1;11.00;11;11
K041;P.S. 041 Francis White;09-12;GEN ED;190;7;27.10;19;33
K041;P.S. 041 Francis White;09-12;CTT;25;1;25.00;25;25
K041;P.S. 041 Francis White;09-12;SPEC ED;11;1;11.00;11;11
K041;P.S. 041 Francis White;;;0;0;.00;0;0
