SCHOOL CODE;SCHOOL NAME;GRADE ;PROGRAM TYPE;NUMBER OF STUDENTS   SEATS FILLED;NUMBER OF SECTIONS;AVERAGE CLASS SIZE;SIZE OF SMALLEST CLASS;SIZE OF LARGEST CLASS
K044;P.S. 044 Marcus Garvey;0K;GEN ED;41;2;20.50;20;21
K044;P.S. 044 Marcus Garvey;01;GEN ED;67;3;22.30;22;23
K044;P.S. 044 Marcus Garvey;02;GEN ED;55;3;18.30;15;20
K044;P.S. 044 Marcus Garvey;03;GEN ED;54;2;27.00;27;27
K044;P.S. 044 Marcus Garvey;04;GEN ED;54;2;27.00;26;28
K044;P.S. 044 Marcus Garvey;05;GEN ED;57;3;19.00;17;21
K044;P.S. 044 Marcus Garvey;0K-09;SPEC ED;24;3;8.00;6;9
K044;P.S. 044 Marcus Garvey;;;0;0;.00;0;0
