SCHOOL CODE;SCHOOL NAME;GRADE ;PROGRAM TYPE;NUMBER OF STUDENTS   SEATS FILLED;NUMBER OF SECTIONS;AVERAGE CLASS SIZE;SIZE OF SMALLEST CLASS;SIZE OF LARGEST CLASS
K045;P.S. 045 Horace E. Greene;0K;GEN ED;89;5;17.80;16;19
K045;P.S. 045 Horace E. Greene;0K;CTT;21;1;21.00;21;21
K045;P.S. 045 Horace E. Greene;01;GEN ED;112;6;18.70;17;20
K045;P.S. 045 Horace E. Greene;02;GEN ED;102;5;20.40;19;21
K045;P.S. 045 Horace E. Greene;03;GEN ED;83;4;20.80;18;23
K045;P.S. 045 Horace E. Greene;03;CTT;23;1;23.00;23;23
K045;P.S. 045 Horace E. Greene;04;GEN ED;116;5;23.20;22;25
K045;P.S. 045 Horace E. Greene;05;GEN ED;97;4;24.30;24;25
K045;P.S. 045 Horace E. Greene;0K-09;SPEC ED;20;2;10.00;10;10
K045;P.S. 045 Horace E. Greene;0K-09;SPEC ED;28;3;9.30;7;11
K045;P.S. 045 Horace E. Greene;;;0;0;.00;0;0
