SCHOOL CODE;SCHOOL NAME;GRADE ;PROGRAM TYPE;NUMBER OF STUDENTS   SEATS FILLED;NUMBER OF SECTIONS;AVERAGE CLASS SIZE;SIZE OF SMALLEST CLASS;SIZE OF LARGEST CLASS
K046;P.S. 046 Edward C. Blum;0K;GEN ED;68;4;17.00;15;19
K046;P.S. 046 Edward C. Blum;01;GEN ED;45;3;15.00;14;16
K046;P.S. 046 Edward C. Blum;02;GEN ED;49;3;16.30;15;19
K046;P.S. 046 Edward C. Blum;03;GEN ED;52;3;17.30;12;21
K046;P.S. 046 Edward C. Blum;04;GEN ED;41;2;20.50;15;26
K046;P.S. 046 Edward C. Blum;05;GEN ED;49;2;24.50;24;25
K046;P.S. 046 Edward C. Blum;0K-09;SPEC ED;6;1;6.00;6;6
K046;P.S. 046 Edward C. Blum;0K-09;SPEC ED;30;4;7.50;4;10
K046;P.S. 046 Edward C. Blum;;;0;0;.00;0;0
