SCHOOL CODE;SCHOOL NAME;GRADE ;PROGRAM TYPE;NUMBER OF STUDENTS   SEATS FILLED;NUMBER OF SECTIONS;AVERAGE CLASS SIZE;SIZE OF SMALLEST CLASS;SIZE OF LARGEST CLASS
K048;P.S. 048 Mapleton;0K;GEN ED;65;3;21.70;20;23
K048;P.S. 048 Mapleton;0K;CTT;23;1;23.00;23;23
K048;P.S. 048 Mapleton;01;GEN ED;101;4;25.30;25;26
K048;P.S. 048 Mapleton;02;GEN ED;98;4;24.50;24;25
K048;P.S. 048 Mapleton;03;GEN ED;71;3;23.70;23;24
K048;P.S. 048 Mapleton;04;GEN ED;100;4;25.00;24;26
K048;P.S. 048 Mapleton;05;GEN ED;114;4;28.50;28;29
K048;P.S. 048 Mapleton;0K-09;SPEC ED;46;4;11.50;11;12
K048;P.S. 048 Mapleton;;;0;0;.00;0;0
