SCHOOL CODE;SCHOOL NAME;GRADE ;PROGRAM TYPE;NUMBER OF STUDENTS   SEATS FILLED;NUMBER OF SECTIONS;AVERAGE CLASS SIZE;SIZE OF SMALLEST CLASS;SIZE OF LARGEST CLASS
K050;J.H.S. 050 John D. Wells;06;GEN ED;88;3;29.30;27;31
K050;J.H.S. 050 John D. Wells;07;GEN ED;115;4;28.80;27;30
K050;J.H.S. 050 John D. Wells;08;GEN ED;141;5;28.20;18;31
K050;J.H.S. 050 John D. Wells;08;CTT;25;1;25.00;25;25
K050;J.H.S. 050 John D. Wells;0K-09;SPEC ED;32;3;10.70;10;12
K050;J.H.S. 050 John D. Wells;0K-09;SPEC ED;34;3;11.30;11;12
K050;J.H.S. 050 John D. Wells;MS Core;GEN ED;368;14;26.30;14;31
K050;J.H.S. 050 John D. Wells;MS Core;GEN ED;368;14;26.30;14;31
K050;J.H.S. 050 John D. Wells;MS Core;GEN ED;123;4;30.80;30;31
K050;J.H.S. 050 John D. Wells;MS Core;GEN ED;367;14;26.20;13;31
K050;J.H.S. 050 John D. Wells;MS Core;GEN ED;368;14;26.30;14;31
K050;J.H.S. 050 John D. Wells;MS Core;CTT;25;1;25.00;25;25
K050;J.H.S. 050 John D. Wells;MS Core;CTT;25;1;25.00;25;25
K050;J.H.S. 050 John D. Wells;MS Core;CTT;25;1;25.00;25;25
K050;J.H.S. 050 John D. Wells;MS Core;CTT;25;1;25.00;25;25
K050;J.H.S. 050 John D. Wells;MS Core;CTT;25;1;25.00;25;25
K050;J.H.S. 050 John D. Wells;MS Core;SPEC ED;66;6;11.00;10;12
K050;J.H.S. 050 John D. Wells;MS Core;SPEC ED;66;6;11.00;10;12
K050;J.H.S. 050 John D. Wells;MS Core;SPEC ED;66;6;11.00;10;12
K050;J.H.S. 050 John D. Wells;MS Core;SPEC ED;66;6;11.00;10;12
K050;J.H.S. 050 John D. Wells;09-12;GEN ED;88;3;29.30;27;31
K050;J.H.S. 050 John D. Wells;09-12;SPEC ED;43;4;10.80;10;11
K050;J.H.S. 050 John D. Wells;;;0;0;.00;0;0
