SCHOOL CODE;SCHOOL NAME;GRADE ;PROGRAM TYPE;NUMBER OF STUDENTS   SEATS FILLED;NUMBER OF SECTIONS;AVERAGE CLASS SIZE;SIZE OF SMALLEST CLASS;SIZE OF LARGEST CLASS
K051;M.S. 51 William Alexander;06;GEN ED;225;7;32.10;31;33
K051;M.S. 51 William Alexander;06;CTT;27;1;27.00;27;27
K051;M.S. 51 William Alexander;06;G&T;62;2;31.00;31;31
K051;M.S. 51 William Alexander;07;GEN ED;294;9;32.70;31;34
K051;M.S. 51 William Alexander;07;CTT;29;1;29.00;29;29
K051;M.S. 51 William Alexander;07;G&T;33;1;33.00;33;33
K051;M.S. 51 William Alexander;08;GEN ED;267;9;29.70;26;33
K051;M.S. 51 William Alexander;08;CTT;28;1;28.00;28;28
K051;M.S. 51 William Alexander;08;G&T;58;2;29.00;29;29
K051;M.S. 51 William Alexander;0K-09;SPEC ED;17;2;8.50;8;9
K051;M.S. 51 William Alexander;0K-09;SPEC ED;37;4;9.30;9;10
K051;M.S. 51 William Alexander;MS Core;GEN ED;936;30;31.20;26;34
K051;M.S. 51 William Alexander;MS Core;GEN ED;753;27;27.90;12;34
K051;M.S. 51 William Alexander;MS Core;GEN ED;63;3;21.00;10;28
K051;M.S. 51 William Alexander;MS Core;GEN ED;834;29;28.80;11;34
K051;M.S. 51 William Alexander;MS Core;GEN ED;100;6;16.70;13;22
K051;M.S. 51 William Alexander;MS Core;GEN ED;924;30;30.80;18;34
K051;M.S. 51 William Alexander;MS Core;CTT;84;3;28.00;27;29
K051;M.S. 51 William Alexander;MS Core;CTT;76;3;25.30;21;28
K051;M.S. 51 William Alexander;MS Core;CTT;82;3;27.30;26;29
K051;M.S. 51 William Alexander;MS Core;CTT;96;3;32.00;27;40
K051;M.S. 51 William Alexander;MS Core;SPEC ED;52;6;8.70;8;10
K051;M.S. 51 William Alexander;MS Core;SPEC ED;35;4;8.80;8;10
K051;M.S. 51 William Alexander;MS Core;SPEC ED;52;6;8.70;8;10
K051;M.S. 51 William Alexander;MS Core;SPEC ED;52;6;8.70;8;10
K051;M.S. 51 William Alexander;;;0;0;.00;0;0
