SCHOOL CODE;SCHOOL NAME;GRADE ;PROGRAM TYPE;NUMBER OF STUDENTS   SEATS FILLED;NUMBER OF SECTIONS;AVERAGE CLASS SIZE;SIZE OF SMALLEST CLASS;SIZE OF LARGEST CLASS
K052;P.S. 052 Sheepshead Bay;0K;GEN ED;71;3;23.70;23;24
K052;P.S. 052 Sheepshead Bay;0K;CTT;24;1;24.00;24;24
K052;P.S. 052 Sheepshead Bay;0K;G&T;19;1;19.00;19;19
K052;P.S. 052 Sheepshead Bay;01;GEN ED;57;3;19.00;19;19
K052;P.S. 052 Sheepshead Bay;01;CTT;23;1;23.00;23;23
K052;P.S. 052 Sheepshead Bay;01;G&T;21;1;21.00;21;21
K052;P.S. 052 Sheepshead Bay;02;GEN ED;68;3;22.70;22;24
K052;P.S. 052 Sheepshead Bay;02;CTT;45;2;22.50;22;23
K052;P.S. 052 Sheepshead Bay;02;G&T;17;1;17.00;17;17
K052;P.S. 052 Sheepshead Bay;03;GEN ED;51;2;25.50;25;26
K052;P.S. 052 Sheepshead Bay;03;CTT;50;2;25.00;25;25
K052;P.S. 052 Sheepshead Bay;03;G&T;24;1;24.00;24;24
K052;P.S. 052 Sheepshead Bay;04;GEN ED;59;2;29.50;29;30
K052;P.S. 052 Sheepshead Bay;04;CTT;32;1;32.00;32;32
K052;P.S. 052 Sheepshead Bay;04;G&T;32;1;32.00;32;32
K052;P.S. 052 Sheepshead Bay;05;GEN ED;49;2;24.50;24;25
K052;P.S. 052 Sheepshead Bay;05;CTT;25;1;25.00;25;25
K052;P.S. 052 Sheepshead Bay;05;G&T;27;1;27.00;27;27
K052;P.S. 052 Sheepshead Bay;0K-09;SPEC ED;36;3;12.00;12;12
K052;P.S. 052 Sheepshead Bay;;;0;0;.00;0;0
