SCHOOL CODE;SCHOOL NAME;GRADE ;PROGRAM TYPE;NUMBER OF STUDENTS   SEATS FILLED;NUMBER OF SECTIONS;AVERAGE CLASS SIZE;SIZE OF SMALLEST CLASS;SIZE OF LARGEST CLASS
K054;P.S. 054 Samuel C. Barnes;0K;GEN ED;24;1;24.00;24;24
K054;P.S. 054 Samuel C. Barnes;0K;CTT;26;1;26.00;26;26
K054;P.S. 054 Samuel C. Barnes;01;GEN ED;22;1;22.00;22;22
K054;P.S. 054 Samuel C. Barnes;01;CTT;23;1;23.00;23;23
K054;P.S. 054 Samuel C. Barnes;02;GEN ED;18;1;18.00;18;18
K054;P.S. 054 Samuel C. Barnes;02;CTT;22;1;22.00;22;22
K054;P.S. 054 Samuel C. Barnes;03;GEN ED;19;1;19.00;19;19
K054;P.S. 054 Samuel C. Barnes;03;CTT;22;1;22.00;22;22
K054;P.S. 054 Samuel C. Barnes;04;GEN ED;34;2;17.00;16;18
K054;P.S. 054 Samuel C. Barnes;05;GEN ED;17;1;17.00;17;17
K054;P.S. 054 Samuel C. Barnes;05;CTT;18;1;18.00;18;18
K054;P.S. 054 Samuel C. Barnes;0K-09;SPEC ED;14;2;7.00;5;9
K054;P.S. 054 Samuel C. Barnes;;;0;0;.00;0;0
