SCHOOL CODE;SCHOOL NAME;GRADE ;PROGRAM TYPE;NUMBER OF STUDENTS   SEATS FILLED;NUMBER OF SECTIONS;AVERAGE CLASS SIZE;SIZE OF SMALLEST CLASS;SIZE OF LARGEST CLASS
K056;P.S. 056 Lewis H. Latimer;0K;GEN ED;19;1;19.00;19;19
K056;P.S. 056 Lewis H. Latimer;0K;CTT;16;1;16.00;16;16
K056;P.S. 056 Lewis H. Latimer;01;GEN ED;41;2;20.50;19;22
K056;P.S. 056 Lewis H. Latimer;02;GEN ED;37;2;18.50;17;20
K056;P.S. 056 Lewis H. Latimer;03;GEN ED;31;2;15.50;12;19
K056;P.S. 056 Lewis H. Latimer;04;GEN ED;46;2;23.00;21;25
K056;P.S. 056 Lewis H. Latimer;05;GEN ED;32;2;16.00;14;18
K056;P.S. 056 Lewis H. Latimer;05;CTT;15;1;15.00;15;15
K056;P.S. 056 Lewis H. Latimer;0K-09;SPEC ED;30;4;7.50;6;10
K056;P.S. 056 Lewis H. Latimer;;;0;0;.00;0;0
