SCHOOL CODE;SCHOOL NAME;GRADE ;PROGRAM TYPE;NUMBER OF STUDENTS   SEATS FILLED;NUMBER OF SECTIONS;AVERAGE CLASS SIZE;SIZE OF SMALLEST CLASS;SIZE OF LARGEST CLASS
K057;J.H.S. 057 Whitelaw Reid;06;GEN ED;65;3;21.70;20;24
K057;J.H.S. 057 Whitelaw Reid;07;GEN ED;73;3;24.30;24;25
K057;J.H.S. 057 Whitelaw Reid;08;GEN ED;74;3;24.70;22;27
K057;J.H.S. 057 Whitelaw Reid;0K-09;SPEC ED;9;1;9.00;9;9
K057;J.H.S. 057 Whitelaw Reid;0K-09;SPEC ED;18;2;9.00;8;10
K057;J.H.S. 057 Whitelaw Reid;MS Core;GEN ED;201;9;22.30;19;25
K057;J.H.S. 057 Whitelaw Reid;MS Core;GEN ED;201;9;22.30;19;25
K057;J.H.S. 057 Whitelaw Reid;MS Core;GEN ED;201;9;22.30;19;25
K057;J.H.S. 057 Whitelaw Reid;MS Core;SPEC ED;11;1;11.00;11;11
K057;J.H.S. 057 Whitelaw Reid;MS Core;SPEC ED;11;1;11.00;11;11
K057;J.H.S. 057 Whitelaw Reid;MS Core;SPEC ED;11;1;11.00;11;11
K057;J.H.S. 057 Whitelaw Reid;09-12;GEN ED;136;10;13.60;12;15
K057;J.H.S. 057 Whitelaw Reid;09-12;GEN ED;23;1;23.00;23;23
K057;J.H.S. 057 Whitelaw Reid;09-12;CTT;12;1;12.00;12;12
K057;J.H.S. 057 Whitelaw Reid;;;0;0;.00;0;0
