SCHOOL CODE;SCHOOL NAME;GRADE ;PROGRAM TYPE;NUMBER OF STUDENTS   SEATS FILLED;NUMBER OF SECTIONS;AVERAGE CLASS SIZE;SIZE OF SMALLEST CLASS;SIZE OF LARGEST CLASS
K058;P.S. 058 The Carroll;0K;GEN ED;123;5;24.60;22;26
K058;P.S. 058 The Carroll;0K;CTT;23;1;23.00;23;23
K058;P.S. 058 The Carroll;01;GEN ED;117;5;23.40;23;24
K058;P.S. 058 The Carroll;01;CTT;25;1;25.00;25;25
K058;P.S. 058 The Carroll;02;GEN ED;102;4;25.50;24;27
K058;P.S. 058 The Carroll;02;CTT;26;1;26.00;26;26
K058;P.S. 058 The Carroll;03;GEN ED;88;4;22.00;21;23
K058;P.S. 058 The Carroll;03;CTT;21;1;21.00;21;21
K058;P.S. 058 The Carroll;04;GEN ED;71;3;23.70;23;24
K058;P.S. 058 The Carroll;04;CTT;24;1;24.00;24;24
K058;P.S. 058 The Carroll;05;GEN ED;43;2;21.50;21;22
K058;P.S. 058 The Carroll;05;CTT;22;1;22.00;22;22
K058;P.S. 058 The Carroll;0K-09;SPEC ED;34;3;11.30;11;12
K058;P.S. 058 The Carroll;;;0;0;.00;0;0
