SCHOOL CODE;SCHOOL NAME;GRADE ;PROGRAM TYPE;NUMBER OF STUDENTS   SEATS FILLED;NUMBER OF SECTIONS;AVERAGE CLASS SIZE;SIZE OF SMALLEST CLASS;SIZE OF LARGEST CLASS
K059;P.S. 059 William Floyd;0K;GEN ED;54;3;18.00;17;20
K059;P.S. 059 William Floyd;01;GEN ED;74;3;24.70;24;25
K059;P.S. 059 William Floyd;02;GEN ED;46;2;23.00;22;24
K059;P.S. 059 William Floyd;02;CTT;22;1;22.00;22;22
K059;P.S. 059 William Floyd;03;GEN ED;70;3;23.30;23;24
K059;P.S. 059 William Floyd;04;GEN ED;52;3;17.30;17;18
K059;P.S. 059 William Floyd;05;GEN ED;54;3;18.00;18;18
K059;P.S. 059 William Floyd;0K-09;SPEC ED;33;3;11.00;10;12
K059;P.S. 059 William Floyd;;;0;0;.00;0;0
