SCHOOL CODE;SCHOOL NAME;GRADE ;PROGRAM TYPE;NUMBER OF STUDENTS   SEATS FILLED;NUMBER OF SECTIONS;AVERAGE CLASS SIZE;SIZE OF SMALLEST CLASS;SIZE OF LARGEST CLASS
K061;M.S. 061 Dr. Gladstone H. Atwell;06;GEN ED;350;13;26.90;24;28
K061;M.S. 061 Dr. Gladstone H. Atwell;06;CTT;23;1;23.00;23;23
K061;M.S. 061 Dr. Gladstone H. Atwell;07;GEN ED;323;12;26.90;21;29
K061;M.S. 061 Dr. Gladstone H. Atwell;07;CTT;25;1;25.00;25;25
K061;M.S. 061 Dr. Gladstone H. Atwell;08;GEN ED;322;11;29.30;26;31
K061;M.S. 061 Dr. Gladstone H. Atwell;08;CTT;21;1;21.00;21;21
K061;M.S. 061 Dr. Gladstone H. Atwell;0K-09;SPEC ED;31;4;7.80;3;12
K061;M.S. 061 Dr. Gladstone H. Atwell;0K-09;SPEC ED;40;4;10.00;9;11
K061;M.S. 061 Dr. Gladstone H. Atwell;MS Core;GEN ED;2125;78;27.20;18;31
K061;M.S. 061 Dr. Gladstone H. Atwell;MS Core;GEN ED;343;13;26.40;18;29
K061;M.S. 061 Dr. Gladstone H. Atwell;MS Core;GEN ED;89;3;29.70;29;30
K061;M.S. 061 Dr. Gladstone H. Atwell;MS Core;GEN ED;30;1;30.00;30;30
K061;M.S. 061 Dr. Gladstone H. Atwell;MS Core;GEN ED;762;28;27.20;18;31
K061;M.S. 061 Dr. Gladstone H. Atwell;MS Core;GEN ED;330;12;27.50;24;29
K061;M.S. 061 Dr. Gladstone H. Atwell;MS Core;GEN ED;85;3;28.30;26;30
K061;M.S. 061 Dr. Gladstone H. Atwell;MS Core;GEN ED;896;33;27.20;18;30
K061;M.S. 061 Dr. Gladstone H. Atwell;MS Core;GEN ED;264;9;29.30;28;31
K061;M.S. 061 Dr. Gladstone H. Atwell;MS Core;CTT;68;3;22.70;21;24
K061;M.S. 061 Dr. Gladstone H. Atwell;MS Core;CTT;21;1;21.00;21;21
K061;M.S. 061 Dr. Gladstone H. Atwell;MS Core;CTT;91;4;22.80;21;24
K061;M.S. 061 Dr. Gladstone H. Atwell;MS Core;CTT;23;1;23.00;23;23
K061;M.S. 061 Dr. Gladstone H. Atwell;MS Core;CTT;68;3;22.70;21;24
K061;M.S. 061 Dr. Gladstone H. Atwell;MS Core;SPEC ED;74;7;10.60;10;11
K061;M.S. 061 Dr. Gladstone H. Atwell;MS Core;SPEC ED;85;8;10.60;10;11
K061;M.S. 061 Dr. Gladstone H. Atwell;MS Core;SPEC ED;64;6;10.70;10;11
K061;M.S. 061 Dr. Gladstone H. Atwell;09-12;GEN ED;162;6;27.00;27;27
K061;M.S. 061 Dr. Gladstone H. Atwell;09-12;GEN ED;300;10;30.00;29;31
K061;M.S. 061 Dr. Gladstone H. Atwell;;;0;0;.00;0;0
