SCHOOL CODE;SCHOOL NAME;GRADE ;PROGRAM TYPE;NUMBER OF STUDENTS   SEATS FILLED;NUMBER OF SECTIONS;AVERAGE CLASS SIZE;SIZE OF SMALLEST CLASS;SIZE OF LARGEST CLASS
K062;J.H.S. 062 Ditmas;06;GEN ED;284;11;25.80;5;30
K062;J.H.S. 062 Ditmas;06;CTT;82;3;27.30;26;29
K062;J.H.S. 062 Ditmas;07;GEN ED;339;12;28.30;19;34
K062;J.H.S. 062 Ditmas;07;CTT;87;3;29.00;28;30
K062;J.H.S. 062 Ditmas;08;GEN ED;297;11;27.00;19;30
K062;J.H.S. 062 Ditmas;08;CTT;81;3;27.00;26;29
K062;J.H.S. 062 Ditmas;0K-09;SPEC ED;30;3;10.00;7;12
K062;J.H.S. 062 Ditmas;0K-09;SPEC ED;38;4;9.50;6;12
K062;J.H.S. 062 Ditmas;MS Core;GEN ED;826;29;28.50;18;34
K062;J.H.S. 062 Ditmas;MS Core;GEN ED;922;33;27.90;18;34
K062;J.H.S. 062 Ditmas;MS Core;GEN ED;922;33;27.90;18;34
K062;J.H.S. 062 Ditmas;MS Core;GEN ED;922;33;27.90;18;34
K062;J.H.S. 062 Ditmas;MS Core;GEN ED;286;10;28.60;26;30
K062;J.H.S. 062 Ditmas;MS Core;CTT;250;9;27.80;25;30
K062;J.H.S. 062 Ditmas;MS Core;CTT;250;9;27.80;25;30
K062;J.H.S. 062 Ditmas;MS Core;CTT;250;9;27.80;25;30
K062;J.H.S. 062 Ditmas;MS Core;CTT;250;9;27.80;25;30
K062;J.H.S. 062 Ditmas;MS Core;CTT;80;3;26.70;25;29
K062;J.H.S. 062 Ditmas;MS Core;SPEC ED;45;4;11.30;11;12
K062;J.H.S. 062 Ditmas;MS Core;SPEC ED;45;4;11.30;11;12
K062;J.H.S. 062 Ditmas;MS Core;SPEC ED;45;4;11.30;11;12
K062;J.H.S. 062 Ditmas;MS Core;SPEC ED;34;3;11.30;11;12
K062;J.H.S. 062 Ditmas;MS Core;SPEC ED;33;3;11.00;11;11
K062;J.H.S. 062 Ditmas;09-12;GEN ED;26;1;26.00;26;26
K062;J.H.S. 062 Ditmas;09-12;GEN ED;372;14;26.60;18;32
K062;J.H.S. 062 Ditmas;09-12;CTT;111;4;27.80;26;30
K062;J.H.S. 062 Ditmas;;;0;0;.00;0;0
