SCHOOL CODE;SCHOOL NAME;GRADE ;PROGRAM TYPE;NUMBER OF STUDENTS   SEATS FILLED;NUMBER OF SECTIONS;AVERAGE CLASS SIZE;SIZE OF SMALLEST CLASS;SIZE OF LARGEST CLASS
K065;P.S. 065;0K;GEN ED;113;4;28.30;27;30
K065;P.S. 065;0K;CTT;27;1;27.00;27;27
K065;P.S. 065;01;GEN ED;76;3;25.30;23;27
K065;P.S. 065;01;CTT;24;1;24.00;24;24
K065;P.S. 065;02;GEN ED;89;4;22.30;21;24
K065;P.S. 065;02;CTT;22;1;22.00;22;22
K065;P.S. 065;03;GEN ED;96;4;24.00;21;26
K065;P.S. 065;04;GEN ED;98;4;24.50;24;26
K065;P.S. 065;04;CTT;25;1;25.00;25;25
K065;P.S. 065;05;GEN ED;109;5;21.80;20;23
K065;P.S. 065;;;0;0;.00;0;0
