SCHOOL CODE;SCHOOL NAME;GRADE ;PROGRAM TYPE;NUMBER OF STUDENTS   SEATS FILLED;NUMBER OF SECTIONS;AVERAGE CLASS SIZE;SIZE OF SMALLEST CLASS;SIZE OF LARGEST CLASS
K066;P.S. 66;0K;GEN ED;70;3;23.30;23;24
K066;P.S. 66;01;GEN ED;74;3;24.70;23;26
K066;P.S. 66;02;GEN ED;74;3;24.70;24;25
K066;P.S. 66;03;GEN ED;77;3;25.70;25;26
K066;P.S. 66;04;GEN ED;79;3;26.30;26;27
K066;P.S. 66;05;GEN ED;48;2;24.00;24;24
K066;P.S. 66;06;GEN ED;105;4;26.30;26;27
K066;P.S. 66;07;GEN ED;99;4;24.80;24;25
K066;P.S. 66;08;GEN ED;69;3;23.00;22;24
K066;P.S. 66;0K-09;SPEC ED;21;2;10.50;9;12
K066;P.S. 66;MS Core;GEN ED;325;13;25.00;23;27
K066;P.S. 66;MS Core;GEN ED;274;11;24.90;23;27
K066;P.S. 66;MS Core;GEN ED;274;11;24.90;23;27
K066;P.S. 66;MS Core;GEN ED;274;11;24.90;23;27
K066;P.S. 66;;;0;0;.00;0;0
