SCHOOL CODE;SCHOOL NAME;GRADE ;PROGRAM TYPE;NUMBER OF STUDENTS   SEATS FILLED;NUMBER OF SECTIONS;AVERAGE CLASS SIZE;SIZE OF SMALLEST CLASS;SIZE OF LARGEST CLASS
K067;P.S. 067 Charles A. Dorsey;0K;GEN ED;25;1;25.00;25;25
K067;P.S. 067 Charles A. Dorsey;01;GEN ED;41;2;20.50;19;22
K067;P.S. 067 Charles A. Dorsey;02;GEN ED;38;2;19.00;18;20
K067;P.S. 067 Charles A. Dorsey;03;GEN ED;41;2;20.50;19;22
K067;P.S. 067 Charles A. Dorsey;04;GEN ED;31;2;15.50;15;16
K067;P.S. 067 Charles A. Dorsey;05;GEN ED;45;2;22.50;22;23
K067;P.S. 067 Charles A. Dorsey;0K-09;SPEC ED;10;1;10.00;10;10
K067;P.S. 067 Charles A. Dorsey;0K-09;SPEC ED;11;1;11.00;11;11
K067;P.S. 067 Charles A. Dorsey;;;0;0;.00;0;0
