SCHOOL CODE;SCHOOL NAME;GRADE ;PROGRAM TYPE;NUMBER OF STUDENTS   SEATS FILLED;NUMBER OF SECTIONS;AVERAGE CLASS SIZE;SIZE OF SMALLEST CLASS;SIZE OF LARGEST CLASS
K068;I.S. 068 Isaac Bildersee;06;GEN ED;220;8;27.50;20;30
K068;I.S. 068 Isaac Bildersee;06;CTT;24;1;24.00;24;24
K068;I.S. 068 Isaac Bildersee;07;GEN ED;237;9;26.30;20;30
K068;I.S. 068 Isaac Bildersee;07;CTT;25;1;25.00;25;25
K068;I.S. 068 Isaac Bildersee;08;GEN ED;251;9;27.90;25;30
K068;I.S. 068 Isaac Bildersee;08;CTT;25;1;25.00;25;25
K068;I.S. 068 Isaac Bildersee;0K-09;SPEC ED;32;4;8.00;2;12
K068;I.S. 068 Isaac Bildersee;0K-09;SPEC ED;40;5;8.00;6;12
K068;I.S. 068 Isaac Bildersee;MS Core;GEN ED;756;28;27.00;19;31
K068;I.S. 068 Isaac Bildersee;MS Core;GEN ED;651;24;27.10;19;31
K068;I.S. 068 Isaac Bildersee;MS Core;GEN ED;59;2;29.50;29;30
K068;I.S. 068 Isaac Bildersee;MS Core;GEN ED;533;20;26.70;20;31
K068;I.S. 068 Isaac Bildersee;MS Core;GEN ED;222;8;27.80;19;30
K068;I.S. 068 Isaac Bildersee;MS Core;GEN ED;756;28;27.00;19;31
K068;I.S. 068 Isaac Bildersee;MS Core;CTT;75;3;25.00;25;25
K068;I.S. 068 Isaac Bildersee;MS Core;CTT;75;3;25.00;25;25
K068;I.S. 068 Isaac Bildersee;MS Core;CTT;50;2;25.00;25;25
K068;I.S. 068 Isaac Bildersee;MS Core;CTT;25;1;25.00;25;25
K068;I.S. 068 Isaac Bildersee;MS Core;CTT;75;3;25.00;25;25
K068;I.S. 068 Isaac Bildersee;MS Core;SPEC ED;35;3;11.70;11;12
K068;I.S. 068 Isaac Bildersee;MS Core;SPEC ED;35;3;11.70;11;12
K068;I.S. 068 Isaac Bildersee;MS Core;SPEC ED;35;3;11.70;11;12
K068;I.S. 068 Isaac Bildersee;MS Core;SPEC ED;35;3;11.70;11;12
K068;I.S. 068 Isaac Bildersee;09-12;GEN ED;301;11;27.40;19;30
K068;I.S. 068 Isaac Bildersee;09-12;CTT;25;1;25.00;25;25
K068;I.S. 068 Isaac Bildersee;09-12;SPEC ED;12;1;12.00;12;12
K068;I.S. 068 Isaac Bildersee;;;0;0;.00;0;0
