SCHOOL CODE;SCHOOL NAME;GRADE ;PROGRAM TYPE;NUMBER OF STUDENTS   SEATS FILLED;NUMBER OF SECTIONS;AVERAGE CLASS SIZE;SIZE OF SMALLEST CLASS;SIZE OF LARGEST CLASS
K069;P.S. 69 Vincent D. Grippo School;0K;GEN ED;106;4;26.50;24;28
K069;P.S. 69 Vincent D. Grippo School;01;GEN ED;126;4;31.50;31;32
K069;P.S. 69 Vincent D. Grippo School;02;GEN ED;153;5;30.60;25;32
K069;P.S. 69 Vincent D. Grippo School;03;GEN ED;122;4;30.50;26;32
K069;P.S. 69 Vincent D. Grippo School;04;GEN ED;163;6;27.20;22;29
K069;P.S. 69 Vincent D. Grippo School;05;GEN ED;156;5;31.20;30;32
K069;P.S. 69 Vincent D. Grippo School;05;CTT;24;1;24.00;24;24
K069;P.S. 69 Vincent D. Grippo School;0K-09;SPEC ED;35;3;11.70;11;12
K069;P.S. 69 Vincent D. Grippo School;;;0;0;.00;0;0
