SCHOOL CODE;SCHOOL NAME;GRADE ;PROGRAM TYPE;NUMBER OF STUDENTS   SEATS FILLED;NUMBER OF SECTIONS;AVERAGE CLASS SIZE;SIZE OF SMALLEST CLASS;SIZE OF LARGEST CLASS
K071;Juan Morel Campos Secondary School;06;GEN ED;116;4;29.00;26;32
K071;Juan Morel Campos Secondary School;07;GEN ED;125;5;25.00;21;28
K071;Juan Morel Campos Secondary School;08;GEN ED;120;5;24.00;21;28
K071;Juan Morel Campos Secondary School;0K-09;SPEC ED;10;1;10.00;10;10
K071;Juan Morel Campos Secondary School;0K-09;SPEC ED;62;8;7.80;2;11
K071;Juan Morel Campos Secondary School;MS Core;GEN ED;323;14;23.10;13;32
K071;Juan Morel Campos Secondary School;MS Core;GEN ED;363;14;25.90;21;32
K071;Juan Morel Campos Secondary School;MS Core;GEN ED;363;14;25.90;21;32
K071;Juan Morel Campos Secondary School;MS Core;GEN ED;363;14;25.90;21;32
K071;Juan Morel Campos Secondary School;MS Core;SPEC ED;74;8;9.30;7;13
K071;Juan Morel Campos Secondary School;MS Core;SPEC ED;56;6;9.30;5;13
K071;Juan Morel Campos Secondary School;MS Core;SPEC ED;56;6;9.30;5;13
K071;Juan Morel Campos Secondary School;MS Core;SPEC ED;56;6;9.30;5;13
K071;Juan Morel Campos Secondary School;09-12;GEN ED;99;3;33.00;32;34
K071;Juan Morel Campos Secondary School;09-12;GEN ED;66;2;33.00;32;34
K071;Juan Morel Campos Secondary School;09-12;GEN ED;85;3;28.30;26;30
K071;Juan Morel Campos Secondary School;09-12;GEN ED;63;2;31.50;30;33
K071;Juan Morel Campos Secondary School;09-12;GEN ED;130;6;21.70;17;28
K071;Juan Morel Campos Secondary School;09-12;GEN ED;94;3;31.30;29;33
K071;Juan Morel Campos Secondary School;09-12;GEN ED;114;4;28.50;18;34
K071;Juan Morel Campos Secondary School;09-12;GEN ED;66;2;33.00;32;34
K071;Juan Morel Campos Secondary School;09-12;GEN ED;119;4;29.80;25;33
K071;Juan Morel Campos Secondary School;09-12;GEN ED;135;4;33.80;32;35
K071;Juan Morel Campos Secondary School;09-12;GEN ED;250;8;31.30;24;34
K071;Juan Morel Campos Secondary School;09-12;GEN ED;50;2;25.00;25;25
K071;Juan Morel Campos Secondary School;09-12;GEN ED;189;6;31.50;23;34
K071;Juan Morel Campos Secondary School;09-12;GEN ED;145;5;29.00;26;31
K071;Juan Morel Campos Secondary School;09-12;CTT;32;1;32.00;32;32
K071;Juan Morel Campos Secondary School;09-12;CTT;43;2;21.50;19;24
K071;Juan Morel Campos Secondary School;09-12;CTT;27;1;27.00;27;27
K071;Juan Morel Campos Secondary School;09-12;CTT;32;1;32.00;32;32
K071;Juan Morel Campos Secondary School;09-12;CTT;64;2;32.00;32;32
K071;Juan Morel Campos Secondary School;09-12;CTT;28;1;28.00;28;28
K071;Juan Morel Campos Secondary School;09-12;CTT;32;1;32.00;32;32
K071;Juan Morel Campos Secondary School;09-12;CTT;52;2;26.00;23;29
K071;Juan Morel Campos Secondary School;09-12;SPEC ED;10;1;10.00;10;10
K071;Juan Morel Campos Secondary School;09-12;SPEC ED;11;1;11.00;11;11
K071;Juan Morel Campos Secondary School;09-12;SPEC ED;45;4;11.30;10;13
K071;Juan Morel Campos Secondary School;09-12;SPEC ED;10;1;10.00;10;10
K071;Juan Morel Campos Secondary School;09-12;SPEC ED;10;1;10.00;10;10
K071;Juan Morel Campos Secondary School;09-12;SPEC ED;35;3;11.70;10;15
K071;Juan Morel Campos Secondary School;09-12;SPEC ED;10;1;10.00;10;10
K071;Juan Morel Campos Secondary School;09-12;SPEC ED;11;1;11.00;11;11
K071;Juan Morel Campos Secondary School;;;0;0;.00;0;0
