SCHOOL CODE;SCHOOL NAME;GRADE ;PROGRAM TYPE;NUMBER OF STUDENTS   SEATS FILLED;NUMBER OF SECTIONS;AVERAGE CLASS SIZE;SIZE OF SMALLEST CLASS;SIZE OF LARGEST CLASS
K072;P.S./I.S. 072 Annette P Goldman;05;GEN ED;64;3;21.30;20;23
K072;P.S./I.S. 072 Annette P Goldman;05;CTT;23;1;23.00;23;23
K072;P.S./I.S. 072 Annette P Goldman;08;GEN ED;22;1;22.00;22;22
K072;P.S./I.S. 072 Annette P Goldman;08;CTT;28;1;28.00;28;28
K072;P.S./I.S. 072 Annette P Goldman;0K-09;SPEC ED;9;1;9.00;9;9
K072;P.S./I.S. 072 Annette P Goldman;MS Core;GEN ED;23;1;23.00;23;23
K072;P.S./I.S. 072 Annette P Goldman;MS Core;GEN ED;23;1;23.00;23;23
K072;P.S./I.S. 072 Annette P Goldman;MS Core;GEN ED;23;1;23.00;23;23
K072;P.S./I.S. 072 Annette P Goldman;MS Core;GEN ED;23;1;23.00;23;23
K072;P.S./I.S. 072 Annette P Goldman;MS Core;CTT;28;1;28.00;28;28
K072;P.S./I.S. 072 Annette P Goldman;MS Core;CTT;28;1;28.00;28;28
K072;P.S./I.S. 072 Annette P Goldman;MS Core;CTT;28;1;28.00;28;28
K072;P.S./I.S. 072 Annette P Goldman;MS Core;CTT;28;1;28.00;28;28
K072;P.S./I.S. 072 Annette P Goldman;MS Core;SPEC ED;10;1;10.00;10;10
K072;P.S./I.S. 072 Annette P Goldman;MS Core;SPEC ED;10;1;10.00;10;10
K072;P.S./I.S. 072 Annette P Goldman;MS Core;SPEC ED;10;1;10.00;10;10
K072;P.S./I.S. 072 Annette P Goldman;MS Core;SPEC ED;10;1;10.00;10;10
K072;P.S./I.S. 072 Annette P Goldman;;;0;0;.00;0;0
