SCHOOL CODE;SCHOOL NAME;GRADE ;PROGRAM TYPE;NUMBER OF STUDENTS   SEATS FILLED;NUMBER OF SECTIONS;AVERAGE CLASS SIZE;SIZE OF SMALLEST CLASS;SIZE OF LARGEST CLASS
K073;P.S. 073 Thomas S. Boyland;0K;GEN ED;23;1;23.00;23;23
K073;P.S. 073 Thomas S. Boyland;0K;CTT;22;1;22.00;22;22
K073;P.S. 073 Thomas S. Boyland;01;GEN ED;52;2;26.00;25;27
K073;P.S. 073 Thomas S. Boyland;02;GEN ED;57;3;19.00;18;20
K073;P.S. 073 Thomas S. Boyland;03;GEN ED;54;3;18.00;17;20
K073;P.S. 073 Thomas S. Boyland;04;GEN ED;46;2;23.00;22;24
K073;P.S. 073 Thomas S. Boyland;05;GEN ED;46;2;23.00;20;26
K073;P.S. 073 Thomas S. Boyland;06;GEN ED;29;1;29.00;29;29
K073;P.S. 073 Thomas S. Boyland;07;GEN ED;26;1;26.00;26;26
K073;P.S. 073 Thomas S. Boyland;07;CTT;26;1;26.00;26;26
K073;P.S. 073 Thomas S. Boyland;08;GEN ED;50;2;25.00;23;27
K073;P.S. 073 Thomas S. Boyland;0K-09;SPEC ED;7;1;7.00;7;7
K073;P.S. 073 Thomas S. Boyland;0K-09;SPEC ED;45;4;11.30;10;12
K073;P.S. 073 Thomas S. Boyland;;;0;0;.00;0;0
