SCHOOL CODE;SCHOOL NAME;GRADE ;PROGRAM TYPE;NUMBER OF STUDENTS   SEATS FILLED;NUMBER OF SECTIONS;AVERAGE CLASS SIZE;SIZE OF SMALLEST CLASS;SIZE OF LARGEST CLASS
K075;P.S. 075 Mayda Cortiella;0K;GEN ED;86;4;21.50;21;22
K075;P.S. 075 Mayda Cortiella;0K;CTT;21;1;21.00;21;21
K075;P.S. 075 Mayda Cortiella;01;GEN ED;85;4;21.30;20;24
K075;P.S. 075 Mayda Cortiella;01;CTT;21;1;21.00;21;21
K075;P.S. 075 Mayda Cortiella;02;GEN ED;86;4;21.50;20;24
K075;P.S. 075 Mayda Cortiella;02;CTT;25;1;25.00;25;25
K075;P.S. 075 Mayda Cortiella;03;GEN ED;66;3;22.00;21;23
K075;P.S. 075 Mayda Cortiella;03;CTT;18;1;18.00;18;18
K075;P.S. 075 Mayda Cortiella;04;GEN ED;68;3;22.70;22;23
K075;P.S. 075 Mayda Cortiella;04;CTT;24;1;24.00;24;24
K075;P.S. 075 Mayda Cortiella;05;GEN ED;72;3;24.00;23;25
K075;P.S. 075 Mayda Cortiella;0K-09;SPEC ED;9;1;9.00;9;9
K075;P.S. 075 Mayda Cortiella;0K-09;SPEC ED;21;2;10.50;10;11
K075;P.S. 075 Mayda Cortiella;;;0;0;.00;0;0
