SCHOOL CODE;SCHOOL NAME;GRADE ;PROGRAM TYPE;NUMBER OF STUDENTS   SEATS FILLED;NUMBER OF SECTIONS;AVERAGE CLASS SIZE;SIZE OF SMALLEST CLASS;SIZE OF LARGEST CLASS
K078;J.H.S. 078 Roy H. Mann;06;GEN ED;263;9;29.20;27;30
K078;J.H.S. 078 Roy H. Mann;06;CTT;80;3;26.70;24;30
K078;J.H.S. 078 Roy H. Mann;07;GEN ED;253;9;28.10;25;30
K078;J.H.S. 078 Roy H. Mann;07;CTT;75;3;25.00;22;27
K078;J.H.S. 078 Roy H. Mann;08;GEN ED;318;11;28.90;21;30
K078;J.H.S. 078 Roy H. Mann;08;CTT;56;2;28.00;27;29
K078;J.H.S. 078 Roy H. Mann;0K-09;SPEC ED;31;3;10.30;8;12
K078;J.H.S. 078 Roy H. Mann;0K-09;SPEC ED;44;4;11.00;9;12
K078;J.H.S. 078 Roy H. Mann;MS Core;GEN ED;861;30;28.70;21;30
K078;J.H.S. 078 Roy H. Mann;MS Core;GEN ED;723;25;28.90;25;30
K078;J.H.S. 078 Roy H. Mann;MS Core;GEN ED;110;4;27.50;21;30
K078;J.H.S. 078 Roy H. Mann;MS Core;GEN ED;696;24;29.00;25;30
K078;J.H.S. 078 Roy H. Mann;MS Core;GEN ED;21;1;21.00;21;21
K078;J.H.S. 078 Roy H. Mann;MS Core;GEN ED;89;3;29.70;29;30
K078;J.H.S. 078 Roy H. Mann;MS Core;GEN ED;29;1;29.00;29;29
K078;J.H.S. 078 Roy H. Mann;MS Core;GEN ED;833;29;28.70;21;30
K078;J.H.S. 078 Roy H. Mann;MS Core;GEN ED;53;2;26.50;22;31
K078;J.H.S. 078 Roy H. Mann;MS Core;CTT;243;9;27.00;22;30
K078;J.H.S. 078 Roy H. Mann;MS Core;CTT;214;8;26.80;22;30
K078;J.H.S. 078 Roy H. Mann;MS Core;CTT;214;8;26.80;22;30
K078;J.H.S. 078 Roy H. Mann;MS Core;CTT;214;8;26.80;22;30
K078;J.H.S. 078 Roy H. Mann;MS Core;CTT;13;1;13.00;13;13
K078;J.H.S. 078 Roy H. Mann;MS Core;SPEC ED;57;5;11.40;11;12
K078;J.H.S. 078 Roy H. Mann;MS Core;SPEC ED;57;5;11.40;11;12
K078;J.H.S. 078 Roy H. Mann;MS Core;SPEC ED;57;5;11.40;11;12
K078;J.H.S. 078 Roy H. Mann;MS Core;SPEC ED;57;5;11.40;11;12
K078;J.H.S. 078 Roy H. Mann;09-12;GEN ED;27;1;27.00;27;27
K078;J.H.S. 078 Roy H. Mann;;;0;0;.00;0;0
