SCHOOL CODE;SCHOOL NAME;GRADE ;PROGRAM TYPE;NUMBER OF STUDENTS   SEATS FILLED;NUMBER OF SECTIONS;AVERAGE CLASS SIZE;SIZE OF SMALLEST CLASS;SIZE OF LARGEST CLASS
K081;P.S. 081 Thaddeus Stevens;0K;GEN ED;22;1;22.00;22;22
K081;P.S. 081 Thaddeus Stevens;0K;CTT;21;1;21.00;21;21
K081;P.S. 081 Thaddeus Stevens;0K;G&T;12;1;12.00;12;12
K081;P.S. 081 Thaddeus Stevens;01;GEN ED;19;1;19.00;19;19
K081;P.S. 081 Thaddeus Stevens;01;CTT;23;1;23.00;23;23
K081;P.S. 081 Thaddeus Stevens;01;G&T;16;1;16.00;16;16
K081;P.S. 081 Thaddeus Stevens;02;GEN ED;32;2;16.00;15;17
K081;P.S. 081 Thaddeus Stevens;02;CTT;17;1;17.00;17;17
K081;P.S. 081 Thaddeus Stevens;03;GEN ED;23;1;23.00;23;23
K081;P.S. 081 Thaddeus Stevens;03;CTT;22;1;22.00;22;22
K081;P.S. 081 Thaddeus Stevens;03;G&T;24;1;24.00;24;24
K081;P.S. 081 Thaddeus Stevens;04;GEN ED;18;1;18.00;18;18
K081;P.S. 081 Thaddeus Stevens;04;CTT;19;1;19.00;19;19
K081;P.S. 081 Thaddeus Stevens;04;G&T;21;1;21.00;21;21
K081;P.S. 081 Thaddeus Stevens;05;GEN ED;51;2;25.50;24;27
K081;P.S. 081 Thaddeus Stevens;05;G&T;19;1;19.00;19;19
K081;P.S. 081 Thaddeus Stevens;0K-09;SPEC ED;53;6;8.80;5;11
K081;P.S. 081 Thaddeus Stevens;;;0;0;.00;0;0
