SCHOOL CODE;SCHOOL NAME;GRADE ;PROGRAM TYPE;NUMBER OF STUDENTS   SEATS FILLED;NUMBER OF SECTIONS;AVERAGE CLASS SIZE;SIZE OF SMALLEST CLASS;SIZE OF LARGEST CLASS
K084;P.S. 084 Jose De Diego;0K;GEN ED;80;4;20.00;19;21
K084;P.S. 084 Jose De Diego;01;GEN ED;64;3;21.30;20;22
K084;P.S. 084 Jose De Diego;02;GEN ED;58;3;19.30;18;21
K084;P.S. 084 Jose De Diego;03;GEN ED;51;2;25.50;24;27
K084;P.S. 084 Jose De Diego;04;GEN ED;39;2;19.50;19;20
K084;P.S. 084 Jose De Diego;04;CTT;23;1;23.00;23;23
K084;P.S. 084 Jose De Diego;05;GEN ED;35;2;17.50;17;18
K084;P.S. 084 Jose De Diego;05;CTT;21;1;21.00;21;21
K084;P.S. 084 Jose De Diego;0K-09;SPEC ED;10;1;10.00;10;10
K084;P.S. 084 Jose De Diego;0K-09;SPEC ED;31;3;10.30;7;12
K084;P.S. 084 Jose De Diego;;;0;0;.00;0;0
