SCHOOL CODE;SCHOOL NAME;GRADE ;PROGRAM TYPE;NUMBER OF STUDENTS   SEATS FILLED;NUMBER OF SECTIONS;AVERAGE CLASS SIZE;SIZE OF SMALLEST CLASS;SIZE OF LARGEST CLASS
K086;P.S. 086 The Irvington;0K;GEN ED;70;3;23.30;22;25
K086;P.S. 086 The Irvington;0K;CTT;22;1;22.00;22;22
K086;P.S. 086 The Irvington;01;GEN ED;61;3;20.30;19;22
K086;P.S. 086 The Irvington;01;CTT;20;1;20.00;20;20
K086;P.S. 086 The Irvington;02;GEN ED;91;4;22.80;21;24
K086;P.S. 086 The Irvington;03;GEN ED;75;4;18.80;17;20
K086;P.S. 086 The Irvington;04;GEN ED;95;4;23.80;23;24
K086;P.S. 086 The Irvington;05;GEN ED;59;2;29.50;28;31
K086;P.S. 086 The Irvington;05;CTT;27;1;27.00;27;27
K086;P.S. 086 The Irvington;0K-09;SPEC ED;12;1;12.00;12;12
K086;P.S. 086 The Irvington;;;0;0;.00;0;0
