SCHOOL CODE;SCHOOL NAME;GRADE ;PROGRAM TYPE;NUMBER OF STUDENTS   SEATS FILLED;NUMBER OF SECTIONS;AVERAGE CLASS SIZE;SIZE OF SMALLEST CLASS;SIZE OF LARGEST CLASS
K088;J.H.S. 088 Peter Rouget;06;GEN ED;151;7;21.60;17;25
K088;J.H.S. 088 Peter Rouget;06;CTT;40;2;20.00;19;21
K088;J.H.S. 088 Peter Rouget;06;G&T;84;3;28.00;27;29
K088;J.H.S. 088 Peter Rouget;07;GEN ED;112;4;28.00;23;31
K088;J.H.S. 088 Peter Rouget;07;CTT;73;3;24.30;23;26
K088;J.H.S. 088 Peter Rouget;07;G&T;90;3;30.00;27;32
K088;J.H.S. 088 Peter Rouget;08;GEN ED;143;5;28.60;27;30
K088;J.H.S. 088 Peter Rouget;08;CTT;49;2;24.50;23;26
K088;J.H.S. 088 Peter Rouget;08;G&T;91;3;30.30;30;31
K088;J.H.S. 088 Peter Rouget;0K-09;SPEC ED;39;4;9.80;9;11
K088;J.H.S. 088 Peter Rouget;0K-09;SPEC ED;22;2;11.00;10;12
K088;J.H.S. 088 Peter Rouget;MS Core;GEN ED;671;25;26.80;17;32
K088;J.H.S. 088 Peter Rouget;MS Core;GEN ED;580;22;26.40;17;32
K088;J.H.S. 088 Peter Rouget;MS Core;GEN ED;91;3;30.30;30;31
K088;J.H.S. 088 Peter Rouget;MS Core;GEN ED;580;22;26.40;17;32
K088;J.H.S. 088 Peter Rouget;MS Core;GEN ED;91;3;30.30;30;31
K088;J.H.S. 088 Peter Rouget;MS Core;GEN ED;671;25;26.80;17;32
K088;J.H.S. 088 Peter Rouget;MS Core;CTT;164;7;23.40;20;26
K088;J.H.S. 088 Peter Rouget;MS Core;CTT;164;7;23.40;20;26
K088;J.H.S. 088 Peter Rouget;MS Core;CTT;164;7;23.40;20;26
K088;J.H.S. 088 Peter Rouget;MS Core;CTT;164;7;23.40;20;26
K088;J.H.S. 088 Peter Rouget;MS Core;SPEC ED;32;3;10.70;10;12
K088;J.H.S. 088 Peter Rouget;MS Core;SPEC ED;32;3;10.70;10;12
K088;J.H.S. 088 Peter Rouget;MS Core;SPEC ED;32;3;10.70;10;12
K088;J.H.S. 088 Peter Rouget;MS Core;SPEC ED;32;3;10.70;10;12
K088;J.H.S. 088 Peter Rouget;;;0;0;.00;0;0
