SCHOOL CODE;SCHOOL NAME;GRADE ;PROGRAM TYPE;NUMBER OF STUDENTS   SEATS FILLED;NUMBER OF SECTIONS;AVERAGE CLASS SIZE;SIZE OF SMALLEST CLASS;SIZE OF LARGEST CLASS
K089;P.S. 089 Cypress Hills;0K;GEN ED;19;1;19.00;19;19
K089;P.S. 089 Cypress Hills;0K;CTT;17;1;17.00;17;17
K089;P.S. 089 Cypress Hills;01;GEN ED;18;1;18.00;18;18
K089;P.S. 089 Cypress Hills;01;CTT;17;1;17.00;17;17
K089;P.S. 089 Cypress Hills;02;GEN ED;19;1;19.00;19;19
K089;P.S. 089 Cypress Hills;02;CTT;20;1;20.00;20;20
K089;P.S. 089 Cypress Hills;03;GEN ED;33;2;16.50;16;17
K089;P.S. 089 Cypress Hills;04;GEN ED;38;2;19.00;18;20
K089;P.S. 089 Cypress Hills;05;GEN ED;21;1;21.00;21;21
K089;P.S. 089 Cypress Hills;06;GEN ED;36;2;18.00;12;24
K089;P.S. 089 Cypress Hills;07;GEN ED;23;1;23.00;23;23
K089;P.S. 089 Cypress Hills;08;GEN ED;23;1;23.00;23;23
K089;P.S. 089 Cypress Hills;0K-09;SPEC ED;21;2;10.50;10;11
K089;P.S. 089 Cypress Hills;MS Core;GEN ED;80;4;20.00;10;24
K089;P.S. 089 Cypress Hills;MS Core;GEN ED;80;4;20.00;10;24
K089;P.S. 089 Cypress Hills;MS Core;GEN ED;80;4;20.00;10;24
K089;P.S. 089 Cypress Hills;MS Core;GEN ED;10;1;10.00;10;10
K089;P.S. 089 Cypress Hills;MS Core;GEN ED;33;2;16.50;10;23
K089;P.S. 089 Cypress Hills;MS Core;GEN ED;47;2;23.50;23;24
K089;P.S. 089 Cypress Hills;09-12;GEN ED;26;2;13.00;10;16
K089;P.S. 089 Cypress Hills;09-12;GEN ED;18;1;18.00;18;18
K089;P.S. 089 Cypress Hills;;;0;0;.00;0;0
