SCHOOL CODE;SCHOOL NAME;GRADE ;PROGRAM TYPE;NUMBER OF STUDENTS   SEATS FILLED;NUMBER OF SECTIONS;AVERAGE CLASS SIZE;SIZE OF SMALLEST CLASS;SIZE OF LARGEST CLASS
K090;P.S. 90 Edna Cohen School;0K;GEN ED;80;3;26.70;25;29
K090;P.S. 90 Edna Cohen School;0K;CTT;24;1;24.00;24;24
K090;P.S. 90 Edna Cohen School;01;GEN ED;68;3;22.70;17;26
K090;P.S. 90 Edna Cohen School;01;CTT;26;1;26.00;26;26
K090;P.S. 90 Edna Cohen School;02;GEN ED;72;3;24.00;22;25
K090;P.S. 90 Edna Cohen School;03;GEN ED;26;1;26.00;26;26
K090;P.S. 90 Edna Cohen School;03;CTT;28;1;28.00;28;28
K090;P.S. 90 Edna Cohen School;04;GEN ED;55;2;27.50;27;28
K090;P.S. 90 Edna Cohen School;04;CTT;26;1;26.00;26;26
K090;P.S. 90 Edna Cohen School;05;GEN ED;62;2;31.00;31;31
K090;P.S. 90 Edna Cohen School;0K-09;SPEC ED;5;1;5.00;5;5
K090;P.S. 90 Edna Cohen School;0K-09;SPEC ED;24;3;8.00;6;11
K090;P.S. 90 Edna Cohen School;;;0;0;.00;0;0
