SCHOOL CODE;SCHOOL NAME;GRADE ;PROGRAM TYPE;NUMBER OF STUDENTS   SEATS FILLED;NUMBER OF SECTIONS;AVERAGE CLASS SIZE;SIZE OF SMALLEST CLASS;SIZE OF LARGEST CLASS
K091;P.S. 091 The Albany Avenue School;0K;GEN ED;62;3;20.70;20;21
K091;P.S. 091 The Albany Avenue School;0K;CTT;19;1;19.00;19;19
K091;P.S. 091 The Albany Avenue School;01;GEN ED;91;4;22.80;22;23
K091;P.S. 091 The Albany Avenue School;01;CTT;20;1;20.00;20;20
K091;P.S. 091 The Albany Avenue School;02;GEN ED;81;4;20.30;19;23
K091;P.S. 091 The Albany Avenue School;02;CTT;16;1;16.00;16;16
K091;P.S. 091 The Albany Avenue School;03;GEN ED;101;4;25.30;24;27
K091;P.S. 091 The Albany Avenue School;03;CTT;26;1;26.00;26;26
K091;P.S. 091 The Albany Avenue School;04;GEN ED;99;4;24.80;23;26
K091;P.S. 091 The Albany Avenue School;04;CTT;22;1;22.00;22;22
K091;P.S. 091 The Albany Avenue School;05;GEN ED;89;3;29.70;28;31
K091;P.S. 091 The Albany Avenue School;05;CTT;22;1;22.00;22;22
K091;P.S. 091 The Albany Avenue School;0K-09;SPEC ED;79;7;11.30;10;13
K091;P.S. 091 The Albany Avenue School;;;0;0;.00;0;0
