SCHOOL CODE;SCHOOL NAME;GRADE ;PROGRAM TYPE;NUMBER OF STUDENTS   SEATS FILLED;NUMBER OF SECTIONS;AVERAGE CLASS SIZE;SIZE OF SMALLEST CLASS;SIZE OF LARGEST CLASS
K092;P.S. 092 Adrian Hegeman;0K;GEN ED;65;3;21.70;21;22
K092;P.S. 092 Adrian Hegeman;0K;CTT;18;1;18.00;18;18
K092;P.S. 092 Adrian Hegeman;01;GEN ED;94;4;23.50;22;25
K092;P.S. 092 Adrian Hegeman;02;GEN ED;78;3;26.00;24;28
K092;P.S. 092 Adrian Hegeman;02;CTT;20;1;20.00;20;20
K092;P.S. 092 Adrian Hegeman;03;GEN ED;82;4;20.50;19;22
K092;P.S. 092 Adrian Hegeman;04;GEN ED;105;4;26.30;24;29
K092;P.S. 092 Adrian Hegeman;05;GEN ED;84;4;21.00;19;24
K092;P.S. 092 Adrian Hegeman;0K-09;SPEC ED;22;2;11.00;10;12
K092;P.S. 092 Adrian Hegeman;;;0;0;.00;0;0
