SCHOOL CODE;SCHOOL NAME;GRADE ;PROGRAM TYPE;NUMBER OF STUDENTS   SEATS FILLED;NUMBER OF SECTIONS;AVERAGE CLASS SIZE;SIZE OF SMALLEST CLASS;SIZE OF LARGEST CLASS
K093;P.S. 093 William H. Prescott;0K;GEN ED;62;3;20.70;19;22
K093;P.S. 093 William H. Prescott;01;GEN ED;54;2;27.00;27;27
K093;P.S. 093 William H. Prescott;02;GEN ED;54;2;27.00;27;27
K093;P.S. 093 William H. Prescott;03;GEN ED;59;2;29.50;27;32
K093;P.S. 093 William H. Prescott;04;GEN ED;69;3;23.00;23;23
K093;P.S. 093 William H. Prescott;05;GEN ED;55;2;27.50;27;28
K093;P.S. 093 William H. Prescott;0K-09;SPEC ED;11;1;11.00;11;11
K093;P.S. 093 William H. Prescott;0K-09;SPEC ED;8;1;8.00;8;8
K093;P.S. 093 William H. Prescott;;;0;0;.00;0;0
