SCHOOL CODE;SCHOOL NAME;GRADE ;PROGRAM TYPE;NUMBER OF STUDENTS   SEATS FILLED;NUMBER OF SECTIONS;AVERAGE CLASS SIZE;SIZE OF SMALLEST CLASS;SIZE OF LARGEST CLASS
K094;P.S. 094 The Henry Longfellow;0K;GEN ED;194;8;24.30;23;25
K094;P.S. 094 The Henry Longfellow;0K;CTT;20;1;20.00;20;20
K094;P.S. 094 The Henry Longfellow;01;GEN ED;228;8;28.50;24;32
K094;P.S. 094 The Henry Longfellow;01;CTT;22;1;22.00;22;22
K094;P.S. 094 The Henry Longfellow;02;GEN ED;193;8;24.10;22;27
K094;P.S. 094 The Henry Longfellow;03;GEN ED;174;6;29.00;28;30
K094;P.S. 094 The Henry Longfellow;03;CTT;26;1;26.00;26;26
K094;P.S. 094 The Henry Longfellow;04;GEN ED;175;7;25.00;23;27
K094;P.S. 094 The Henry Longfellow;05;GEN ED;196;9;21.80;19;27
K094;P.S. 094 The Henry Longfellow;0K-09;SPEC ED;12;1;12.00;12;12
K094;P.S. 094 The Henry Longfellow;;;0;0;.00;0;0
