SCHOOL CODE;SCHOOL NAME;GRADE ;PROGRAM TYPE;NUMBER OF STUDENTS   SEATS FILLED;NUMBER OF SECTIONS;AVERAGE CLASS SIZE;SIZE OF SMALLEST CLASS;SIZE OF LARGEST CLASS
K095;P.S. 095 The Gravesend;0K;GEN ED;88;4;22.00;18;24
K095;P.S. 095 The Gravesend;0K;CTT;20;1;20.00;20;20
K095;P.S. 095 The Gravesend;01;GEN ED;101;4;25.30;23;26
K095;P.S. 095 The Gravesend;01;CTT;24;1;24.00;24;24
K095;P.S. 095 The Gravesend;02;GEN ED;102;4;25.50;24;27
K095;P.S. 095 The Gravesend;02;CTT;27;1;27.00;27;27
K095;P.S. 095 The Gravesend;03;GEN ED;82;4;20.50;18;22
K095;P.S. 095 The Gravesend;03;CTT;24;1;24.00;24;24
K095;P.S. 095 The Gravesend;04;GEN ED;85;3;28.30;23;32
K095;P.S. 095 The Gravesend;04;CTT;28;1;28.00;28;28
K095;P.S. 095 The Gravesend;05;GEN ED;80;4;20.00;13;24
K095;P.S. 095 The Gravesend;05;CTT;27;1;27.00;27;27
K095;P.S. 095 The Gravesend;06;GEN ED;64;2;32.00;32;32
K095;P.S. 095 The Gravesend;07;GEN ED;55;2;27.50;27;28
K095;P.S. 095 The Gravesend;08;GEN ED;47;2;23.50;23;24
K095;P.S. 095 The Gravesend;0K-09;SPEC ED;57;6;9.50;8;12
K095;P.S. 095 The Gravesend;MS Core;GEN ED;161;6;26.80;22;31
K095;P.S. 095 The Gravesend;MS Core;GEN ED;161;6;26.80;22;31
K095;P.S. 095 The Gravesend;MS Core;GEN ED;161;6;26.80;22;32
K095;P.S. 095 The Gravesend;MS Core;GEN ED;161;6;26.80;22;31
K095;P.S. 095 The Gravesend;;;0;0;.00;0;0
