SCHOOL CODE;SCHOOL NAME;GRADE ;PROGRAM TYPE;NUMBER OF STUDENTS   SEATS FILLED;NUMBER OF SECTIONS;AVERAGE CLASS SIZE;SIZE OF SMALLEST CLASS;SIZE OF LARGEST CLASS
K096;I.S. 096 Seth Low;;;0;0;.00;0;0
K096;I.S. 096 Seth Low;06;GEN ED;175;6;29.20;28;30
K096;I.S. 096 Seth Low;06;CTT;30;1;30.00;30;30
K096;I.S. 096 Seth Low;07;GEN ED;204;7;29.10;27;30
K096;I.S. 096 Seth Low;07;CTT;29;1;29.00;29;29
K096;I.S. 096 Seth Low;08;GEN ED;208;7;29.70;29;30
K096;I.S. 096 Seth Low;08;CTT;57;2;28.50;28;29
K096;I.S. 096 Seth Low;08;G&T;59;2;29.50;29;30
K096;I.S. 096 Seth Low;0K-09;SPEC ED;30;4;7.50;2;11
K096;I.S. 096 Seth Low;0K-09;SPEC ED;42;5;8.40;6;11
K096;I.S. 096 Seth Low;MS Core;GEN ED;705;27;26.10;16;31
K096;I.S. 096 Seth Low;MS Core;GEN ED;649;22;29.50;26;31
K096;I.S. 096 Seth Low;MS Core;GEN ED;649;22;29.50;26;31
K096;I.S. 096 Seth Low;MS Core;GEN ED;59;2;29.50;29;30
K096;I.S. 096 Seth Low;MS Core;GEN ED;649;22;29.50;26;31
K096;I.S. 096 Seth Low;MS Core;CTT;130;5;26.00;24;27
K096;I.S. 096 Seth Low;MS Core;CTT;117;4;29.30;28;30
K096;I.S. 096 Seth Low;MS Core;CTT;117;4;29.30;28;30
K096;I.S. 096 Seth Low;MS Core;CTT;50;2;25.00;24;26
K096;I.S. 096 Seth Low;MS Core;CTT;117;4;29.30;28;30
K096;I.S. 096 Seth Low;MS Core;SPEC ED;26;3;8.70;7;11
K096;I.S. 096 Seth Low;MS Core;SPEC ED;71;8;8.90;5;12
K096;I.S. 096 Seth Low;MS Core;SPEC ED;71;8;8.90;5;12
K096;I.S. 096 Seth Low;MS Core;SPEC ED;71;8;8.90;5;12
K096;I.S. 096 Seth Low;09-12;GEN ED;377;19;19.80;10;30
K096;I.S. 096 Seth Low;09-12;GEN ED;83;3;27.70;27;29
K096;I.S. 096 Seth Low;09-12;GEN ED;315;12;26.30;22;30
K096;I.S. 096 Seth Low;09-12;CTT;83;3;27.70;27;29
K096;I.S. 096 Seth Low;09-12;CTT;77;3;25.70;25;27
K096;I.S. 096 Seth Low;09-12;CTT;161;6;26.80;21;31
K096;I.S. 096 Seth Low;09-12;SPEC ED;11;1;11.00;11;11
