SCHOOL CODE;SCHOOL NAME;GRADE ;PROGRAM TYPE;NUMBER OF STUDENTS   SEATS FILLED;NUMBER OF SECTIONS;AVERAGE CLASS SIZE;SIZE OF SMALLEST CLASS;SIZE OF LARGEST CLASS
K097;P.S. 97 The Highlawn;0K;GEN ED;98;4;24.50;23;25
K097;P.S. 97 The Highlawn;0K;CTT;24;1;24.00;24;24
K097;P.S. 97 The Highlawn;01;GEN ED;104;4;26.00;26;26
K097;P.S. 97 The Highlawn;01;CTT;23;1;23.00;23;23
K097;P.S. 97 The Highlawn;02;GEN ED;93;4;23.30;21;26
K097;P.S. 97 The Highlawn;02;CTT;24;1;24.00;24;24
K097;P.S. 97 The Highlawn;03;GEN ED;78;3;26.00;25;27
K097;P.S. 97 The Highlawn;03;CTT;25;1;25.00;25;25
K097;P.S. 97 The Highlawn;04;GEN ED;93;3;31.00;30;32
K097;P.S. 97 The Highlawn;04;CTT;30;1;30.00;30;30
K097;P.S. 97 The Highlawn;05;GEN ED;100;4;25.00;23;28
K097;P.S. 97 The Highlawn;05;CTT;30;1;30.00;30;30
K097;P.S. 97 The Highlawn;0K-09;SPEC ED;17;2;8.50;6;11
K097;P.S. 97 The Highlawn;;;0;0;.00;0;0
