SCHOOL CODE;SCHOOL NAME;GRADE ;PROGRAM TYPE;NUMBER OF STUDENTS   SEATS FILLED;NUMBER OF SECTIONS;AVERAGE CLASS SIZE;SIZE OF SMALLEST CLASS;SIZE OF LARGEST CLASS
K098;I.S. 98 Bay Academy;06;GEN ED;92;3;30.70;30;32
K098;I.S. 98 Bay Academy;06;G&T;328;11;29.80;25;32
K098;I.S. 98 Bay Academy;07;GEN ED;32;1;32.00;32;32
K098;I.S. 98 Bay Academy;07;G&T;361;12;30.10;26;33
K098;I.S. 98 Bay Academy;08;G&T;369;12;30.80;26;33
K098;I.S. 98 Bay Academy;0K-09;SPEC ED;27;3;9.00;9;9
K098;I.S. 98 Bay Academy;MS Core;GEN ED;1391;46;30.20;18;35
K098;I.S. 98 Bay Academy;MS Core;GEN ED;185;6;30.80;28;33
K098;I.S. 98 Bay Academy;MS Core;GEN ED;184;6;30.70;29;33
K098;I.S. 98 Bay Academy;MS Core;GEN ED;872;29;30.10;23;33
K098;I.S. 98 Bay Academy;MS Core;GEN ED;286;9;31.80;30;33
K098;I.S. 98 Bay Academy;MS Core;GEN ED;987;33;29.90;22;33
K098;I.S. 98 Bay Academy;MS Core;GEN ED;112;4;28.00;21;32
K098;I.S. 98 Bay Academy;MS Core;GEN ED;1182;39;30.30;25;33
K098;I.S. 98 Bay Academy;;;0;0;.00;0;0
