SCHOOL CODE;SCHOOL NAME;GRADE ;PROGRAM TYPE;NUMBER OF STUDENTS   SEATS FILLED;NUMBER OF SECTIONS;AVERAGE CLASS SIZE;SIZE OF SMALLEST CLASS;SIZE OF LARGEST CLASS
K099;P.S. 099 Isaac Asimov;0K;GEN ED;25;1;25.00;25;25
K099;P.S. 099 Isaac Asimov;0K;CTT;25;1;25.00;25;25
K099;P.S. 099 Isaac Asimov;0K;G&T;21;1;21.00;21;21
K099;P.S. 099 Isaac Asimov;01;GEN ED;57;2;28.50;28;29
K099;P.S. 099 Isaac Asimov;01;G&T;23;1;23.00;23;23
K099;P.S. 099 Isaac Asimov;02;GEN ED;24;1;24.00;24;24
K099;P.S. 099 Isaac Asimov;02;CTT;26;1;26.00;26;26
K099;P.S. 099 Isaac Asimov;02;G&T;19;1;19.00;19;19
K099;P.S. 099 Isaac Asimov;03;GEN ED;49;2;24.50;24;25
K099;P.S. 099 Isaac Asimov;03;G&T;26;1;26.00;26;26
K099;P.S. 099 Isaac Asimov;04;GEN ED;54;2;27.00;26;28
K099;P.S. 099 Isaac Asimov;04;G&T;23;1;23.00;23;23
K099;P.S. 099 Isaac Asimov;05;GEN ED;64;2;32.00;32;32
K099;P.S. 099 Isaac Asimov;05;G&T;25;1;25.00;25;25
K099;P.S. 099 Isaac Asimov;06;GEN ED;47;2;23.50;23;24
K099;P.S. 099 Isaac Asimov;06;CTT;23;1;23.00;23;23
K099;P.S. 099 Isaac Asimov;07;GEN ED;72;3;24.00;18;27
K099;P.S. 099 Isaac Asimov;08;GEN ED;80;3;26.70;26;28
K099;P.S. 099 Isaac Asimov;0K-09;SPEC ED;19;3;6.30;2;10
K099;P.S. 099 Isaac Asimov;MS Core;GEN ED;436;18;24.20;18;28
K099;P.S. 099 Isaac Asimov;MS Core;GEN ED;213;9;23.70;18;28
K099;P.S. 099 Isaac Asimov;MS Core;GEN ED;219;9;24.30;18;28
K099;P.S. 099 Isaac Asimov;MS Core;GEN ED;149;6;24.80;18;28
K099;P.S. 099 Isaac Asimov;MS Core;GEN ED;195;8;24.40;18;28
K099;P.S. 099 Isaac Asimov;MS Core;CTT;66;3;22.00;22;22
K099;P.S. 099 Isaac Asimov;MS Core;CTT;22;1;22.00;22;22
K099;P.S. 099 Isaac Asimov;MS Core;CTT;22;1;22.00;22;22
K099;P.S. 099 Isaac Asimov;MS Core;CTT;22;1;22.00;22;22
K099;P.S. 099 Isaac Asimov;MS Core;SPEC ED;11;1;11.00;11;11
K099;P.S. 099 Isaac Asimov;;;0;0;.00;0;0
