SCHOOL CODE;SCHOOL NAME;GRADE ;PROGRAM TYPE;NUMBER OF STUDENTS   SEATS FILLED;NUMBER OF SECTIONS;AVERAGE CLASS SIZE;SIZE OF SMALLEST CLASS;SIZE OF LARGEST CLASS
K100;P.S. 100 The Coney Island School;0K;GEN ED;115;5;23.00;22;24
K100;P.S. 100 The Coney Island School;01;GEN ED;122;5;24.40;23;27
K100;P.S. 100 The Coney Island School;02;GEN ED;102;4;25.50;23;27
K100;P.S. 100 The Coney Island School;03;GEN ED;93;4;23.30;21;24
K100;P.S. 100 The Coney Island School;03;CTT;22;1;22.00;22;22
K100;P.S. 100 The Coney Island School;04;GEN ED;97;4;24.30;23;26
K100;P.S. 100 The Coney Island School;04;CTT;22;1;22.00;22;22
K100;P.S. 100 The Coney Island School;05;GEN ED;102;4;25.50;21;28
K100;P.S. 100 The Coney Island School;0K-09;SPEC ED;4;1;4.00;4;4
K100;P.S. 100 The Coney Island School;0K-09;SPEC ED;32;3;10.70;9;12
K100;P.S. 100 The Coney Island School;;;0;0;.00;0;0
