SCHOOL CODE;SCHOOL NAME;GRADE ;PROGRAM TYPE;NUMBER OF STUDENTS   SEATS FILLED;NUMBER OF SECTIONS;AVERAGE CLASS SIZE;SIZE OF SMALLEST CLASS;SIZE OF LARGEST CLASS
K101;P.S. 101 The Verrazano;0K;GEN ED;97;4;24.30;24;25
K101;P.S. 101 The Verrazano;0K;CTT;26;1;26.00;26;26
K101;P.S. 101 The Verrazano;01;GEN ED;112;4;28.00;28;28
K101;P.S. 101 The Verrazano;01;CTT;29;1;29.00;29;29
K101;P.S. 101 The Verrazano;02;GEN ED;108;4;27.00;26;28
K101;P.S. 101 The Verrazano;02;CTT;28;1;28.00;28;28
K101;P.S. 101 The Verrazano;03;GEN ED;113;4;28.30;28;29
K101;P.S. 101 The Verrazano;03;CTT;28;1;28.00;28;28
K101;P.S. 101 The Verrazano;04;GEN ED;128;4;32.00;32;32
K101;P.S. 101 The Verrazano;05;GEN ED;128;4;32.00;32;32
K101;P.S. 101 The Verrazano;0K-09;SPEC ED;12;1;12.00;12;12
K101;P.S. 101 The Verrazano;;;0;0;.00;0;0
