SCHOOL CODE;SCHOOL NAME;GRADE ;PROGRAM TYPE;NUMBER OF STUDENTS   SEATS FILLED;NUMBER OF SECTIONS;AVERAGE CLASS SIZE;SIZE OF SMALLEST CLASS;SIZE OF LARGEST CLASS
K102;P.S. 102 The Bayview;0K;GEN ED;157;8;19.60;18;20
K102;P.S. 102 The Bayview;0K;CTT;22;1;22.00;22;22
K102;P.S. 102 The Bayview;0K;G&T;21;1;21.00;21;21
K102;P.S. 102 The Bayview;01;GEN ED;173;8;21.60;19;24
K102;P.S. 102 The Bayview;01;CTT;25;1;25.00;25;25
K102;P.S. 102 The Bayview;02;GEN ED;178;8;22.30;20;25
K102;P.S. 102 The Bayview;02;CTT;25;1;25.00;25;25
K102;P.S. 102 The Bayview;03;GEN ED;176;7;25.10;22;27
K102;P.S. 102 The Bayview;03;CTT;25;1;25.00;25;25
K102;P.S. 102 The Bayview;04;GEN ED;150;5;30.00;27;32
K102;P.S. 102 The Bayview;04;CTT;31;1;31.00;31;31
K102;P.S. 102 The Bayview;05;GEN ED;140;5;28.00;26;31
K102;P.S. 102 The Bayview;05;CTT;29;1;29.00;29;29
K102;P.S. 102 The Bayview;0K-09;SPEC ED;30;3;10.00;9;11
K102;P.S. 102 The Bayview;0K-09;SPEC ED;20;3;6.70;5;8
K102;P.S. 102 The Bayview;;;0;0;.00;0;0
