SCHOOL CODE;SCHOOL NAME;GRADE ;PROGRAM TYPE;NUMBER OF STUDENTS   SEATS FILLED;NUMBER OF SECTIONS;AVERAGE CLASS SIZE;SIZE OF SMALLEST CLASS;SIZE OF LARGEST CLASS
K103;Satellite Three;06;GEN ED;81;3;27.00;26;28
K103;Satellite Three;07;GEN ED;80;3;26.70;24;28
K103;Satellite Three;08;GEN ED;72;3;24.00;21;26
K103;Satellite Three;0K-09;SPEC ED;12;1;12.00;12;12
K103;Satellite Three;MS Core;GEN ED;229;8;28.60;23;47
K103;Satellite Three;MS Core;GEN ED;46;1;46.00;46;46
K103;Satellite Three;MS Core;GEN ED;199;6;33.20;18;53
K103;Satellite Three;MS Core;GEN ED;223;9;24.80;17;28
K103;Satellite Three;MS Core;SPEC ED;12;1;12.00;12;12
K103;Satellite Three;MS Core;SPEC ED;10;1;10.00;10;10
K103;Satellite Three;MS Core;SPEC ED;12;1;12.00;12;12
K103;Satellite Three;;;0;0;.00;0;0
