SCHOOL CODE;SCHOOL NAME;GRADE ;PROGRAM TYPE;NUMBER OF STUDENTS   SEATS FILLED;NUMBER OF SECTIONS;AVERAGE CLASS SIZE;SIZE OF SMALLEST CLASS;SIZE OF LARGEST CLASS
K104;P.S./I.S. 104 The Fort Hamilton School;0K;GEN ED;90;4;22.50;18;25
K104;P.S./I.S. 104 The Fort Hamilton School;01;GEN ED;130;6;21.70;19;23
K104;P.S./I.S. 104 The Fort Hamilton School;02;GEN ED;128;5;25.60;25;26
K104;P.S./I.S. 104 The Fort Hamilton School;02;CTT;26;1;26.00;26;26
K104;P.S./I.S. 104 The Fort Hamilton School;03;GEN ED;116;6;19.30;18;20
K104;P.S./I.S. 104 The Fort Hamilton School;03;G&T;22;1;22.00;22;22
K104;P.S./I.S. 104 The Fort Hamilton School;04;GEN ED;104;4;26.00;25;27
K104;P.S./I.S. 104 The Fort Hamilton School;04;G&T;27;1;27.00;27;27
K104;P.S./I.S. 104 The Fort Hamilton School;05;GEN ED;106;4;26.50;25;28
K104;P.S./I.S. 104 The Fort Hamilton School;05;G&T;31;1;31.00;31;31
K104;P.S./I.S. 104 The Fort Hamilton School;06;GEN ED;87;3;29.00;28;30
K104;P.S./I.S. 104 The Fort Hamilton School;06;CTT;23;1;23.00;23;23
K104;P.S./I.S. 104 The Fort Hamilton School;06;G&T;28;1;28.00;28;28
K104;P.S./I.S. 104 The Fort Hamilton School;07;GEN ED;107;4;26.80;26;28
K104;P.S./I.S. 104 The Fort Hamilton School;07;G&T;31;1;31.00;31;31
K104;P.S./I.S. 104 The Fort Hamilton School;08;GEN ED;127;4;31.80;31;33
K104;P.S./I.S. 104 The Fort Hamilton School;08;G&T;33;1;33.00;33;33
K104;P.S./I.S. 104 The Fort Hamilton School;0K-09;SPEC ED;22;2;11.00;11;11
K104;P.S./I.S. 104 The Fort Hamilton School;MS Core;GEN ED;523;18;29.10;25;33
K104;P.S./I.S. 104 The Fort Hamilton School;MS Core;GEN ED;413;14;29.50;26;33
K104;P.S./I.S. 104 The Fort Hamilton School;MS Core;GEN ED;413;14;29.50;26;33
K104;P.S./I.S. 104 The Fort Hamilton School;MS Core;CTT;23;1;23.00;23;23
K104;P.S./I.S. 104 The Fort Hamilton School;MS Core;CTT;23;1;23.00;23;23
K104;P.S./I.S. 104 The Fort Hamilton School;MS Core;CTT;23;1;23.00;23;23
K104;P.S./I.S. 104 The Fort Hamilton School;;;0;0;.00;0;0
