SCHOOL CODE;SCHOOL NAME;GRADE ;PROGRAM TYPE;NUMBER OF STUDENTS   SEATS FILLED;NUMBER OF SECTIONS;AVERAGE CLASS SIZE;SIZE OF SMALLEST CLASS;SIZE OF LARGEST CLASS
K105;P.S. 105 The Blythebourne;0K;GEN ED;224;9;24.90;24;25
K105;P.S. 105 The Blythebourne;0K;CTT;23;1;23.00;23;23
K105;P.S. 105 The Blythebourne;01;GEN ED;309;11;28.10;25;31
K105;P.S. 105 The Blythebourne;01;CTT;24;1;24.00;24;24
K105;P.S. 105 The Blythebourne;02;GEN ED;297;11;27.00;15;32
K105;P.S. 105 The Blythebourne;02;CTT;29;1;29.00;29;29
K105;P.S. 105 The Blythebourne;03;GEN ED;264;9;29.30;16;33
K105;P.S. 105 The Blythebourne;03;CTT;29;1;29.00;29;29
K105;P.S. 105 The Blythebourne;04;GEN ED;216;7;30.90;27;33
K105;P.S. 105 The Blythebourne;04;CTT;30;1;30.00;30;30
K105;P.S. 105 The Blythebourne;05;GEN ED;192;6;32.00;31;33
K105;P.S. 105 The Blythebourne;05;CTT;31;1;31.00;31;31
K105;P.S. 105 The Blythebourne;05;G&T;32;1;32.00;32;32
K105;P.S. 105 The Blythebourne;0K-09;SPEC ED;11;1;11.00;11;11
K105;P.S. 105 The Blythebourne;;;0;0;.00;0;0
