SCHOOL CODE;SCHOOL NAME;GRADE ;PROGRAM TYPE;NUMBER OF STUDENTS   SEATS FILLED;NUMBER OF SECTIONS;AVERAGE CLASS SIZE;SIZE OF SMALLEST CLASS;SIZE OF LARGEST CLASS
K106;P.S. 106 Edward Everett Hale;0K;GEN ED;95;4;23.80;19;27
K106;P.S. 106 Edward Everett Hale;01;GEN ED;89;4;22.30;21;23
K106;P.S. 106 Edward Everett Hale;01;CTT;19;1;19.00;19;19
K106;P.S. 106 Edward Everett Hale;02;GEN ED;74;4;18.50;17;22
K106;P.S. 106 Edward Everett Hale;02;CTT;15;1;15.00;15;15
K106;P.S. 106 Edward Everett Hale;03;GEN ED;61;3;20.30;18;24
K106;P.S. 106 Edward Everett Hale;03;CTT;22;1;22.00;22;22
K106;P.S. 106 Edward Everett Hale;04;GEN ED;90;4;22.50;18;25
K106;P.S. 106 Edward Everett Hale;05;GEN ED;88;4;22.00;19;25
K106;P.S. 106 Edward Everett Hale;0K-09;SPEC ED;11;1;11.00;11;11
K106;P.S. 106 Edward Everett Hale;0K-09;SPEC ED;42;4;10.50;7;12
K106;P.S. 106 Edward Everett Hale;;;0;0;.00;0;0
