SCHOOL CODE;SCHOOL NAME;GRADE ;PROGRAM TYPE;NUMBER OF STUDENTS   SEATS FILLED;NUMBER OF SECTIONS;AVERAGE CLASS SIZE;SIZE OF SMALLEST CLASS;SIZE OF LARGEST CLASS
K107;P.S. 107 John W. Kimball;0K;GEN ED;88;4;22.00;20;24
K107;P.S. 107 John W. Kimball;01;GEN ED;97;4;24.30;23;25
K107;P.S. 107 John W. Kimball;02;GEN ED;84;4;21.00;20;22
K107;P.S. 107 John W. Kimball;03;GEN ED;65;3;21.70;15;25
K107;P.S. 107 John W. Kimball;03;CTT;24;1;24.00;24;24
K107;P.S. 107 John W. Kimball;04;GEN ED;48;2;24.00;24;24
K107;P.S. 107 John W. Kimball;04;CTT;27;1;27.00;27;27
K107;P.S. 107 John W. Kimball;05;GEN ED;30;1;30.00;30;30
K107;P.S. 107 John W. Kimball;05;CTT;29;1;29.00;29;29
K107;P.S. 107 John W. Kimball;0K-09;SPEC ED;8;1;8.00;8;8
K107;P.S. 107 John W. Kimball;;;0;0;.00;0;0
