SCHOOL CODE;SCHOOL NAME;GRADE ;PROGRAM TYPE;NUMBER OF STUDENTS   SEATS FILLED;NUMBER OF SECTIONS;AVERAGE CLASS SIZE;SIZE OF SMALLEST CLASS;SIZE OF LARGEST CLASS
K108;P.S. 108 Sal Abbracciamento;0K;GEN ED;119;5;23.80;22;26
K108;P.S. 108 Sal Abbracciamento;0K;CTT;23;1;23.00;23;23
K108;P.S. 108 Sal Abbracciamento;01;GEN ED;129;5;25.80;23;28
K108;P.S. 108 Sal Abbracciamento;01;CTT;24;1;24.00;24;24
K108;P.S. 108 Sal Abbracciamento;02;GEN ED;136;6;22.70;19;25
K108;P.S. 108 Sal Abbracciamento;03;GEN ED;140;6;23.30;20;26
K108;P.S. 108 Sal Abbracciamento;04;GEN ED;161;7;23.00;22;25
K108;P.S. 108 Sal Abbracciamento;05;GEN ED;158;6;26.30;23;28
K108;P.S. 108 Sal Abbracciamento;0K-09;SPEC ED;23;2;11.50;11;12
K108;P.S. 108 Sal Abbracciamento;;;0;0;.00;0;0
