SCHOOL CODE;SCHOOL NAME;GRADE ;PROGRAM TYPE;NUMBER OF STUDENTS   SEATS FILLED;NUMBER OF SECTIONS;AVERAGE CLASS SIZE;SIZE OF SMALLEST CLASS;SIZE OF LARGEST CLASS
K110;P.S. 110 The Monitor;0K;GEN ED;26;1;26.00;26;26
K110;P.S. 110 The Monitor;0K;CTT;25;1;25.00;25;25
K110;P.S. 110 The Monitor;01;GEN ED;37;2;18.50;18;19
K110;P.S. 110 The Monitor;01;CTT;19;1;19.00;19;19
K110;P.S. 110 The Monitor;02;GEN ED;37;2;18.50;17;20
K110;P.S. 110 The Monitor;02;CTT;19;1;19.00;19;19
K110;P.S. 110 The Monitor;03;GEN ED;20;1;20.00;20;20
K110;P.S. 110 The Monitor;03;CTT;22;1;22.00;22;22
K110;P.S. 110 The Monitor;04;GEN ED;53;2;26.50;26;27
K110;P.S. 110 The Monitor;05;GEN ED;50;2;25.00;24;26
K110;P.S. 110 The Monitor;0K-09;SPEC ED;8;1;8.00;8;8
K110;P.S. 110 The Monitor;;;0;0;.00;0;0
