SCHOOL CODE;SCHOOL NAME;GRADE ;PROGRAM TYPE;NUMBER OF STUDENTS   SEATS FILLED;NUMBER OF SECTIONS;AVERAGE CLASS SIZE;SIZE OF SMALLEST CLASS;SIZE OF LARGEST CLASS
K112;P.S. 112 Lefferts Park;0K;GEN ED;61;3;20.30;19;21
K112;P.S. 112 Lefferts Park;0K;CTT;24;1;24.00;24;24
K112;P.S. 112 Lefferts Park;01;GEN ED;65;3;21.70;21;22
K112;P.S. 112 Lefferts Park;01;CTT;23;1;23.00;23;23
K112;P.S. 112 Lefferts Park;02;GEN ED;65;3;21.70;21;23
K112;P.S. 112 Lefferts Park;03;GEN ED;81;3;27.00;26;28
K112;P.S. 112 Lefferts Park;04;GEN ED;83;3;27.70;27;28
K112;P.S. 112 Lefferts Park;05;GEN ED;82;3;27.30;27;28
K112;P.S. 112 Lefferts Park;0K-09;SPEC ED;11;1;11.00;11;11
K112;P.S. 112 Lefferts Park;;;0;0;.00;0;0
