SCHOOL CODE;SCHOOL NAME;GRADE ;PROGRAM TYPE;NUMBER OF STUDENTS   SEATS FILLED;NUMBER OF SECTIONS;AVERAGE CLASS SIZE;SIZE OF SMALLEST CLASS;SIZE OF LARGEST CLASS
K113;M.S. 113 Ronald Edmonds Learning Center;06;GEN ED;222;9;24.70;22;28
K113;M.S. 113 Ronald Edmonds Learning Center;06;CTT;41;2;20.50;20;21
K113;M.S. 113 Ronald Edmonds Learning Center;07;GEN ED;264;10;26.40;22;30
K113;M.S. 113 Ronald Edmonds Learning Center;07;CTT;56;2;28.00;28;28
K113;M.S. 113 Ronald Edmonds Learning Center;08;GEN ED;217;9;24.10;18;28
K113;M.S. 113 Ronald Edmonds Learning Center;08;CTT;26;1;26.00;26;26
K113;M.S. 113 Ronald Edmonds Learning Center;0K-09;SPEC ED;38;3;12.70;11;14
K113;M.S. 113 Ronald Edmonds Learning Center;0K-09;SPEC ED;32;3;10.70;10;11
K113;M.S. 113 Ronald Edmonds Learning Center;09-12;GEN ED;83;3;27.70;27;29
K113;M.S. 113 Ronald Edmonds Learning Center;09-12;GEN ED;105;4;26.30;22;29
K113;M.S. 113 Ronald Edmonds Learning Center;09-12;GEN ED;131;5;26.20;22;29
K113;M.S. 113 Ronald Edmonds Learning Center;;;0;0;.00;0;0
