SCHOOL CODE;SCHOOL NAME;GRADE ;PROGRAM TYPE;NUMBER OF STUDENTS   SEATS FILLED;NUMBER OF SECTIONS;AVERAGE CLASS SIZE;SIZE OF SMALLEST CLASS;SIZE OF LARGEST CLASS
K114;P.S. 114 Ryder Elementary;0K;GEN ED;92;4;23.00;22;24
K114;P.S. 114 Ryder Elementary;01;GEN ED;91;4;22.80;22;23
K114;P.S. 114 Ryder Elementary;02;GEN ED;101;4;25.30;25;26
K114;P.S. 114 Ryder Elementary;02;CTT;26;1;26.00;26;26
K114;P.S. 114 Ryder Elementary;03;GEN ED;123;5;24.60;24;26
K114;P.S. 114 Ryder Elementary;04;GEN ED;117;5;23.40;22;25
K114;P.S. 114 Ryder Elementary;04;CTT;24;1;24.00;24;24
K114;P.S. 114 Ryder Elementary;05;GEN ED;135;5;27.00;24;28
K114;P.S. 114 Ryder Elementary;0K-09;SPEC ED;36;4;9.00;6;11
K114;P.S. 114 Ryder Elementary;;;0;0;.00;0;0
