SCHOOL CODE;SCHOOL NAME;GRADE ;PROGRAM TYPE;NUMBER OF STUDENTS   SEATS FILLED;NUMBER OF SECTIONS;AVERAGE CLASS SIZE;SIZE OF SMALLEST CLASS;SIZE OF LARGEST CLASS
K115;P.S. 115 Daniel Mucatel School;0K;GEN ED;142;6;23.70;23;25
K115;P.S. 115 Daniel Mucatel School;0K;CTT;22;1;22.00;22;22
K115;P.S. 115 Daniel Mucatel School;0K;G&T;15;1;15.00;15;15
K115;P.S. 115 Daniel Mucatel School;01;GEN ED;170;6;28.30;26;29
K115;P.S. 115 Daniel Mucatel School;01;CTT;22;1;22.00;22;22
K115;P.S. 115 Daniel Mucatel School;01;G&T;31;1;31.00;31;31
K115;P.S. 115 Daniel Mucatel School;02;GEN ED;190;7;27.10;26;29
K115;P.S. 115 Daniel Mucatel School;02;G&T;27;1;27.00;27;27
K115;P.S. 115 Daniel Mucatel School;03;GEN ED;202;7;28.90;26;30
K115;P.S. 115 Daniel Mucatel School;03;G&T;25;1;25.00;25;25
K115;P.S. 115 Daniel Mucatel School;04;GEN ED;183;6;30.50;29;32
K115;P.S. 115 Daniel Mucatel School;04;G&T;24;1;24.00;24;24
K115;P.S. 115 Daniel Mucatel School;05;GEN ED;180;7;25.70;24;29
K115;P.S. 115 Daniel Mucatel School;05;G&T;21;1;21.00;21;21
K115;P.S. 115 Daniel Mucatel School;0K-09;SPEC ED;30;3;10.00;7;12
K115;P.S. 115 Daniel Mucatel School;;;0;0;.00;0;0
