SCHOOL CODE;SCHOOL NAME;GRADE ;PROGRAM TYPE;NUMBER OF STUDENTS   SEATS FILLED;NUMBER OF SECTIONS;AVERAGE CLASS SIZE;SIZE OF SMALLEST CLASS;SIZE OF LARGEST CLASS
K116;P.S. 116 Elizabeth L Farrell;0K;GEN ED;52;3;17.30;15;19
K116;P.S. 116 Elizabeth L Farrell;0K;CTT;23;1;23.00;23;23
K116;P.S. 116 Elizabeth L Farrell;01;GEN ED;71;3;23.70;22;26
K116;P.S. 116 Elizabeth L Farrell;01;CTT;25;1;25.00;25;25
K116;P.S. 116 Elizabeth L Farrell;02;GEN ED;59;3;19.70;19;20
K116;P.S. 116 Elizabeth L Farrell;02;CTT;23;1;23.00;23;23
K116;P.S. 116 Elizabeth L Farrell;03;GEN ED;66;3;22.00;19;24
K116;P.S. 116 Elizabeth L Farrell;03;CTT;21;1;21.00;21;21
K116;P.S. 116 Elizabeth L Farrell;04;GEN ED;57;3;19.00;19;19
K116;P.S. 116 Elizabeth L Farrell;04;CTT;23;1;23.00;23;23
K116;P.S. 116 Elizabeth L Farrell;05;GEN ED;54;2;27.00;27;27
K116;P.S. 116 Elizabeth L Farrell;05;CTT;26;1;26.00;26;26
K116;P.S. 116 Elizabeth L Farrell;0K-09;SPEC ED;9;1;9.00;9;9
K116;P.S. 116 Elizabeth L Farrell;;;0;0;.00;0;0
