SCHOOL CODE;SCHOOL NAME;GRADE ;PROGRAM TYPE;NUMBER OF STUDENTS   SEATS FILLED;NUMBER OF SECTIONS;AVERAGE CLASS SIZE;SIZE OF SMALLEST CLASS;SIZE OF LARGEST CLASS
K119;P.S. 119 Amersfort;02;GEN ED;80;4;20.00;19;21
K119;P.S. 119 Amersfort;02;CTT;19;1;19.00;19;19
K119;P.S. 119 Amersfort;03;GEN ED;72;3;24.00;23;25
K119;P.S. 119 Amersfort;03;CTT;23;1;23.00;23;23
K119;P.S. 119 Amersfort;03;G&T;24;1;24.00;24;24
K119;P.S. 119 Amersfort;04;GEN ED;77;3;25.70;24;27
K119;P.S. 119 Amersfort;04;CTT;25;1;25.00;25;25
K119;P.S. 119 Amersfort;04;G&T;27;1;27.00;27;27
K119;P.S. 119 Amersfort;05;GEN ED;73;3;24.30;22;26
K119;P.S. 119 Amersfort;05;CTT;27;1;27.00;27;27
K119;P.S. 119 Amersfort;05;G&T;26;1;26.00;26;26
K119;P.S. 119 Amersfort;0K-09;SPEC ED;10;1;10.00;10;10
K119;P.S. 119 Amersfort;;;0;0;.00;0;0
