SCHOOL CODE;SCHOOL NAME;GRADE ;PROGRAM TYPE;NUMBER OF STUDENTS   SEATS FILLED;NUMBER OF SECTIONS;AVERAGE CLASS SIZE;SIZE OF SMALLEST CLASS;SIZE OF LARGEST CLASS
K120;P.S. 120 Carlos Tapia;0K;GEN ED;65;3;21.70;21;22
K120;P.S. 120 Carlos Tapia;01;GEN ED;75;3;25.00;25;25
K120;P.S. 120 Carlos Tapia;02;GEN ED;64;3;21.30;20;22
K120;P.S. 120 Carlos Tapia;03;GEN ED;54;3;18.00;18;18
K120;P.S. 120 Carlos Tapia;04;GEN ED;68;3;22.70;22;23
K120;P.S. 120 Carlos Tapia;05;GEN ED;65;3;21.70;21;22
K120;P.S. 120 Carlos Tapia;0K-09;SPEC ED;31;3;10.30;7;12
K120;P.S. 120 Carlos Tapia;;;0;0;.00;0;0
