SCHOOL CODE;SCHOOL NAME;GRADE ;PROGRAM TYPE;NUMBER OF STUDENTS   SEATS FILLED;NUMBER OF SECTIONS;AVERAGE CLASS SIZE;SIZE OF SMALLEST CLASS;SIZE OF LARGEST CLASS
K121;P.S. 121 Nelson A. Rockefeller;0K;GEN ED;15;1;15.00;15;15
K121;P.S. 121 Nelson A. Rockefeller;0K;CTT;30;2;15.00;12;18
K121;P.S. 121 Nelson A. Rockefeller;01;GEN ED;30;1;30.00;30;30
K121;P.S. 121 Nelson A. Rockefeller;02;GEN ED;23;1;23.00;23;23
K121;P.S. 121 Nelson A. Rockefeller;03;GEN ED;28;1;28.00;28;28
K121;P.S. 121 Nelson A. Rockefeller;04;GEN ED;24;1;24.00;24;24
K121;P.S. 121 Nelson A. Rockefeller;05;GEN ED;20;1;20.00;20;20
K121;P.S. 121 Nelson A. Rockefeller;06;GEN ED;19;1;19.00;19;19
K121;P.S. 121 Nelson A. Rockefeller;07;GEN ED;11;1;11.00;11;11
K121;P.S. 121 Nelson A. Rockefeller;08;GEN ED;16;1;16.00;16;16
K121;P.S. 121 Nelson A. Rockefeller;0K-09;SPEC ED;20;2;10.00;10;10
K121;P.S. 121 Nelson A. Rockefeller;MS Core;GEN ED;73;5;14.60;11;19
K121;P.S. 121 Nelson A. Rockefeller;MS Core;GEN ED;47;3;15.70;11;19
K121;P.S. 121 Nelson A. Rockefeller;MS Core;GEN ED;47;3;15.70;11;19
K121;P.S. 121 Nelson A. Rockefeller;MS Core;GEN ED;47;3;15.70;11;19
K121;P.S. 121 Nelson A. Rockefeller;;;0;0;.00;0;0
