SCHOOL CODE;SCHOOL NAME;GRADE ;PROGRAM TYPE;NUMBER OF STUDENTS   SEATS FILLED;NUMBER OF SECTIONS;AVERAGE CLASS SIZE;SIZE OF SMALLEST CLASS;SIZE OF LARGEST CLASS
K123;P.S. 123 Suydam;04;GEN ED;133;6;22.20;20;25
K123;P.S. 123 Suydam;0K;GEN ED;118;6;19.70;15;24
K123;P.S. 123 Suydam;0K;CTT;25;1;25.00;25;25
K123;P.S. 123 Suydam;01;GEN ED;130;6;21.70;15;24
K123;P.S. 123 Suydam;01;CTT;23;1;23.00;23;23
K123;P.S. 123 Suydam;02;GEN ED;146;6;24.30;22;26
K123;P.S. 123 Suydam;02;CTT;17;1;17.00;17;17
K123;P.S. 123 Suydam;03;GEN ED;144;7;20.60;14;23
K123;P.S. 123 Suydam;05;GEN ED;109;5;21.80;20;23
K123;P.S. 123 Suydam;0K-09;SPEC ED;32;3;10.70;10;12
K123;P.S. 123 Suydam;;;0;0;.00;0;0
