SCHOOL CODE;SCHOOL NAME;GRADE ;PROGRAM TYPE;NUMBER OF STUDENTS   SEATS FILLED;NUMBER OF SECTIONS;AVERAGE CLASS SIZE;SIZE OF SMALLEST CLASS;SIZE OF LARGEST CLASS
K124;P.S. 124 Silas B. Dutcher;0K;GEN ED;71;3;23.70;23;25
K124;P.S. 124 Silas B. Dutcher;01;GEN ED;44;2;22.00;22;22
K124;P.S. 124 Silas B. Dutcher;02;GEN ED;39;2;19.50;19;20
K124;P.S. 124 Silas B. Dutcher;03;GEN ED;50;2;25.00;24;26
K124;P.S. 124 Silas B. Dutcher;04;GEN ED;51;2;25.50;25;26
K124;P.S. 124 Silas B. Dutcher;05;GEN ED;35;2;17.50;17;18
K124;P.S. 124 Silas B. Dutcher;0K-09;SPEC ED;21;2;10.50;9;12
K124;P.S. 124 Silas B. Dutcher;;;0;0;.00;0;0
