SCHOOL CODE;SCHOOL NAME;GRADE ;PROGRAM TYPE;NUMBER OF STUDENTS   SEATS FILLED;NUMBER OF SECTIONS;AVERAGE CLASS SIZE;SIZE OF SMALLEST CLASS;SIZE OF LARGEST CLASS
K126;John Ericsson Middle School 126;06;GEN ED;51;2;25.50;23;28
K126;John Ericsson Middle School 126;06;CTT;27;1;27.00;27;27
K126;John Ericsson Middle School 126;07;GEN ED;76;3;25.30;22;31
K126;John Ericsson Middle School 126;07;CTT;26;1;26.00;26;26
K126;John Ericsson Middle School 126;08;GEN ED;67;3;22.30;18;27
K126;John Ericsson Middle School 126;08;CTT;30;1;30.00;30;30
K126;John Ericsson Middle School 126;0K-09;SPEC ED;55;5;11.00;7;12
K126;John Ericsson Middle School 126;MS Core;GEN ED;195;8;24.40;18;31
K126;John Ericsson Middle School 126;MS Core;GEN ED;195;8;24.40;18;31
K126;John Ericsson Middle School 126;MS Core;GEN ED;246;10;24.60;18;31
K126;John Ericsson Middle School 126;MS Core;GEN ED;75;3;25.00;21;31
K126;John Ericsson Middle School 126;MS Core;GEN ED;195;8;24.40;18;31
K126;John Ericsson Middle School 126;MS Core;CTT;83;3;27.70;27;29
K126;John Ericsson Middle School 126;MS Core;CTT;83;3;27.70;27;29
K126;John Ericsson Middle School 126;MS Core;CTT;110;4;27.50;27;29
K126;John Ericsson Middle School 126;MS Core;CTT;27;1;27.00;27;27
K126;John Ericsson Middle School 126;MS Core;CTT;83;3;27.70;27;29
K126;John Ericsson Middle School 126;MS Core;SPEC ED;48;4;12.00;12;12
K126;John Ericsson Middle School 126;MS Core;SPEC ED;48;4;12.00;12;12
K126;John Ericsson Middle School 126;MS Core;SPEC ED;60;5;12.00;12;12
K126;John Ericsson Middle School 126;MS Core;SPEC ED;36;3;12.00;12;12
K126;John Ericsson Middle School 126;MS Core;SPEC ED;48;4;12.00;12;12
K126;John Ericsson Middle School 126;09-12;GEN ED;69;3;23.00;18;28
K126;John Ericsson Middle School 126;09-12;CTT;29;1;29.00;29;29
K126;John Ericsson Middle School 126;;;0;0;.00;0;0
