SCHOOL CODE;SCHOOL NAME;GRADE ;PROGRAM TYPE;NUMBER OF STUDENTS   SEATS FILLED;NUMBER OF SECTIONS;AVERAGE CLASS SIZE;SIZE OF SMALLEST CLASS;SIZE OF LARGEST CLASS
K127;P.S. 127 Mckinley Park;0K;GEN ED;73;3;24.30;24;25
K127;P.S. 127 Mckinley Park;0K;CTT;21;1;21.00;21;21
K127;P.S. 127 Mckinley Park;01;GEN ED;76;3;25.30;23;27
K127;P.S. 127 Mckinley Park;01;CTT;24;1;24.00;24;24
K127;P.S. 127 Mckinley Park;02;GEN ED;58;2;29.00;29;29
K127;P.S. 127 Mckinley Park;02;CTT;25;1;25.00;25;25
K127;P.S. 127 Mckinley Park;03;GEN ED;60;2;30.00;30;30
K127;P.S. 127 Mckinley Park;03;CTT;27;1;27.00;27;27
K127;P.S. 127 Mckinley Park;04;GEN ED;29;1;29.00;29;29
K127;P.S. 127 Mckinley Park;04;CTT;28;1;28.00;28;28
K127;P.S. 127 Mckinley Park;05;GEN ED;58;2;29.00;29;29
K127;P.S. 127 Mckinley Park;0K-09;SPEC ED;11;1;11.00;11;11
K127;P.S. 127 Mckinley Park;;;0;0;.00;0;0
