SCHOOL CODE;SCHOOL NAME;GRADE ;PROGRAM TYPE;NUMBER OF STUDENTS   SEATS FILLED;NUMBER OF SECTIONS;AVERAGE CLASS SIZE;SIZE OF SMALLEST CLASS;SIZE OF LARGEST CLASS
K128;P.S. 128 Bensonhurst;0K;GEN ED;34;2;17.00;16;18
K128;P.S. 128 Bensonhurst;0K;CTT;16;1;16.00;16;16
K128;P.S. 128 Bensonhurst;01;GEN ED;44;2;22.00;22;22
K128;P.S. 128 Bensonhurst;01;CTT;24;1;24.00;24;24
K128;P.S. 128 Bensonhurst;02;GEN ED;41;2;20.50;20;21
K128;P.S. 128 Bensonhurst;03;GEN ED;32;2;16.00;16;16
K128;P.S. 128 Bensonhurst;03;CTT;18;1;18.00;18;18
K128;P.S. 128 Bensonhurst;04;GEN ED;55;2;27.50;26;29
K128;P.S. 128 Bensonhurst;05;GEN ED;46;2;23.00;23;23
K128;P.S. 128 Bensonhurst;0K-09;SPEC ED;15;2;7.50;6;9
K128;P.S. 128 Bensonhurst;;;0;0;.00;0;0
