SCHOOL CODE;SCHOOL NAME;GRADE ;PROGRAM TYPE;NUMBER OF STUDENTS   SEATS FILLED;NUMBER OF SECTIONS;AVERAGE CLASS SIZE;SIZE OF SMALLEST CLASS;SIZE OF LARGEST CLASS
K130;P.S. 130 The Parkside;0K;GEN ED;75;3;25.00;25;25
K130;P.S. 130 The Parkside;0K;CTT;19;1;19.00;19;19
K130;P.S. 130 The Parkside;01;GEN ED;70;3;23.30;22;24
K130;P.S. 130 The Parkside;01;CTT;20;1;20.00;20;20
K130;P.S. 130 The Parkside;02;GEN ED;96;4;24.00;24;24
K130;P.S. 130 The Parkside;03;GEN ED;58;3;19.30;18;21
K130;P.S. 130 The Parkside;04;GEN ED;82;4;20.50;20;21
K130;P.S. 130 The Parkside;05;GEN ED;76;3;25.30;25;26
K130;P.S. 130 The Parkside;0K-09;SPEC ED;12;1;12.00;12;12
K130;P.S. 130 The Parkside;;;0;0;.00;0;0
