SCHOOL CODE;SCHOOL NAME;GRADE ;PROGRAM TYPE;NUMBER OF STUDENTS   SEATS FILLED;NUMBER OF SECTIONS;AVERAGE CLASS SIZE;SIZE OF SMALLEST CLASS;SIZE OF LARGEST CLASS
K131;P.S. 131 Brooklyn;0K;GEN ED;148;6;24.70;23;25
K131;P.S. 131 Brooklyn;0K;CTT;18;1;18.00;18;18
K131;P.S. 131 Brooklyn;01;GEN ED;156;6;26.00;25;28
K131;P.S. 131 Brooklyn;01;CTT;23;1;23.00;23;23
K131;P.S. 131 Brooklyn;02;GEN ED;117;5;23.40;22;25
K131;P.S. 131 Brooklyn;02;CTT;19;1;19.00;19;19
K131;P.S. 131 Brooklyn;03;GEN ED;138;6;23.00;22;24
K131;P.S. 131 Brooklyn;04;GEN ED;116;5;23.20;23;24
K131;P.S. 131 Brooklyn;05;GEN ED;102;4;25.50;25;26
K131;P.S. 131 Brooklyn;05;CTT;24;1;24.00;24;24
K131;P.S. 131 Brooklyn;0K-09;SPEC ED;12;1;12.00;12;12
K131;P.S. 131 Brooklyn;;;0;0;.00;0;0
