SCHOOL CODE;SCHOOL NAME;GRADE ;PROGRAM TYPE;NUMBER OF STUDENTS   SEATS FILLED;NUMBER OF SECTIONS;AVERAGE CLASS SIZE;SIZE OF SMALLEST CLASS;SIZE OF LARGEST CLASS
K132;P.S. 132 The Conselyea School;0K;GEN ED;94;4;23.50;22;25
K132;P.S. 132 The Conselyea School;01;GEN ED;93;4;23.30;22;26
K132;P.S. 132 The Conselyea School;01;G&T;26;1;26.00;26;26
K132;P.S. 132 The Conselyea School;02;GEN ED;110;4;27.50;27;28
K132;P.S. 132 The Conselyea School;02;G&T;18;1;18.00;18;18
K132;P.S. 132 The Conselyea School;03;GEN ED;71;3;23.70;21;26
K132;P.S. 132 The Conselyea School;03;CTT;22;1;22.00;22;22
K132;P.S. 132 The Conselyea School;03;G&T;21;1;21.00;21;21
K132;P.S. 132 The Conselyea School;04;GEN ED;75;3;25.00;23;28
K132;P.S. 132 The Conselyea School;04;CTT;24;1;24.00;24;24
K132;P.S. 132 The Conselyea School;05;GEN ED;103;4;25.80;25;26
K132;P.S. 132 The Conselyea School;0K-09;SPEC ED;12;1;12.00;12;12
K132;P.S. 132 The Conselyea School;0K-09;SPEC ED;9;1;9.00;9;9
K132;P.S. 132 The Conselyea School;;;0;0;.00;0;0
