SCHOOL CODE;SCHOOL NAME;GRADE ;PROGRAM TYPE;NUMBER OF STUDENTS   SEATS FILLED;NUMBER OF SECTIONS;AVERAGE CLASS SIZE;SIZE OF SMALLEST CLASS;SIZE OF LARGEST CLASS
K133;P.S. 133 William A. Butler;0K;GEN ED;25;1;25.00;25;25
K133;P.S. 133 William A. Butler;0K;CTT;17;1;17.00;17;17
K133;P.S. 133 William A. Butler;01;GEN ED;18;1;18.00;18;18
K133;P.S. 133 William A. Butler;01;CTT;19;1;19.00;19;19
K133;P.S. 133 William A. Butler;02;GEN ED;16;1;16.00;16;16
K133;P.S. 133 William A. Butler;02;CTT;20;1;20.00;20;20
K133;P.S. 133 William A. Butler;03;GEN ED;17;1;17.00;17;17
K133;P.S. 133 William A. Butler;03;CTT;20;1;20.00;20;20
K133;P.S. 133 William A. Butler;04;GEN ED;15;1;15.00;15;15
K133;P.S. 133 William A. Butler;04;CTT;22;1;22.00;22;22
K133;P.S. 133 William A. Butler;05;GEN ED;12;1;12.00;12;12
K133;P.S. 133 William A. Butler;05;CTT;19;1;19.00;19;19
K133;P.S. 133 William A. Butler;0K-09;SPEC ED;7;1;7.00;7;7
K133;P.S. 133 William A. Butler;;;0;0;.00;0;0
