SCHOOL CODE;SCHOOL NAME;GRADE ;PROGRAM TYPE;NUMBER OF STUDENTS   SEATS FILLED;NUMBER OF SECTIONS;AVERAGE CLASS SIZE;SIZE OF SMALLEST CLASS;SIZE OF LARGEST CLASS
K134;P.S. K134;0K;GEN ED;74;4;18.50;17;22
K134;P.S. K134;01;GEN ED;69;3;23.00;19;25
K134;P.S. K134;02;GEN ED;53;2;26.50;26;27
K134;P.S. K134;02;CTT;26;1;26.00;26;26
K134;P.S. K134;03;GEN ED;46;2;23.00;22;24
K134;P.S. K134;03;CTT;24;1;24.00;24;24
K134;P.S. K134;04;GEN ED;45;2;22.50;21;24
K134;P.S. K134;04;CTT;21;1;21.00;21;21
K134;P.S. K134;05;GEN ED;44;2;22.00;19;25
K134;P.S. K134;05;CTT;39;2;19.50;19;20
K134;P.S. K134;0K-09;SPEC ED;15;2;7.50;7;8
K134;P.S. K134;;;0;0;.00;0;0
