SCHOOL CODE;SCHOOL NAME;GRADE ;PROGRAM TYPE;NUMBER OF STUDENTS   SEATS FILLED;NUMBER OF SECTIONS;AVERAGE CLASS SIZE;SIZE OF SMALLEST CLASS;SIZE OF LARGEST CLASS
K135;P.S. 135 Sheldon A. Brookner;0K;GEN ED;108;5;21.60;19;24
K135;P.S. 135 Sheldon A. Brookner;01;GEN ED;106;5;21.20;19;22
K135;P.S. 135 Sheldon A. Brookner;02;GEN ED;101;4;25.30;24;27
K135;P.S. 135 Sheldon A. Brookner;02;CTT;26;1;26.00;26;26
K135;P.S. 135 Sheldon A. Brookner;03;GEN ED;117;5;23.40;23;24
K135;P.S. 135 Sheldon A. Brookner;04;GEN ED;101;4;25.30;23;26
K135;P.S. 135 Sheldon A. Brookner;04;CTT;27;1;27.00;27;27
K135;P.S. 135 Sheldon A. Brookner;05;GEN ED;105;5;21.00;18;25
K135;P.S. 135 Sheldon A. Brookner;0K-09;SPEC ED;29;3;9.70;8;11
K135;P.S. 135 Sheldon A. Brookner;;;0;0;.00;0;0
