SCHOOL CODE;SCHOOL NAME;GRADE ;PROGRAM TYPE;NUMBER OF STUDENTS   SEATS FILLED;NUMBER OF SECTIONS;AVERAGE CLASS SIZE;SIZE OF SMALLEST CLASS;SIZE OF LARGEST CLASS
K136;I.S. 136 Charles O. Dewey;06;GEN ED;112;5;22.40;16;26
K136;I.S. 136 Charles O. Dewey;06;CTT;27;1;27.00;27;27
K136;I.S. 136 Charles O. Dewey;07;GEN ED;133;5;26.60;23;30
K136;I.S. 136 Charles O. Dewey;07;CTT;27;1;27.00;27;27
K136;I.S. 136 Charles O. Dewey;08;GEN ED;162;7;23.10;20;26
K136;I.S. 136 Charles O. Dewey;0K-09;SPEC ED;20;2;10.00;9;11
K136;I.S. 136 Charles O. Dewey;0K-09;SPEC ED;23;2;11.50;11;12
K136;I.S. 136 Charles O. Dewey;MS Core;GEN ED;406;17;23.90;16;31
K136;I.S. 136 Charles O. Dewey;MS Core;GEN ED;382;16;23.90;16;31
K136;I.S. 136 Charles O. Dewey;MS Core;GEN ED;24;1;24.00;24;24
K136;I.S. 136 Charles O. Dewey;MS Core;GEN ED;381;16;23.80;16;31
K136;I.S. 136 Charles O. Dewey;MS Core;GEN ED;24;1;24.00;24;24
K136;I.S. 136 Charles O. Dewey;MS Core;GEN ED;295;12;24.60;16;31
K136;I.S. 136 Charles O. Dewey;MS Core;GEN ED;111;5;22.20;20;24
K136;I.S. 136 Charles O. Dewey;MS Core;CTT;52;2;26.00;25;27
K136;I.S. 136 Charles O. Dewey;MS Core;CTT;52;2;26.00;25;27
K136;I.S. 136 Charles O. Dewey;MS Core;CTT;52;2;26.00;25;27
K136;I.S. 136 Charles O. Dewey;MS Core;CTT;52;2;26.00;25;27
K136;I.S. 136 Charles O. Dewey;MS Core;SPEC ED;68;6;11.30;11;12
K136;I.S. 136 Charles O. Dewey;MS Core;SPEC ED;22;2;11.00;11;11
K136;I.S. 136 Charles O. Dewey;MS Core;SPEC ED;34;3;11.30;11;12
K136;I.S. 136 Charles O. Dewey;MS Core;SPEC ED;23;2;11.50;11;12
K136;I.S. 136 Charles O. Dewey;MS Core;SPEC ED;11;1;11.00;11;11
K136;I.S. 136 Charles O. Dewey;09-12;GEN ED;21;1;21.00;21;21
K136;I.S. 136 Charles O. Dewey;;;0;0;.00;0;0
