SCHOOL CODE;SCHOOL NAME;GRADE ;PROGRAM TYPE;NUMBER OF STUDENTS   SEATS FILLED;NUMBER OF SECTIONS;AVERAGE CLASS SIZE;SIZE OF SMALLEST CLASS;SIZE OF LARGEST CLASS
K137;P.S./I.S. 137 Rachel Jean Mitchell;0K;GEN ED;33;2;16.50;16;17
K137;P.S./I.S. 137 Rachel Jean Mitchell;01;GEN ED;37;2;18.50;18;19
K137;P.S./I.S. 137 Rachel Jean Mitchell;02;GEN ED;32;2;16.00;14;18
K137;P.S./I.S. 137 Rachel Jean Mitchell;03;GEN ED;21;1;21.00;21;21
K137;P.S./I.S. 137 Rachel Jean Mitchell;03;CTT;22;1;22.00;22;22
K137;P.S./I.S. 137 Rachel Jean Mitchell;04;GEN ED;30;1;30.00;30;30
K137;P.S./I.S. 137 Rachel Jean Mitchell;05;GEN ED;25;1;25.00;25;25
K137;P.S./I.S. 137 Rachel Jean Mitchell;06;GEN ED;28;1;28.00;28;28
K137;P.S./I.S. 137 Rachel Jean Mitchell;07;GEN ED;32;1;32.00;32;32
K137;P.S./I.S. 137 Rachel Jean Mitchell;08;GEN ED;33;1;33.00;33;33
K137;P.S./I.S. 137 Rachel Jean Mitchell;0K-09;SPEC ED;29;3;9.70;8;12
K137;P.S./I.S. 137 Rachel Jean Mitchell;MS Core;GEN ED;179;8;22.40;15;31
K137;P.S./I.S. 137 Rachel Jean Mitchell;MS Core;GEN ED;90;6;15.00;12;17
K137;P.S./I.S. 137 Rachel Jean Mitchell;MS Core;GEN ED;90;3;30.00;27;32
K137;P.S./I.S. 137 Rachel Jean Mitchell;MS Core;GEN ED;90;3;30.00;27;32
K137;P.S./I.S. 137 Rachel Jean Mitchell;;;0;0;.00;0;0
