SCHOOL CODE;SCHOOL NAME;GRADE ;PROGRAM TYPE;NUMBER OF STUDENTS   SEATS FILLED;NUMBER OF SECTIONS;AVERAGE CLASS SIZE;SIZE OF SMALLEST CLASS;SIZE OF LARGEST CLASS
K138;P.S. 138 Brooklyn;0K;GEN ED;73;4;18.30;17;20
K138;P.S. 138 Brooklyn;01;GEN ED;93;4;23.30;21;27
K138;P.S. 138 Brooklyn;02;GEN ED;96;4;24.00;20;26
K138;P.S. 138 Brooklyn;03;GEN ED;73;3;24.30;23;27
K138;P.S. 138 Brooklyn;03;CTT;24;1;24.00;24;24
K138;P.S. 138 Brooklyn;04;GEN ED;80;3;26.70;25;28
K138;P.S. 138 Brooklyn;04;CTT;30;1;30.00;30;30
K138;P.S. 138 Brooklyn;05;GEN ED;66;3;22.00;19;26
K138;P.S. 138 Brooklyn;06;GEN ED;109;4;27.30;25;29
K138;P.S. 138 Brooklyn;07;GEN ED;73;3;24.30;22;26
K138;P.S. 138 Brooklyn;07;CTT;23;1;23.00;23;23
K138;P.S. 138 Brooklyn;08;GEN ED;63;2;31.50;30;33
K138;P.S. 138 Brooklyn;08;CTT;32;1;32.00;32;32
K138;P.S. 138 Brooklyn;0K-09;SPEC ED;49;6;8.20;4;12
K138;P.S. 138 Brooklyn;MS Core;GEN ED;246;9;27.30;24;32
K138;P.S. 138 Brooklyn;MS Core;GEN ED;246;9;27.30;24;32
K138;P.S. 138 Brooklyn;MS Core;GEN ED;246;9;27.30;24;32
K138;P.S. 138 Brooklyn;MS Core;GEN ED;246;9;27.30;24;32
K138;P.S. 138 Brooklyn;MS Core;CTT;51;2;25.50;21;30
K138;P.S. 138 Brooklyn;MS Core;CTT;51;2;25.50;21;30
K138;P.S. 138 Brooklyn;MS Core;CTT;51;2;25.50;21;30
K138;P.S. 138 Brooklyn;MS Core;CTT;51;2;25.50;21;30
K138;P.S. 138 Brooklyn;MS Core;SPEC ED;12;1;12.00;12;12
K138;P.S. 138 Brooklyn;MS Core;SPEC ED;12;1;12.00;12;12
K138;P.S. 138 Brooklyn;MS Core;SPEC ED;12;1;12.00;12;12
K138;P.S. 138 Brooklyn;MS Core;SPEC ED;12;1;12.00;12;12
K138;P.S. 138 Brooklyn;;;0;0;.00;0;0
