SCHOOL CODE;SCHOOL NAME;GRADE ;PROGRAM TYPE;NUMBER OF STUDENTS   SEATS FILLED;NUMBER OF SECTIONS;AVERAGE CLASS SIZE;SIZE OF SMALLEST CLASS;SIZE OF LARGEST CLASS
K139;P.S. 139 Alexine A. Fenty;0K;GEN ED;129;6;21.50;19;25
K139;P.S. 139 Alexine A. Fenty;0K;CTT;20;1;20.00;20;20
K139;P.S. 139 Alexine A. Fenty;01;GEN ED;142;6;23.70;22;26
K139;P.S. 139 Alexine A. Fenty;01;CTT;22;1;22.00;22;22
K139;P.S. 139 Alexine A. Fenty;02;GEN ED;162;7;23.10;22;24
K139;P.S. 139 Alexine A. Fenty;03;GEN ED;134;5;26.80;26;27
K139;P.S. 139 Alexine A. Fenty;03;CTT;25;1;25.00;25;25
K139;P.S. 139 Alexine A. Fenty;03;G&T;23;1;23.00;23;23
K139;P.S. 139 Alexine A. Fenty;04;GEN ED;124;4;31.00;31;31
K139;P.S. 139 Alexine A. Fenty;04;CTT;30;1;30.00;30;30
K139;P.S. 139 Alexine A. Fenty;04;G&T;27;1;27.00;27;27
K139;P.S. 139 Alexine A. Fenty;05;GEN ED;116;4;29.00;28;30
K139;P.S. 139 Alexine A. Fenty;05;CTT;28;1;28.00;28;28
K139;P.S. 139 Alexine A. Fenty;05;G&T;23;1;23.00;23;23
K139;P.S. 139 Alexine A. Fenty;0K-09;SPEC ED;20;2;10.00;8;12
K139;P.S. 139 Alexine A. Fenty;;;0;0;.00;0;0
