SCHOOL CODE;SCHOOL NAME;GRADE ;PROGRAM TYPE;NUMBER OF STUDENTS   SEATS FILLED;NUMBER OF SECTIONS;AVERAGE CLASS SIZE;SIZE OF SMALLEST CLASS;SIZE OF LARGEST CLASS
K145;P.S. 145 Andrew Jackson;0K;GEN ED;112;6;18.70;17;20
K145;P.S. 145 Andrew Jackson;0K;CTT;22;1;22.00;22;22
K145;P.S. 145 Andrew Jackson;01;GEN ED;124;6;20.70;19;22
K145;P.S. 145 Andrew Jackson;01;CTT;19;1;19.00;19;19
K145;P.S. 145 Andrew Jackson;02;GEN ED;116;6;19.30;17;24
K145;P.S. 145 Andrew Jackson;03;GEN ED;119;6;19.80;19;21
K145;P.S. 145 Andrew Jackson;04;GEN ED;114;4;28.50;28;29
K145;P.S. 145 Andrew Jackson;05;GEN ED;109;4;27.30;26;31
K145;P.S. 145 Andrew Jackson;0K-09;SPEC ED;10;1;10.00;10;10
K145;P.S. 145 Andrew Jackson;0K-09;SPEC ED;54;5;10.80;9;12
K145;P.S. 145 Andrew Jackson;;;0;0;.00;0;0
