SCHOOL CODE;SCHOOL NAME;GRADE ;PROGRAM TYPE;NUMBER OF STUDENTS   SEATS FILLED;NUMBER OF SECTIONS;AVERAGE CLASS SIZE;SIZE OF SMALLEST CLASS;SIZE OF LARGEST CLASS
K146;P.S. 146;0K;GEN ED;75;3;25.00;25;25
K146;P.S. 146;0K;CTT;25;1;25.00;25;25
K146;P.S. 146;01;GEN ED;72;3;24.00;23;25
K146;P.S. 146;01;CTT;25;1;25.00;25;25
K146;P.S. 146;02;GEN ED;56;2;28.00;28;28
K146;P.S. 146;02;CTT;29;1;29.00;29;29
K146;P.S. 146;03;GEN ED;58;2;29.00;28;30
K146;P.S. 146;03;CTT;29;1;29.00;29;29
K146;P.S. 146;04;GEN ED;59;2;29.50;29;30
K146;P.S. 146;04;CTT;28;1;28.00;28;28
K146;P.S. 146;05;GEN ED;60;2;30.00;30;30
K146;P.S. 146;05;CTT;30;1;30.00;30;30
K146;P.S. 146;0K-09;SPEC ED;12;1;12.00;12;12
K146;P.S. 146;0K-09;SPEC ED;24;2;12.00;12;12
K146;P.S. 146;;;0;0;.00;0;0
