SCHOOL CODE;SCHOOL NAME;GRADE ;PROGRAM TYPE;NUMBER OF STUDENTS   SEATS FILLED;NUMBER OF SECTIONS;AVERAGE CLASS SIZE;SIZE OF SMALLEST CLASS;SIZE OF LARGEST CLASS
K147;P.S. 147 Isaac Remsen;0K;GEN ED;32;2;16.00;15;17
K147;P.S. 147 Isaac Remsen;01;GEN ED;35;2;17.50;17;18
K147;P.S. 147 Isaac Remsen;02;GEN ED;29;2;14.50;14;15
K147;P.S. 147 Isaac Remsen;03;GEN ED;23;1;23.00;23;23
K147;P.S. 147 Isaac Remsen;04;GEN ED;25;2;12.50;10;15
K147;P.S. 147 Isaac Remsen;05;GEN ED;19;1;19.00;19;19
K147;P.S. 147 Isaac Remsen;05;CTT;23;1;23.00;23;23
K147;P.S. 147 Isaac Remsen;0K-09;SPEC ED;27;3;9.00;6;12
K147;P.S. 147 Isaac Remsen;;;0;0;.00;0;0
