SCHOOL CODE;SCHOOL NAME;GRADE ;PROGRAM TYPE;NUMBER OF STUDENTS   SEATS FILLED;NUMBER OF SECTIONS;AVERAGE CLASS SIZE;SIZE OF SMALLEST CLASS;SIZE OF LARGEST CLASS
K149;P.S. 149 Danny Kaye;0K;GEN ED;110;5;22.00;21;24
K149;P.S. 149 Danny Kaye;01;GEN ED;106;5;21.20;20;22
K149;P.S. 149 Danny Kaye;02;GEN ED;96;4;24.00;23;25
K149;P.S. 149 Danny Kaye;02;CTT;25;1;25.00;25;25
K149;P.S. 149 Danny Kaye;03;GEN ED;82;4;20.50;16;22
K149;P.S. 149 Danny Kaye;03;CTT;23;1;23.00;23;23
K149;P.S. 149 Danny Kaye;04;GEN ED;109;5;21.80;20;25
K149;P.S. 149 Danny Kaye;05;GEN ED;93;4;23.30;20;27
K149;P.S. 149 Danny Kaye;0K-09;SPEC ED;24;2;12.00;12;12
K149;P.S. 149 Danny Kaye;0K-09;SPEC ED;30;3;10.00;8;12
K149;P.S. 149 Danny Kaye;;;0;0;.00;0;0
