SCHOOL CODE;SCHOOL NAME;GRADE ;PROGRAM TYPE;NUMBER OF STUDENTS   SEATS FILLED;NUMBER OF SECTIONS;AVERAGE CLASS SIZE;SIZE OF SMALLEST CLASS;SIZE OF LARGEST CLASS
K150;P.S. 150 Christopher;0K;GEN ED;25;1;25.00;25;25
K150;P.S. 150 Christopher;01;GEN ED;35;2;17.50;16;19
K150;P.S. 150 Christopher;02;GEN ED;28;1;28.00;28;28
K150;P.S. 150 Christopher;02;CTT;27;1;27.00;27;27
K150;P.S. 150 Christopher;03;GEN ED;43;2;21.50;20;23
K150;P.S. 150 Christopher;04;GEN ED;32;1;32.00;32;32
K150;P.S. 150 Christopher;05;GEN ED;33;2;16.50;16;17
K150;P.S. 150 Christopher;08;GEN ED;36;2;18.00;18;18
K150;P.S. 150 Christopher;0K-09;SPEC ED;21;2;10.50;9;12
K150;P.S. 150 Christopher;0K-09;SPEC ED;23;2;11.50;11;12
K150;P.S. 150 Christopher;MS Core;GEN ED;36;2;18.00;18;18
K150;P.S. 150 Christopher;MS Core;GEN ED;36;2;18.00;18;18
K150;P.S. 150 Christopher;MS Core;GEN ED;36;2;18.00;18;18
K150;P.S. 150 Christopher;MS Core;GEN ED;36;2;18.00;18;18
K150;P.S. 150 Christopher;MS Core;SPEC ED;11;1;11.00;11;11
K150;P.S. 150 Christopher;MS Core;SPEC ED;11;1;11.00;11;11
K150;P.S. 150 Christopher;MS Core;SPEC ED;11;1;11.00;11;11
K150;P.S. 150 Christopher;MS Core;SPEC ED;11;1;11.00;11;11
K150;P.S. 150 Christopher;;;0;0;.00;0;0
