SCHOOL CODE;SCHOOL NAME;GRADE ;PROGRAM TYPE;NUMBER OF STUDENTS   SEATS FILLED;NUMBER OF SECTIONS;AVERAGE CLASS SIZE;SIZE OF SMALLEST CLASS;SIZE OF LARGEST CLASS
K151;P.S. 151 Lyndon B. Johnson;0K;GEN ED;50;2;25.00;25;25
K151;P.S. 151 Lyndon B. Johnson;0K;CTT;22;1;22.00;22;22
K151;P.S. 151 Lyndon B. Johnson;01;GEN ED;43;2;21.50;19;24
K151;P.S. 151 Lyndon B. Johnson;01;CTT;23;1;23.00;23;23
K151;P.S. 151 Lyndon B. Johnson;02;GEN ED;67;3;22.30;22;23
K151;P.S. 151 Lyndon B. Johnson;03;GEN ED;68;3;22.70;22;23
K151;P.S. 151 Lyndon B. Johnson;04;GEN ED;51;2;25.50;25;26
K151;P.S. 151 Lyndon B. Johnson;04;CTT;23;1;23.00;23;23
K151;P.S. 151 Lyndon B. Johnson;05;GEN ED;43;2;21.50;21;22
K151;P.S. 151 Lyndon B. Johnson;05;CTT;24;1;24.00;24;24
K151;P.S. 151 Lyndon B. Johnson;0K-09;SPEC ED;10;1;10.00;10;10
K151;P.S. 151 Lyndon B. Johnson;;;0;0;.00;0;0
