SCHOOL CODE;SCHOOL NAME;GRADE ;PROGRAM TYPE;NUMBER OF STUDENTS   SEATS FILLED;NUMBER OF SECTIONS;AVERAGE CLASS SIZE;SIZE OF SMALLEST CLASS;SIZE OF LARGEST CLASS
K152;School of Science & Technology;0K;GEN ED;99;4;24.80;24;25
K152;School of Science & Technology;0K;CTT;18;1;18.00;18;18
K152;School of Science & Technology;01;GEN ED;131;5;26.20;23;28
K152;School of Science & Technology;02;GEN ED;125;5;25.00;24;26
K152;School of Science & Technology;03;GEN ED;125;5;25.00;24;27
K152;School of Science & Technology;04;GEN ED;112;4;28.00;26;29
K152;School of Science & Technology;04;CTT;22;1;22.00;22;22
K152;School of Science & Technology;05;GEN ED;131;5;26.20;24;28
K152;School of Science & Technology;0K-09;SPEC ED;23;2;11.50;11;12
K152;School of Science & Technology;0K-09;SPEC ED;33;3;11.00;9;12
K152;School of Science & Technology;;;0;0;.00;0;0
