SCHOOL CODE;SCHOOL NAME;GRADE ;PROGRAM TYPE;NUMBER OF STUDENTS   SEATS FILLED;NUMBER OF SECTIONS;AVERAGE CLASS SIZE;SIZE OF SMALLEST CLASS;SIZE OF LARGEST CLASS
K153;P.S. 153 Homecrest;0K;GEN ED;76;3;25.30;25;26
K153;P.S. 153 Homecrest;01;GEN ED;81;4;20.30;20;21
K153;P.S. 153 Homecrest;02;GEN ED;66;3;22.00;20;23
K153;P.S. 153 Homecrest;02;CTT;23;1;23.00;23;23
K153;P.S. 153 Homecrest;03;GEN ED;43;2;21.50;21;22
K153;P.S. 153 Homecrest;03;CTT;20;1;20.00;20;20
K153;P.S. 153 Homecrest;04;GEN ED;89;3;29.70;29;30
K153;P.S. 153 Homecrest;05;GEN ED;60;2;30.00;28;32
K153;P.S. 153 Homecrest;0K-09;SPEC ED;22;2;11.00;10;12
K153;P.S. 153 Homecrest;;;0;0;.00;0;0
