SCHOOL CODE;SCHOOL NAME;GRADE ;PROGRAM TYPE;NUMBER OF STUDENTS   SEATS FILLED;NUMBER OF SECTIONS;AVERAGE CLASS SIZE;SIZE OF SMALLEST CLASS;SIZE OF LARGEST CLASS
K154;Magnet School for Science & Technology;0K;GEN ED;69;3;23.00;22;24
K154;Magnet School for Science & Technology;0K;CTT;21;1;21.00;21;21
K154;Magnet School for Science & Technology;01;GEN ED;66;3;22.00;21;23
K154;Magnet School for Science & Technology;01;CTT;22;1;22.00;22;22
K154;Magnet School for Science & Technology;02;GEN ED;59;3;19.70;19;21
K154;Magnet School for Science & Technology;02;CTT;22;1;22.00;22;22
K154;Magnet School for Science & Technology;03;GEN ED;56;2;28.00;28;28
K154;Magnet School for Science & Technology;04;GEN ED;56;3;18.70;18;19
K154;Magnet School for Science & Technology;05;GEN ED;45;2;22.50;22;23
K154;Magnet School for Science & Technology;;;0;0;.00;0;0
