SCHOOL CODE;SCHOOL NAME;GRADE ;PROGRAM TYPE;NUMBER OF STUDENTS   SEATS FILLED;NUMBER OF SECTIONS;AVERAGE CLASS SIZE;SIZE OF SMALLEST CLASS;SIZE OF LARGEST CLASS
K155;P.S./ I.S. 155 Nicholas Herkimer;0K;GEN ED;53;2;26.50;26;27
K155;P.S./ I.S. 155 Nicholas Herkimer;01;GEN ED;55;3;18.30;16;20
K155;P.S./ I.S. 155 Nicholas Herkimer;02;GEN ED;47;2;23.50;23;24
K155;P.S./ I.S. 155 Nicholas Herkimer;03;GEN ED;59;3;19.70;19;20
K155;P.S./ I.S. 155 Nicholas Herkimer;04;GEN ED;50;2;25.00;25;25
K155;P.S./ I.S. 155 Nicholas Herkimer;05;GEN ED;50;2;25.00;25;25
K155;P.S./ I.S. 155 Nicholas Herkimer;06;GEN ED;52;2;26.00;25;27
K155;P.S./ I.S. 155 Nicholas Herkimer;07;GEN ED;53;2;26.50;26;27
K155;P.S./ I.S. 155 Nicholas Herkimer;08;GEN ED;60;2;30.00;30;30
K155;P.S./ I.S. 155 Nicholas Herkimer;0K-09;SPEC ED;31;3;10.30;9;12
K155;P.S./ I.S. 155 Nicholas Herkimer;0K-09;SPEC ED;33;3;11.00;10;12
K155;P.S./ I.S. 155 Nicholas Herkimer;MS Core;GEN ED;163;6;27.20;24;29
K155;P.S./ I.S. 155 Nicholas Herkimer;MS Core;GEN ED;163;6;27.20;24;29
K155;P.S./ I.S. 155 Nicholas Herkimer;MS Core;GEN ED;163;6;27.20;24;29
K155;P.S./ I.S. 155 Nicholas Herkimer;MS Core;GEN ED;163;6;27.20;24;29
K155;P.S./ I.S. 155 Nicholas Herkimer;;;0;0;.00;0;0
