SCHOOL CODE;SCHOOL NAME;GRADE ;PROGRAM TYPE;NUMBER OF STUDENTS   SEATS FILLED;NUMBER OF SECTIONS;AVERAGE CLASS SIZE;SIZE OF SMALLEST CLASS;SIZE OF LARGEST CLASS
K156;P.S. 156 Waverly;0K;GEN ED;80;3;26.70;26;28
K156;P.S. 156 Waverly;0K;CTT;22;1;22.00;22;22
K156;P.S. 156 Waverly;01;GEN ED;124;5;24.80;24;26
K156;P.S. 156 Waverly;01;CTT;21;1;21.00;21;21
K156;P.S. 156 Waverly;02;GEN ED;121;5;24.20;23;27
K156;P.S. 156 Waverly;03;GEN ED;128;5;25.60;24;27
K156;P.S. 156 Waverly;04;GEN ED;132;5;26.40;23;29
K156;P.S. 156 Waverly;05;GEN ED;110;4;27.50;26;29
K156;P.S. 156 Waverly;05;CTT;25;1;25.00;25;25
K156;P.S. 156 Waverly;0K-09;SPEC ED;12;1;12.00;12;12
K156;P.S. 156 Waverly;0K-09;SPEC ED;24;2;12.00;12;12
K156;P.S. 156 Waverly;;;0;0;.00;0;0
