SCHOOL CODE;SCHOOL NAME;GRADE ;PROGRAM TYPE;NUMBER OF STUDENTS   SEATS FILLED;NUMBER OF SECTIONS;AVERAGE CLASS SIZE;SIZE OF SMALLEST CLASS;SIZE OF LARGEST CLASS
K157;P.S. 157 Benjamin Franklin;0K;GEN ED;32;2;16.00;14;18
K157;P.S. 157 Benjamin Franklin;0K;CTT;16;1;16.00;16;16
K157;P.S. 157 Benjamin Franklin;01;GEN ED;43;2;21.50;19;24
K157;P.S. 157 Benjamin Franklin;01;CTT;24;1;24.00;24;24
K157;P.S. 157 Benjamin Franklin;02;GEN ED;43;2;21.50;21;22
K157;P.S. 157 Benjamin Franklin;02;CTT;19;1;19.00;19;19
K157;P.S. 157 Benjamin Franklin;03;GEN ED;49;3;16.30;14;18
K157;P.S. 157 Benjamin Franklin;04;GEN ED;57;3;19.00;17;22
K157;P.S. 157 Benjamin Franklin;05;GEN ED;46;2;23.00;21;25
K157;P.S. 157 Benjamin Franklin;0K-09;SPEC ED;29;3;9.70;8;11
K157;P.S. 157 Benjamin Franklin;;;0;0;.00;0;0
