SCHOOL CODE;SCHOOL NAME;GRADE ;PROGRAM TYPE;NUMBER OF STUDENTS   SEATS FILLED;NUMBER OF SECTIONS;AVERAGE CLASS SIZE;SIZE OF SMALLEST CLASS;SIZE OF LARGEST CLASS
K158;P.S. 158 Warwick;03;GEN ED;86;4;21.50;18;25
K158;P.S. 158 Warwick;04;GEN ED;71;3;23.70;22;25
K158;P.S. 158 Warwick;0K;GEN ED;60;3;20.00;19;21
K158;P.S. 158 Warwick;0K;CTT;12;1;12.00;12;12
K158;P.S. 158 Warwick;01;GEN ED;78;4;19.50;17;21
K158;P.S. 158 Warwick;02;GEN ED;79;4;19.80;19;20
K158;P.S. 158 Warwick;04;CTT;16;1;16.00;16;16
K158;P.S. 158 Warwick;05;GEN ED;75;3;25.00;25;25
K158;P.S. 158 Warwick;0K-09;SPEC ED;42;4;10.50;6;12
K158;P.S. 158 Warwick;0K-09;SPEC ED;36;3;12.00;11;13
K158;P.S. 158 Warwick;;;0;0;.00;0;0
