SCHOOL CODE;SCHOOL NAME;GRADE ;PROGRAM TYPE;NUMBER OF STUDENTS   SEATS FILLED;NUMBER OF SECTIONS;AVERAGE CLASS SIZE;SIZE OF SMALLEST CLASS;SIZE OF LARGEST CLASS
K159;P.S. 159 Isaac Pitkin;0K;GEN ED;126;5;25.20;22;26
K159;P.S. 159 Isaac Pitkin;01;GEN ED;130;6;21.70;19;25
K159;P.S. 159 Isaac Pitkin;02;GEN ED;154;7;22.00;20;25
K159;P.S. 159 Isaac Pitkin;03;GEN ED;147;6;24.50;22;28
K159;P.S. 159 Isaac Pitkin;04;GEN ED;127;6;21.20;20;23
K159;P.S. 159 Isaac Pitkin;04;CTT;20;1;20.00;20;20
K159;P.S. 159 Isaac Pitkin;05;GEN ED;121;6;20.20;13;24
K159;P.S. 159 Isaac Pitkin;05;CTT;22;1;22.00;22;22
K159;P.S. 159 Isaac Pitkin;0K-09;SPEC ED;41;4;10.30;9;12
K159;P.S. 159 Isaac Pitkin;;;0;0;.00;0;0
