SCHOOL CODE;SCHOOL NAME;GRADE ;PROGRAM TYPE;NUMBER OF STUDENTS   SEATS FILLED;NUMBER OF SECTIONS;AVERAGE CLASS SIZE;SIZE OF SMALLEST CLASS;SIZE OF LARGEST CLASS
K160;P.S. 160 William T. Sampson;0K;GEN ED;128;5;25.60;23;30
K160;P.S. 160 William T. Sampson;01;GEN ED;149;5;29.80;25;32
K160;P.S. 160 William T. Sampson;02;GEN ED;150;6;25.00;24;26
K160;P.S. 160 William T. Sampson;03;GEN ED;154;5;30.80;30;31
K160;P.S. 160 William T. Sampson;04;GEN ED;135;5;27.00;26;28
K160;P.S. 160 William T. Sampson;05;GEN ED;127;4;31.80;31;32
K160;P.S. 160 William T. Sampson;0K-09;SPEC ED;8;1;8.00;8;8
K160;P.S. 160 William T. Sampson;;;0;0;.00;0;0
