SCHOOL CODE;SCHOOL NAME;GRADE ;PROGRAM TYPE;NUMBER OF STUDENTS   SEATS FILLED;NUMBER OF SECTIONS;AVERAGE CLASS SIZE;SIZE OF SMALLEST CLASS;SIZE OF LARGEST CLASS
K161;P.S. 161 The Crown;0K;GEN ED;48;2;24.00;22;26
K161;P.S. 161 The Crown;0K;CTT;18;1;18.00;18;18
K161;P.S. 161 The Crown;0K;G&T;12;1;12.00;12;12
K161;P.S. 161 The Crown;01;GEN ED;64;3;21.30;21;22
K161;P.S. 161 The Crown;01;CTT;15;1;15.00;15;15
K161;P.S. 161 The Crown;01;G&T;23;1;23.00;23;23
K161;P.S. 161 The Crown;02;GEN ED;99;4;24.80;24;25
K161;P.S. 161 The Crown;02;CTT;25;1;25.00;25;25
K161;P.S. 161 The Crown;02;G&T;23;1;23.00;23;23
K161;P.S. 161 The Crown;03;GEN ED;106;4;26.50;26;28
K161;P.S. 161 The Crown;03;G&T;20;1;20.00;20;20
K161;P.S. 161 The Crown;04;GEN ED;104;4;26.00;25;27
K161;P.S. 161 The Crown;04;G&T;26;1;26.00;26;26
K161;P.S. 161 The Crown;05;GEN ED;109;4;27.30;23;30
K161;P.S. 161 The Crown;05;G&T;27;1;27.00;27;27
K161;P.S. 161 The Crown;06;GEN ED;34;2;17.00;16;18
K161;P.S. 161 The Crown;07;GEN ED;30;1;30.00;30;30
K161;P.S. 161 The Crown;07;CTT;20;1;20.00;20;20
K161;P.S. 161 The Crown;08;GEN ED;26;1;26.00;26;26
K161;P.S. 161 The Crown;08;CTT;25;1;25.00;25;25
K161;P.S. 161 The Crown;0K-09;SPEC ED;5;1;5.00;5;5
K161;P.S. 161 The Crown;MS Core;GEN ED;118;5;23.60;15;30
K161;P.S. 161 The Crown;MS Core;GEN ED;182;8;22.80;15;30
K161;P.S. 161 The Crown;MS Core;GEN ED;90;4;22.50;15;30
K161;P.S. 161 The Crown;MS Core;GEN ED;90;4;22.50;15;29
K161;P.S. 161 The Crown;MS Core;CTT;72;3;24.00;20;27
K161;P.S. 161 The Crown;MS Core;CTT;94;4;23.50;20;27
K161;P.S. 161 The Crown;MS Core;CTT;47;2;23.50;20;27
K161;P.S. 161 The Crown;MS Core;CTT;48;2;24.00;21;27
K161;P.S. 161 The Crown;;;0;0;.00;0;0
