SCHOOL CODE;SCHOOL NAME;GRADE ;PROGRAM TYPE;NUMBER OF STUDENTS   SEATS FILLED;NUMBER OF SECTIONS;AVERAGE CLASS SIZE;SIZE OF SMALLEST CLASS;SIZE OF LARGEST CLASS
K162;J.H.S. 162 The Willoughby;06;GEN ED;146;5;29.20;28;30
K162;J.H.S. 162 The Willoughby;06;CTT;30;1;30.00;30;30
K162;J.H.S. 162 The Willoughby;07;GEN ED;136;5;27.20;26;29
K162;J.H.S. 162 The Willoughby;07;CTT;28;1;28.00;28;28
K162;J.H.S. 162 The Willoughby;08;GEN ED;197;7;28.10;19;31
K162;J.H.S. 162 The Willoughby;08;CTT;31;1;31.00;31;31
K162;J.H.S. 162 The Willoughby;0K-09;SPEC ED;23;2;11.50;10;13
K162;J.H.S. 162 The Willoughby;0K-09;SPEC ED;23;3;7.70;5;11
K162;J.H.S. 162 The Willoughby;MS Core;GEN ED;463;19;24.40;13;32
K162;J.H.S. 162 The Willoughby;MS Core;GEN ED;475;17;27.90;20;32
K162;J.H.S. 162 The Willoughby;MS Core;GEN ED;486;17;28.60;22;32
K162;J.H.S. 162 The Willoughby;MS Core;GEN ED;486;17;28.60;22;32
K162;J.H.S. 162 The Willoughby;MS Core;CTT;82;3;27.30;23;30
K162;J.H.S. 162 The Willoughby;MS Core;CTT;89;3;29.70;28;31
K162;J.H.S. 162 The Willoughby;MS Core;CTT;89;3;29.70;28;31
K162;J.H.S. 162 The Willoughby;MS Core;CTT;89;3;29.70;28;31
K162;J.H.S. 162 The Willoughby;MS Core;SPEC ED;27;4;6.80;5;10
K162;J.H.S. 162 The Willoughby;MS Core;SPEC ED;39;5;7.80;5;10
K162;J.H.S. 162 The Willoughby;MS Core;SPEC ED;39;5;7.80;5;10
K162;J.H.S. 162 The Willoughby;MS Core;SPEC ED;39;5;7.80;5;10
K162;J.H.S. 162 The Willoughby;09-12;GEN ED;232;9;25.80;20;30
K162;J.H.S. 162 The Willoughby;09-12;CTT;46;2;23.00;23;23
K162;J.H.S. 162 The Willoughby;;;0;0;.00;0;0
