SCHOOL CODE;SCHOOL NAME;GRADE ;PROGRAM TYPE;NUMBER OF STUDENTS   SEATS FILLED;NUMBER OF SECTIONS;AVERAGE CLASS SIZE;SIZE OF SMALLEST CLASS;SIZE OF LARGEST CLASS
K163;P.S. 163 Bath Beach;0K;GEN ED;66;3;22.00;22;22
K163;P.S. 163 Bath Beach;0K;CTT;21;1;21.00;21;21
K163;P.S. 163 Bath Beach;01;GEN ED;78;3;26.00;26;26
K163;P.S. 163 Bath Beach;02;GEN ED;59;3;19.70;19;20
K163;P.S. 163 Bath Beach;03;GEN ED;63;3;21.00;20;22
K163;P.S. 163 Bath Beach;04;GEN ED;55;2;27.50;26;29
K163;P.S. 163 Bath Beach;05;GEN ED;52;2;26.00;26;26
K163;P.S. 163 Bath Beach;06;GEN ED;50;2;25.00;25;25
K163;P.S. 163 Bath Beach;0K-09;SPEC ED;58;5;11.60;11;12
K163;P.S. 163 Bath Beach;;;0;0;.00;0;0
