SCHOOL CODE;SCHOOL NAME;GRADE ;PROGRAM TYPE;NUMBER OF STUDENTS   SEATS FILLED;NUMBER OF SECTIONS;AVERAGE CLASS SIZE;SIZE OF SMALLEST CLASS;SIZE OF LARGEST CLASS
K164;P.S. 164 Caesar Rodney;0K;CTT;22;1;22.00;22;22
K164;P.S. 164 Caesar Rodney;0K;GEN ED;68;3;22.70;22;23
K164;P.S. 164 Caesar Rodney;01;GEN ED;59;3;19.70;19;20
K164;P.S. 164 Caesar Rodney;01;CTT;21;1;21.00;21;21
K164;P.S. 164 Caesar Rodney;02;GEN ED;52;2;26.00;25;27
K164;P.S. 164 Caesar Rodney;02;CTT;26;1;26.00;26;26
K164;P.S. 164 Caesar Rodney;03;GEN ED;23;1;23.00;23;23
K164;P.S. 164 Caesar Rodney;03;CTT;37;2;18.50;15;22
K164;P.S. 164 Caesar Rodney;04;GEN ED;21;1;21.00;21;21
K164;P.S. 164 Caesar Rodney;04;CTT;41;2;20.50;18;23
K164;P.S. 164 Caesar Rodney;05;GEN ED;25;1;25.00;25;25
K164;P.S. 164 Caesar Rodney;05;CTT;27;1;27.00;27;27
K164;P.S. 164 Caesar Rodney;0K-09;SPEC ED;10;1;10.00;10;10
K164;P.S. 164 Caesar Rodney;0K-09;SPEC ED;34;3;11.30;11;12
K164;P.S. 164 Caesar Rodney;;;0;0;.00;0;0
