SCHOOL CODE;SCHOOL NAME;GRADE ;PROGRAM TYPE;NUMBER OF STUDENTS   SEATS FILLED;NUMBER OF SECTIONS;AVERAGE CLASS SIZE;SIZE OF SMALLEST CLASS;SIZE OF LARGEST CLASS
K165;P.S. 165 Ida Posner;0K;GEN ED;37;2;18.50;18;19
K165;P.S. 165 Ida Posner;0K;CTT;18;1;18.00;18;18
K165;P.S. 165 Ida Posner;01;GEN ED;55;3;18.30;18;19
K165;P.S. 165 Ida Posner;02;GEN ED;47;2;23.50;23;24
K165;P.S. 165 Ida Posner;02;CTT;20;1;20.00;20;20
K165;P.S. 165 Ida Posner;03;GEN ED;72;3;24.00;23;25
K165;P.S. 165 Ida Posner;04;GEN ED;45;2;22.50;22;23
K165;P.S. 165 Ida Posner;04;CTT;22;1;22.00;22;22
K165;P.S. 165 Ida Posner;05;GEN ED;56;2;28.00;28;28
K165;P.S. 165 Ida Posner;06;GEN ED;42;2;21.00;20;22
K165;P.S. 165 Ida Posner;07;GEN ED;61;2;30.50;30;31
K165;P.S. 165 Ida Posner;08;GEN ED;51;2;25.50;24;27
K165;P.S. 165 Ida Posner;0K-09;SPEC ED;12;1;12.00;12;12
K165;P.S. 165 Ida Posner;0K-09;SPEC ED;37;4;9.30;6;11
K165;P.S. 165 Ida Posner;MS Core;GEN ED;142;6;23.70;19;29
K165;P.S. 165 Ida Posner;MS Core;GEN ED;142;6;23.70;19;29
K165;P.S. 165 Ida Posner;MS Core;GEN ED;142;6;23.70;19;29
K165;P.S. 165 Ida Posner;MS Core;GEN ED;40;2;20.00;19;21
K165;P.S. 165 Ida Posner;MS Core;GEN ED;142;6;23.70;19;29
K165;P.S. 165 Ida Posner;MS Core;SPEC ED;20;2;10.00;10;10
K165;P.S. 165 Ida Posner;MS Core;SPEC ED;20;2;10.00;10;10
K165;P.S. 165 Ida Posner;MS Core;SPEC ED;20;2;10.00;10;10
K165;P.S. 165 Ida Posner;MS Core;SPEC ED;20;2;10.00;10;10
K165;P.S. 165 Ida Posner;MS Core;SPEC ED;20;2;10.00;10;10
K165;P.S. 165 Ida Posner;;;0;0;.00;0;0
