SCHOOL CODE;SCHOOL NAME;GRADE ;PROGRAM TYPE;NUMBER OF STUDENTS   SEATS FILLED;NUMBER OF SECTIONS;AVERAGE CLASS SIZE;SIZE OF SMALLEST CLASS;SIZE OF LARGEST CLASS
K166;J.H.S. 166 George Gershwin;06;GEN ED;84;3;28.00;27;29
K166;J.H.S. 166 George Gershwin;06;CTT;20;1;20.00;20;20
K166;J.H.S. 166 George Gershwin;07;GEN ED;139;5;27.80;22;30
K166;J.H.S. 166 George Gershwin;08;GEN ED;164;6;27.30;24;30
K166;J.H.S. 166 George Gershwin;08;CTT;17;1;17.00;17;17
K166;J.H.S. 166 George Gershwin;0K-09;SPEC ED;32;3;10.70;8;12
K166;J.H.S. 166 George Gershwin;0K-09;SPEC ED;45;4;11.30;9;13
K166;J.H.S. 166 George Gershwin;09-12;GEN ED;18;1;18.00;18;18
K166;J.H.S. 166 George Gershwin;;;0;0;.00;0;0
