SCHOOL CODE;SCHOOL NAME;GRADE ;PROGRAM TYPE;NUMBER OF STUDENTS   SEATS FILLED;NUMBER OF SECTIONS;AVERAGE CLASS SIZE;SIZE OF SMALLEST CLASS;SIZE OF LARGEST CLASS
K167;P.S. 167 The Parkway;0K;GEN ED;49;2;24.50;24;25
K167;P.S. 167 The Parkway;0K;CTT;19;1;19.00;19;19
K167;P.S. 167 The Parkway;01;GEN ED;62;3;20.70;20;21
K167;P.S. 167 The Parkway;02;GEN ED;81;3;27.00;25;29
K167;P.S. 167 The Parkway;03;GEN ED;73;3;24.30;23;25
K167;P.S. 167 The Parkway;04;GEN ED;46;2;23.00;21;25
K167;P.S. 167 The Parkway;04;CTT;23;1;23.00;23;23
K167;P.S. 167 The Parkway;05;GEN ED;48;2;24.00;24;24
K167;P.S. 167 The Parkway;05;CTT;19;1;19.00;19;19
K167;P.S. 167 The Parkway;0K-09;SPEC ED;11;1;11.00;11;11
K167;P.S. 167 The Parkway;0K-09;SPEC ED;30;4;7.50;3;11
K167;P.S. 167 The Parkway;;;0;0;.00;0;0
