SCHOOL CODE;SCHOOL NAME;GRADE ;PROGRAM TYPE;NUMBER OF STUDENTS   SEATS FILLED;NUMBER OF SECTIONS;AVERAGE CLASS SIZE;SIZE OF SMALLEST CLASS;SIZE OF LARGEST CLASS
K169;P.S. 169 Sunset Park;0K;GEN ED;171;7;24.40;24;25
K169;P.S. 169 Sunset Park;0K;CTT;24;1;24.00;24;24
K169;P.S. 169 Sunset Park;01;GEN ED;222;10;22.20;18;25
K169;P.S. 169 Sunset Park;01;CTT;24;1;24.00;24;24
K169;P.S. 169 Sunset Park;02;GEN ED;204;9;22.70;18;25
K169;P.S. 169 Sunset Park;02;CTT;25;1;25.00;25;25
K169;P.S. 169 Sunset Park;03;GEN ED;216;9;24.00;19;29
K169;P.S. 169 Sunset Park;03;CTT;26;1;26.00;26;26
K169;P.S. 169 Sunset Park;04;GEN ED;195;7;27.90;27;29
K169;P.S. 169 Sunset Park;05;GEN ED;186;7;26.60;25;29
K169;P.S. 169 Sunset Park;0K-09;SPEC ED;11;1;11.00;11;11
K169;P.S. 169 Sunset Park;0K-09;SPEC ED;32;3;10.70;8;12
K169;P.S. 169 Sunset Park;;;0;0;.00;0;0
