SCHOOL CODE;SCHOOL NAME;GRADE ;PROGRAM TYPE;NUMBER OF STUDENTS   SEATS FILLED;NUMBER OF SECTIONS;AVERAGE CLASS SIZE;SIZE OF SMALLEST CLASS;SIZE OF LARGEST CLASS
K170;Ralph A. Fabrizio School;0K;GEN ED;145;6;24.20;23;25
K170;Ralph A. Fabrizio School;0K;CTT;25;1;25.00;25;25
K170;Ralph A. Fabrizio School;01;GEN ED;120;5;24.00;23;25
K170;Ralph A. Fabrizio School;01;CTT;23;1;23.00;23;23
K170;Ralph A. Fabrizio School;02;GEN ED;116;4;29.00;28;30
K170;Ralph A. Fabrizio School;02;CTT;29;1;29.00;29;29
K170;Ralph A. Fabrizio School;03;GEN ED;111;4;27.80;27;29
K170;Ralph A. Fabrizio School;03;CTT;29;1;29.00;29;29
K170;Ralph A. Fabrizio School;04;GEN ED;86;3;28.70;28;29
K170;Ralph A. Fabrizio School;04;CTT;28;1;28.00;28;28
K170;Ralph A. Fabrizio School;05;GEN ED;101;3;33.70;32;35
K170;Ralph A. Fabrizio School;05;CTT;33;1;33.00;33;33
K170;Ralph A. Fabrizio School;;;0;0;.00;0;0
