SCHOOL CODE;SCHOOL NAME;GRADE ;PROGRAM TYPE;NUMBER OF STUDENTS   SEATS FILLED;NUMBER OF SECTIONS;AVERAGE CLASS SIZE;SIZE OF SMALLEST CLASS;SIZE OF LARGEST CLASS
K171;I.S. 171 Abraham Lincoln;;;0;0;.00;0;0
K171;I.S. 171 Abraham Lincoln;05;GEN ED;120;4;30.00;25;32
K171;I.S. 171 Abraham Lincoln;06;GEN ED;219;7;31.30;27;33
K171;I.S. 171 Abraham Lincoln;07;GEN ED;228;7;32.60;31;34
K171;I.S. 171 Abraham Lincoln;08;GEN ED;242;8;30.30;27;33
K171;I.S. 171 Abraham Lincoln;0K-09;SPEC ED;48;4;12.00;12;12
K171;I.S. 171 Abraham Lincoln;0K-09;SPEC ED;13;2;6.50;5;8
K171;I.S. 171 Abraham Lincoln;MS Core;GEN ED;692;22;31.50;27;35
K171;I.S. 171 Abraham Lincoln;MS Core;GEN ED;776;25;31.00;25;35
K171;I.S. 171 Abraham Lincoln;MS Core;GEN ED;33;1;33.00;33;33
K171;I.S. 171 Abraham Lincoln;MS Core;GEN ED;809;26;31.10;25;35
K171;I.S. 171 Abraham Lincoln;MS Core;GEN ED;809;26;31.10;25;35
K171;I.S. 171 Abraham Lincoln;MS Core;SPEC ED;24;2;12.00;12;12
K171;I.S. 171 Abraham Lincoln;MS Core;SPEC ED;24;2;12.00;12;12
K171;I.S. 171 Abraham Lincoln;MS Core;SPEC ED;24;2;12.00;12;12
K171;I.S. 171 Abraham Lincoln;MS Core;SPEC ED;24;2;12.00;12;12
