SCHOOL CODE;SCHOOL NAME;GRADE ;PROGRAM TYPE;NUMBER OF STUDENTS   SEATS FILLED;NUMBER OF SECTIONS;AVERAGE CLASS SIZE;SIZE OF SMALLEST CLASS;SIZE OF LARGEST CLASS
K172;P.S. 172 Beacon School of Excellence;0K;GEN ED;76;3;25.30;25;26
K172;P.S. 172 Beacon School of Excellence;0K;CTT;26;1;26.00;26;26
K172;P.S. 172 Beacon School of Excellence;01;GEN ED;72;3;24.00;23;25
K172;P.S. 172 Beacon School of Excellence;01;CTT;26;1;26.00;26;26
K172;P.S. 172 Beacon School of Excellence;02;GEN ED;70;3;23.30;23;24
K172;P.S. 172 Beacon School of Excellence;02;CTT;25;1;25.00;25;25
K172;P.S. 172 Beacon School of Excellence;03;GEN ED;71;3;23.70;23;24
K172;P.S. 172 Beacon School of Excellence;03;CTT;25;1;25.00;25;25
K172;P.S. 172 Beacon School of Excellence;04;GEN ED;48;2;24.00;24;24
K172;P.S. 172 Beacon School of Excellence;04;CTT;24;1;24.00;24;24
K172;P.S. 172 Beacon School of Excellence;05;GEN ED;57;2;28.50;28;29
K172;P.S. 172 Beacon School of Excellence;05;CTT;29;1;29.00;29;29
K172;P.S. 172 Beacon School of Excellence;;;0;0;.00;0;0
