SCHOOL CODE;SCHOOL NAME;GRADE ;PROGRAM TYPE;NUMBER OF STUDENTS   SEATS FILLED;NUMBER OF SECTIONS;AVERAGE CLASS SIZE;SIZE OF SMALLEST CLASS;SIZE OF LARGEST CLASS
K174;P.S. 174 Dumont;0K;GEN ED;40;2;20.00;20;20
K174;P.S. 174 Dumont;01;GEN ED;38;2;19.00;18;20
K174;P.S. 174 Dumont;01;CTT;22;1;22.00;22;22
K174;P.S. 174 Dumont;02;GEN ED;59;2;29.50;29;30
K174;P.S. 174 Dumont;03;GEN ED;44;2;22.00;22;22
K174;P.S. 174 Dumont;04;GEN ED;24;1;24.00;24;24
K174;P.S. 174 Dumont;04;CTT;22;1;22.00;22;22
K174;P.S. 174 Dumont;05;GEN ED;45;2;22.50;22;23
K174;P.S. 174 Dumont;06;GEN ED;18;1;18.00;18;18
K174;P.S. 174 Dumont;06;CTT;18;1;18.00;18;18
K174;P.S. 174 Dumont;07;GEN ED;50;2;25.00;25;25
K174;P.S. 174 Dumont;08;GEN ED;35;2;17.50;16;19
K174;P.S. 174 Dumont;0K-09;SPEC ED;10;1;10.00;10;10
K174;P.S. 174 Dumont;0K-09;SPEC ED;11;1;11.00;11;11
K174;P.S. 174 Dumont;MS Core;GEN ED;101;5;20.20;15;25
K174;P.S. 174 Dumont;MS Core;GEN ED;101;5;20.20;15;25
K174;P.S. 174 Dumont;MS Core;GEN ED;101;5;20.20;15;25
K174;P.S. 174 Dumont;MS Core;GEN ED;101;5;20.20;15;25
K174;P.S. 174 Dumont;MS Core;CTT;18;1;18.00;18;18
K174;P.S. 174 Dumont;MS Core;CTT;18;1;18.00;18;18
K174;P.S. 174 Dumont;MS Core;CTT;18;1;18.00;18;18
K174;P.S. 174 Dumont;MS Core;CTT;18;1;18.00;18;18
K174;P.S. 174 Dumont;;;0;0;.00;0;0
