SCHOOL CODE;SCHOOL NAME;GRADE ;PROGRAM TYPE;NUMBER OF STUDENTS   SEATS FILLED;NUMBER OF SECTIONS;AVERAGE CLASS SIZE;SIZE OF SMALLEST CLASS;SIZE OF LARGEST CLASS
K176;P.S. 176 Ovington;05;GEN ED;148;6;24.70;22;27
K176;P.S. 176 Ovington;0K;GEN ED;157;7;22.40;22;24
K176;P.S. 176 Ovington;0K;CTT;20;1;20.00;20;20
K176;P.S. 176 Ovington;0K;G&T;19;1;19.00;19;19
K176;P.S. 176 Ovington;01;GEN ED;178;7;25.40;24;27
K176;P.S. 176 Ovington;01;CTT;25;1;25.00;25;25
K176;P.S. 176 Ovington;01;G&T;25;1;25.00;25;25
K176;P.S. 176 Ovington;02;GEN ED;147;6;24.50;23;27
K176;P.S. 176 Ovington;02;CTT;23;1;23.00;23;23
K176;P.S. 176 Ovington;02;G&T;25;1;25.00;25;25
K176;P.S. 176 Ovington;03;GEN ED;144;6;24.00;20;27
K176;P.S. 176 Ovington;03;CTT;25;1;25.00;25;25
K176;P.S. 176 Ovington;03;G&T;26;1;26.00;26;26
K176;P.S. 176 Ovington;04;GEN ED;137;6;22.80;21;25
K176;P.S. 176 Ovington;04;CTT;26;1;26.00;26;26
K176;P.S. 176 Ovington;04;G&T;25;1;25.00;25;25
K176;P.S. 176 Ovington;05;CTT;26;1;26.00;26;26
K176;P.S. 176 Ovington;05;G&T;27;1;27.00;27;27
K176;P.S. 176 Ovington;0K-09;SPEC ED;21;2;10.50;10;11
K176;P.S. 176 Ovington;;;0;0;.00;0;0
