SCHOOL CODE;SCHOOL NAME;GRADE ;PROGRAM TYPE;NUMBER OF STUDENTS   SEATS FILLED;NUMBER OF SECTIONS;AVERAGE CLASS SIZE;SIZE OF SMALLEST CLASS;SIZE OF LARGEST CLASS
K177;P.S. 177 The Marlboro;0K;GEN ED;100;4;25.00;25;25
K177;P.S. 177 The Marlboro;0K;CTT;23;1;23.00;23;23
K177;P.S. 177 The Marlboro;01;GEN ED;118;5;23.60;23;24
K177;P.S. 177 The Marlboro;01;CTT;25;1;25.00;25;25
K177;P.S. 177 The Marlboro;02;GEN ED;108;4;27.00;26;28
K177;P.S. 177 The Marlboro;02;CTT;26;1;26.00;26;26
K177;P.S. 177 The Marlboro;03;GEN ED;110;4;27.50;27;28
K177;P.S. 177 The Marlboro;03;CTT;22;1;22.00;22;22
K177;P.S. 177 The Marlboro;04;GEN ED;138;5;27.60;27;29
K177;P.S. 177 The Marlboro;05;GEN ED;117;4;29.30;27;30
K177;P.S. 177 The Marlboro;05;CTT;25;1;25.00;25;25
K177;P.S. 177 The Marlboro;0K-09;SPEC ED;7;1;7.00;7;7
K177;P.S. 177 The Marlboro;;;0;0;.00;0;0
