SCHOOL CODE;SCHOOL NAME;GRADE ;PROGRAM TYPE;NUMBER OF STUDENTS   SEATS FILLED;NUMBER OF SECTIONS;AVERAGE CLASS SIZE;SIZE OF SMALLEST CLASS;SIZE OF LARGEST CLASS
K178;P.S. 178 Saint Clair Mckelway;0K;GEN ED;57;3;19.00;18;20
K178;P.S. 178 Saint Clair Mckelway;01;GEN ED;55;3;18.30;18;19
K178;P.S. 178 Saint Clair Mckelway;02;GEN ED;62;3;20.70;20;21
K178;P.S. 178 Saint Clair Mckelway;03;GEN ED;57;3;19.00;18;20
K178;P.S. 178 Saint Clair Mckelway;03;CTT;18;1;18.00;18;18
K178;P.S. 178 Saint Clair Mckelway;04;GEN ED;56;3;18.70;17;20
K178;P.S. 178 Saint Clair Mckelway;05;GEN ED;57;2;28.50;26;31
K178;P.S. 178 Saint Clair Mckelway;06;GEN ED;44;2;22.00;22;22
K178;P.S. 178 Saint Clair Mckelway;06;CTT;20;1;20.00;20;20
K178;P.S. 178 Saint Clair Mckelway;07;GEN ED;59;2;29.50;29;30
K178;P.S. 178 Saint Clair Mckelway;08;GEN ED;60;2;30.00;30;30
K178;P.S. 178 Saint Clair Mckelway;0K-09;SPEC ED;20;2;10.00;9;11
K178;P.S. 178 Saint Clair Mckelway;0K-09;SPEC ED;15;2;7.50;6;9
K178;P.S. 178 Saint Clair Mckelway;;;0;0;.00;0;0
