SCHOOL CODE;SCHOOL NAME;GRADE ;PROGRAM TYPE;NUMBER OF STUDENTS   SEATS FILLED;NUMBER OF SECTIONS;AVERAGE CLASS SIZE;SIZE OF SMALLEST CLASS;SIZE OF LARGEST CLASS
K179;P.S. 179 Kensington;0K;GEN ED;116;5;23.20;22;24
K179;P.S. 179 Kensington;0K;CTT;24;1;24.00;24;24
K179;P.S. 179 Kensington;01;GEN ED;136;6;22.70;17;25
K179;P.S. 179 Kensington;02;GEN ED;128;5;25.60;24;26
K179;P.S. 179 Kensington;02;CTT;21;1;21.00;21;21
K179;P.S. 179 Kensington;03;GEN ED;133;6;22.20;19;27
K179;P.S. 179 Kensington;04;GEN ED;128;5;25.60;25;27
K179;P.S. 179 Kensington;05;GEN ED;124;4;31.00;30;32
K179;P.S. 179 Kensington;0K-09;SPEC ED;68;6;11.30;10;12
K179;P.S. 179 Kensington;;;0;0;.00;0;0
