SCHOOL CODE;SCHOOL NAME;GRADE ;PROGRAM TYPE;NUMBER OF STUDENTS   SEATS FILLED;NUMBER OF SECTIONS;AVERAGE CLASS SIZE;SIZE OF SMALLEST CLASS;SIZE OF LARGEST CLASS
K180;The SEEALL Academy;0K;GEN ED;76;3;25.30;25;26
K180;The SEEALL Academy;01;GEN ED;115;4;28.80;27;30
K180;The SEEALL Academy;01;CTT;29;1;29.00;29;29
K180;The SEEALL Academy;02;GEN ED;93;4;23.30;22;24
K180;The SEEALL Academy;02;CTT;26;1;26.00;26;26
K180;The SEEALL Academy;03;GEN ED;48;2;24.00;20;28
K180;The SEEALL Academy;03;CTT;42;2;21.00;14;28
K180;The SEEALL Academy;03;G&T;23;1;23.00;23;23
K180;The SEEALL Academy;04;GEN ED;28;1;28.00;28;28
K180;The SEEALL Academy;04;CTT;30;1;30.00;30;30
K180;The SEEALL Academy;04;G&T;27;1;27.00;27;27
K180;The SEEALL Academy;05;GEN ED;57;2;28.50;28;29
K180;The SEEALL Academy;05;CTT;26;1;26.00;26;26
K180;The SEEALL Academy;05;G&T;28;1;28.00;28;28
K180;The SEEALL Academy;06;GEN ED;64;2;32.00;32;32
K180;The SEEALL Academy;06;CTT;32;1;32.00;32;32
K180;The SEEALL Academy;06;G&T;58;2;29.00;29;29
K180;The SEEALL Academy;07;GEN ED;54;2;27.00;22;32
K180;The SEEALL Academy;07;CTT;30;1;30.00;30;30
K180;The SEEALL Academy;07;G&T;76;3;25.30;24;26
K180;The SEEALL Academy;08;GEN ED;50;2;25.00;25;25
K180;The SEEALL Academy;08;CTT;25;1;25.00;25;25
K180;The SEEALL Academy;08;G&T;63;2;31.50;30;33
K180;The SEEALL Academy;0K-09;SPEC ED;31;4;7.80;3;11
K180;The SEEALL Academy;MS Core;GEN ED;362;13;27.80;22;33
K180;The SEEALL Academy;MS Core;GEN ED;362;13;27.80;22;33
K180;The SEEALL Academy;MS Core;GEN ED;271;10;27.10;22;32
K180;The SEEALL Academy;MS Core;GEN ED;33;1;33.00;33;33
K180;The SEEALL Academy;MS Core;GEN ED;58;2;29.00;27;31
K180;The SEEALL Academy;MS Core;GEN ED;362;13;27.80;22;33
K180;The SEEALL Academy;MS Core;CTT;88;3;29.30;25;33
K180;The SEEALL Academy;MS Core;CTT;88;3;29.30;25;33
K180;The SEEALL Academy;MS Core;CTT;88;3;29.30;25;33
K180;The SEEALL Academy;MS Core;CTT;88;3;29.30;25;33
K180;The SEEALL Academy;;;0;0;.00;0;0
