SCHOOL CODE;SCHOOL NAME;GRADE ;PROGRAM TYPE;NUMBER OF STUDENTS   SEATS FILLED;NUMBER OF SECTIONS;AVERAGE CLASS SIZE;SIZE OF SMALLEST CLASS;SIZE OF LARGEST CLASS
K181;P.S. 181 Brooklyn;0K;GEN ED;99;4;24.80;24;25
K181;P.S. 181 Brooklyn;0K;CTT;25;1;25.00;25;25
K181;P.S. 181 Brooklyn;01;GEN ED;127;6;21.20;19;22
K181;P.S. 181 Brooklyn;01;CTT;21;1;21.00;21;21
K181;P.S. 181 Brooklyn;02;GEN ED;127;6;21.20;20;22
K181;P.S. 181 Brooklyn;02;CTT;23;1;23.00;23;23
K181;P.S. 181 Brooklyn;03;GEN ED;127;5;25.40;24;26
K181;P.S. 181 Brooklyn;03;CTT;30;1;30.00;30;30
K181;P.S. 181 Brooklyn;04;GEN ED;134;5;26.80;26;27
K181;P.S. 181 Brooklyn;04;CTT;29;1;29.00;29;29
K181;P.S. 181 Brooklyn;05;GEN ED;119;5;23.80;23;25
K181;P.S. 181 Brooklyn;05;CTT;25;1;25.00;25;25
K181;P.S. 181 Brooklyn;06;GEN ED;60;2;30.00;28;32
K181;P.S. 181 Brooklyn;06;CTT;26;1;26.00;26;26
K181;P.S. 181 Brooklyn;07;GEN ED;62;2;31.00;29;33
K181;P.S. 181 Brooklyn;07;CTT;29;1;29.00;29;29
K181;P.S. 181 Brooklyn;08;GEN ED;60;3;20.00;17;22
K181;P.S. 181 Brooklyn;08;CTT;14;1;14.00;14;14
K181;P.S. 181 Brooklyn;0K-09;SPEC ED;45;4;11.30;9;12
K181;P.S. 181 Brooklyn;MS Core;GEN ED;213;8;26.60;17;32
K181;P.S. 181 Brooklyn;MS Core;GEN ED;182;7;26.00;17;32
K181;P.S. 181 Brooklyn;MS Core;GEN ED;17;1;17.00;17;17
K181;P.S. 181 Brooklyn;MS Core;GEN ED;182;7;26.00;17;32
K181;P.S. 181 Brooklyn;MS Core;GEN ED;17;1;17.00;17;17
K181;P.S. 181 Brooklyn;MS Core;GEN ED;182;7;26.00;17;32
K181;P.S. 181 Brooklyn;MS Core;CTT;69;3;23.00;14;29
K181;P.S. 181 Brooklyn;MS Core;CTT;69;3;23.00;14;29
K181;P.S. 181 Brooklyn;MS Core;CTT;69;3;23.00;14;29
K181;P.S. 181 Brooklyn;MS Core;CTT;69;3;23.00;14;29
K181;P.S. 181 Brooklyn;MS Core;SPEC ED;13;1;13.00;13;13
K181;P.S. 181 Brooklyn;MS Core;SPEC ED;13;1;13.00;13;13
K181;P.S. 181 Brooklyn;MS Core;SPEC ED;13;1;13.00;13;13
K181;P.S. 181 Brooklyn;MS Core;SPEC ED;13;1;13.00;13;13
K181;P.S. 181 Brooklyn;09-12;GEN ED;60;2;30.00;28;32
K181;P.S. 181 Brooklyn;09-12;CTT;26;1;26.00;26;26
K181;P.S. 181 Brooklyn;09-12;SPEC ED;26;2;13.00;13;13
K181;P.S. 181 Brooklyn;;;0;0;.00;0;0
