SCHOOL CODE;SCHOOL NAME;GRADE ;PROGRAM TYPE;NUMBER OF STUDENTS   SEATS FILLED;NUMBER OF SECTIONS;AVERAGE CLASS SIZE;SIZE OF SMALLEST CLASS;SIZE OF LARGEST CLASS
K184;P.S. 184 Newport;0K;GEN ED;42;2;21.00;20;22
K184;P.S. 184 Newport;0K;CTT;18;1;18.00;18;18
K184;P.S. 184 Newport;01;GEN ED;27;1;27.00;27;27
K184;P.S. 184 Newport;01;CTT;21;1;21.00;21;21
K184;P.S. 184 Newport;02;GEN ED;67;3;22.30;20;24
K184;P.S. 184 Newport;03;GEN ED;25;1;25.00;25;25
K184;P.S. 184 Newport;03;CTT;25;1;25.00;25;25
K184;P.S. 184 Newport;04;GEN ED;47;2;23.50;23;24
K184;P.S. 184 Newport;05;GEN ED;45;2;22.50;22;23
K184;P.S. 184 Newport;06;GEN ED;52;2;26.00;24;28
K184;P.S. 184 Newport;07;GEN ED;57;3;19.00;14;24
K184;P.S. 184 Newport;08;GEN ED;33;1;33.00;33;33
K184;P.S. 184 Newport;0K-09;SPEC ED;28;3;9.30;9;10
K184;P.S. 184 Newport;0K-09;SPEC ED;6;1;6.00;6;6
K184;P.S. 184 Newport;MS Core;GEN ED;144;6;24.00;15;33
K184;P.S. 184 Newport;MS Core;GEN ED;144;6;24.00;15;33
K184;P.S. 184 Newport;MS Core;GEN ED;144;6;24.00;15;33
K184;P.S. 184 Newport;MS Core;GEN ED;144;6;24.00;15;33
K184;P.S. 184 Newport;MS Core;SPEC ED;35;4;8.80;7;10
K184;P.S. 184 Newport;MS Core;SPEC ED;35;4;8.80;7;10
K184;P.S. 184 Newport;MS Core;SPEC ED;35;4;8.80;7;10
K184;P.S. 184 Newport;MS Core;SPEC ED;35;4;8.80;7;10
K184;P.S. 184 Newport;;;0;0;.00;0;0
