SCHOOL CODE;SCHOOL NAME;GRADE ;PROGRAM TYPE;NUMBER OF STUDENTS   SEATS FILLED;NUMBER OF SECTIONS;AVERAGE CLASS SIZE;SIZE OF SMALLEST CLASS;SIZE OF LARGEST CLASS
K185;P.S. 185 Walter Kassenbrock;0K;GEN ED;94;4;23.50;23;24
K185;P.S. 185 Walter Kassenbrock;0K;CTT;21;1;21.00;21;21
K185;P.S. 185 Walter Kassenbrock;01;GEN ED;127;5;25.40;25;26
K185;P.S. 185 Walter Kassenbrock;01;CTT;25;1;25.00;25;25
K185;P.S. 185 Walter Kassenbrock;02;GEN ED;145;6;24.20;23;25
K185;P.S. 185 Walter Kassenbrock;03;GEN ED;113;4;28.30;26;29
K185;P.S. 185 Walter Kassenbrock;03;CTT;28;1;28.00;28;28
K185;P.S. 185 Walter Kassenbrock;04;GEN ED;112;4;28.00;26;30
K185;P.S. 185 Walter Kassenbrock;04;CTT;23;1;23.00;23;23
K185;P.S. 185 Walter Kassenbrock;05;GEN ED;114;4;28.50;26;30
K185;P.S. 185 Walter Kassenbrock;05;CTT;26;1;26.00;26;26
K185;P.S. 185 Walter Kassenbrock;;;0;0;.00;0;0
