SCHOOL CODE;SCHOOL NAME;GRADE ;PROGRAM TYPE;NUMBER OF STUDENTS   SEATS FILLED;NUMBER OF SECTIONS;AVERAGE CLASS SIZE;SIZE OF SMALLEST CLASS;SIZE OF LARGEST CLASS
K186;P.S. 186 Dr. Irving A Gladstone;0K;GEN ED;133;6;22.20;21;23
K186;P.S. 186 Dr. Irving A Gladstone;0K;CTT;22;1;22.00;22;22
K186;P.S. 186 Dr. Irving A Gladstone;01;GEN ED;115;5;23.00;21;24
K186;P.S. 186 Dr. Irving A Gladstone;01;CTT;26;1;26.00;26;26
K186;P.S. 186 Dr. Irving A Gladstone;02;GEN ED;113;4;28.30;28;29
K186;P.S. 186 Dr. Irving A Gladstone;02;CTT;24;1;24.00;24;24
K186;P.S. 186 Dr. Irving A Gladstone;03;GEN ED;127;5;25.40;24;26
K186;P.S. 186 Dr. Irving A Gladstone;04;GEN ED;107;4;26.80;26;27
K186;P.S. 186 Dr. Irving A Gladstone;04;CTT;26;1;26.00;26;26
K186;P.S. 186 Dr. Irving A Gladstone;05;GEN ED;127;4;31.80;31;32
K186;P.S. 186 Dr. Irving A Gladstone;05;CTT;25;1;25.00;25;25
K186;P.S. 186 Dr. Irving A Gladstone;0K-09;SPEC ED;11;1;11.00;11;11
K186;P.S. 186 Dr. Irving A Gladstone;0K-09;SPEC ED;9;1;9.00;9;9
K186;P.S. 186 Dr. Irving A Gladstone;;;0;0;.00;0;0
