SCHOOL CODE;SCHOOL NAME;GRADE ;PROGRAM TYPE;NUMBER OF STUDENTS   SEATS FILLED;NUMBER OF SECTIONS;AVERAGE CLASS SIZE;SIZE OF SMALLEST CLASS;SIZE OF LARGEST CLASS
K187;The Christa McAuliffe School\I.S. 187;06;GEN ED;307;10;30.70;29;32
K187;The Christa McAuliffe School\I.S. 187;07;GEN ED;366;13;28.20;25;30
K187;The Christa McAuliffe School\I.S. 187;08;GEN ED;292;10;29.20;27;33
K187;The Christa McAuliffe School\I.S. 187;0K-09;SPEC ED;27;3;9.00;7;10
K187;The Christa McAuliffe School\I.S. 187;MS Core;GEN ED;1060;36;29.40;25;33
K187;The Christa McAuliffe School\I.S. 187;MS Core;GEN ED;812;28;29.00;25;32
K187;The Christa McAuliffe School\I.S. 187;MS Core;GEN ED;154;5;30.80;28;34
K187;The Christa McAuliffe School\I.S. 187;MS Core;GEN ED;966;33;29.30;25;33
K187;The Christa McAuliffe School\I.S. 187;MS Core;GEN ED;966;33;29.30;25;33
K187;The Christa McAuliffe School\I.S. 187;MS Core;GEN ED;137;5;27.40;25;29
K187;The Christa McAuliffe School\I.S. 187;MS Core;SPEC ED;25;3;8.30;7;9
K187;The Christa McAuliffe School\I.S. 187;MS Core;SPEC ED;25;4;6.30;5;8
K187;The Christa McAuliffe School\I.S. 187;09-12;GEN ED;143;5;28.60;27;30
K187;The Christa McAuliffe School\I.S. 187;09-12;SPEC ED;19;3;6.30;6;7
K187;The Christa McAuliffe School\I.S. 187;09-12;SPEC ED;26;3;8.70;6;10
K187;The Christa McAuliffe School\I.S. 187;09-12;SPEC ED;25;3;8.30;5;10
K187;The Christa McAuliffe School\I.S. 187;;;0;0;.00;0;0
