SCHOOL CODE;SCHOOL NAME;GRADE ;PROGRAM TYPE;NUMBER OF STUDENTS   SEATS FILLED;NUMBER OF SECTIONS;AVERAGE CLASS SIZE;SIZE OF SMALLEST CLASS;SIZE OF LARGEST CLASS
K188;P.S. 188 Michael E. Berdy;0K;GEN ED;78;3;26.00;25;27
K188;P.S. 188 Michael E. Berdy;0K;CTT;25;1;25.00;25;25
K188;P.S. 188 Michael E. Berdy;01;GEN ED;78;3;26.00;26;26
K188;P.S. 188 Michael E. Berdy;01;CTT;24;1;24.00;24;24
K188;P.S. 188 Michael E. Berdy;02;GEN ED;50;2;25.00;24;26
K188;P.S. 188 Michael E. Berdy;02;CTT;28;1;28.00;28;28
K188;P.S. 188 Michael E. Berdy;02;G&T;12;1;12.00;12;12
K188;P.S. 188 Michael E. Berdy;03;GEN ED;63;2;31.50;31;32
K188;P.S. 188 Michael E. Berdy;03;G&T;19;1;19.00;19;19
K188;P.S. 188 Michael E. Berdy;04;GEN ED;27;1;27.00;27;27
K188;P.S. 188 Michael E. Berdy;04;CTT;27;1;27.00;27;27
K188;P.S. 188 Michael E. Berdy;04;G&T;22;1;22.00;22;22
K188;P.S. 188 Michael E. Berdy;05;GEN ED;28;1;28.00;28;28
K188;P.S. 188 Michael E. Berdy;05;CTT;27;1;27.00;27;27
K188;P.S. 188 Michael E. Berdy;05;G&T;14;1;14.00;14;14
K188;P.S. 188 Michael E. Berdy;0K-09;SPEC ED;8;1;8.00;8;8
K188;P.S. 188 Michael E. Berdy;0K-09;SPEC ED;44;5;8.80;7;10
K188;P.S. 188 Michael E. Berdy;;;0;0;.00;0;0
