SCHOOL CODE;SCHOOL NAME;GRADE ;PROGRAM TYPE;NUMBER OF STUDENTS   SEATS FILLED;NUMBER OF SECTIONS;AVERAGE CLASS SIZE;SIZE OF SMALLEST CLASS;SIZE OF LARGEST CLASS
K189;P.S. 189 Lincoln Terrace;0K;GEN ED;100;4;25.00;21;29
K189;P.S. 189 Lincoln Terrace;01;GEN ED;116;5;23.20;20;25
K189;P.S. 189 Lincoln Terrace;02;GEN ED;123;5;24.60;22;28
K189;P.S. 189 Lincoln Terrace;03;GEN ED;128;5;25.60;15;31
K189;P.S. 189 Lincoln Terrace;04;GEN ED;95;4;23.80;16;28
K189;P.S. 189 Lincoln Terrace;04;CTT;31;1;31.00;31;31
K189;P.S. 189 Lincoln Terrace;05;GEN ED;114;4;28.50;23;31
K189;P.S. 189 Lincoln Terrace;05;CTT;29;1;29.00;29;29
K189;P.S. 189 Lincoln Terrace;06;GEN ED;172;5;34.40;31;39
K189;P.S. 189 Lincoln Terrace;07;GEN ED;169;5;33.80;31;38
K189;P.S. 189 Lincoln Terrace;08;GEN ED;140;5;28.00;23;32
K189;P.S. 189 Lincoln Terrace;0K-09;SPEC ED;12;1;12.00;12;12
K189;P.S. 189 Lincoln Terrace;0K-09;SPEC ED;22;2;11.00;10;12
K189;P.S. 189 Lincoln Terrace;MS Core;GEN ED;308;10;30.80;22;38
K189;P.S. 189 Lincoln Terrace;MS Core;GEN ED;308;10;30.80;22;38
K189;P.S. 189 Lincoln Terrace;MS Core;GEN ED;308;10;30.80;22;38
K189;P.S. 189 Lincoln Terrace;MS Core;GEN ED;307;10;30.70;22;38
K189;P.S. 189 Lincoln Terrace;;;0;0;.00;0;0
