SCHOOL CODE;SCHOOL NAME;GRADE ;PROGRAM TYPE;NUMBER OF STUDENTS   SEATS FILLED;NUMBER OF SECTIONS;AVERAGE CLASS SIZE;SIZE OF SMALLEST CLASS;SIZE OF LARGEST CLASS
K190;P.S. 190 Sheffield;0K;GEN ED;37;2;18.50;18;19
K190;P.S. 190 Sheffield;01;GEN ED;35;2;17.50;17;18
K190;P.S. 190 Sheffield;02;GEN ED;16;1;16.00;16;16
K190;P.S. 190 Sheffield;02;CTT;14;1;14.00;14;14
K190;P.S. 190 Sheffield;03;GEN ED;34;2;17.00;17;17
K190;P.S. 190 Sheffield;04;GEN ED;42;2;21.00;21;21
K190;P.S. 190 Sheffield;05;GEN ED;24;1;24.00;24;24
K190;P.S. 190 Sheffield;05;CTT;27;1;27.00;27;27
K190;P.S. 190 Sheffield;0K-09;SPEC ED;6;1;6.00;6;6
K190;P.S. 190 Sheffield;0K-09;SPEC ED;21;2;10.50;10;11
K190;P.S. 190 Sheffield;;;0;0;.00;0;0
