SCHOOL CODE;SCHOOL NAME;GRADE ;PROGRAM TYPE;NUMBER OF STUDENTS   SEATS FILLED;NUMBER OF SECTIONS;AVERAGE CLASS SIZE;SIZE OF SMALLEST CLASS;SIZE OF LARGEST CLASS
K191;P.S. 191 Paul Robeson;0K;GEN ED;23;1;23.00;23;23
K191;P.S. 191 Paul Robeson;0K;CTT;23;1;23.00;23;23
K191;P.S. 191 Paul Robeson;01;GEN ED;21;1;21.00;21;21
K191;P.S. 191 Paul Robeson;01;CTT;18;1;18.00;18;18
K191;P.S. 191 Paul Robeson;02;GEN ED;48;2;24.00;23;25
K191;P.S. 191 Paul Robeson;03;GEN ED;22;1;22.00;22;22
K191;P.S. 191 Paul Robeson;04;GEN ED;23;1;23.00;23;23
K191;P.S. 191 Paul Robeson;05;GEN ED;26;1;26.00;26;26
K191;P.S. 191 Paul Robeson;0K-09;SPEC ED;30;3;10.00;9;11
K191;P.S. 191 Paul Robeson;;;0;0;.00;0;0
