SCHOOL CODE;SCHOOL NAME;GRADE ;PROGRAM TYPE;NUMBER OF STUDENTS   SEATS FILLED;NUMBER OF SECTIONS;AVERAGE CLASS SIZE;SIZE OF SMALLEST CLASS;SIZE OF LARGEST CLASS
K192;P.S. 192 - The Magnet School for Math and Science Inquiry;0K;GEN ED;44;2;22.00;21;23
K192;P.S. 192 - The Magnet School for Math and Science Inquiry;0K;CTT;20;1;20.00;20;20
K192;P.S. 192 - The Magnet School for Math and Science Inquiry;01;GEN ED;60;3;20.00;19;22
K192;P.S. 192 - The Magnet School for Math and Science Inquiry;02;GEN ED;38;2;19.00;19;19
K192;P.S. 192 - The Magnet School for Math and Science Inquiry;02;CTT;18;1;18.00;18;18
K192;P.S. 192 - The Magnet School for Math and Science Inquiry;03;GEN ED;53;2;26.50;26;27
K192;P.S. 192 - The Magnet School for Math and Science Inquiry;04;GEN ED;21;1;21.00;21;21
K192;P.S. 192 - The Magnet School for Math and Science Inquiry;04;CTT;24;1;24.00;24;24
K192;P.S. 192 - The Magnet School for Math and Science Inquiry;05;GEN ED;30;1;30.00;30;30
K192;P.S. 192 - The Magnet School for Math and Science Inquiry;05;CTT;30;1;30.00;30;30
K192;P.S. 192 - The Magnet School for Math and Science Inquiry;06;GEN ED;36;2;18.00;18;18
K192;P.S. 192 - The Magnet School for Math and Science Inquiry;06;CTT;25;1;25.00;25;25
K192;P.S. 192 - The Magnet School for Math and Science Inquiry;07;GEN ED;64;2;32.00;32;32
K192;P.S. 192 - The Magnet School for Math and Science Inquiry;08;CTT;53;2;26.50;26;27
K192;P.S. 192 - The Magnet School for Math and Science Inquiry;0K-09;SPEC ED;73;7;10.40;8;12
K192;P.S. 192 - The Magnet School for Math and Science Inquiry;MS Core;GEN ED;198;8;24.80;17;32
K192;P.S. 192 - The Magnet School for Math and Science Inquiry;MS Core;GEN ED;99;4;24.80;17;32
K192;P.S. 192 - The Magnet School for Math and Science Inquiry;MS Core;GEN ED;99;4;24.80;17;32
K192;P.S. 192 - The Magnet School for Math and Science Inquiry;MS Core;GEN ED;99;4;24.80;17;32
K192;P.S. 192 - The Magnet School for Math and Science Inquiry;MS Core;CTT;156;6;26.00;25;27
K192;P.S. 192 - The Magnet School for Math and Science Inquiry;MS Core;CTT;78;3;26.00;25;27
K192;P.S. 192 - The Magnet School for Math and Science Inquiry;MS Core;CTT;78;3;26.00;25;27
K192;P.S. 192 - The Magnet School for Math and Science Inquiry;MS Core;CTT;78;3;26.00;25;27
K192;P.S. 192 - The Magnet School for Math and Science Inquiry;MS Core;SPEC ED;92;8;11.50;11;12
K192;P.S. 192 - The Magnet School for Math and Science Inquiry;MS Core;SPEC ED;46;4;11.50;11;12
K192;P.S. 192 - The Magnet School for Math and Science Inquiry;MS Core;SPEC ED;46;4;11.50;11;12
K192;P.S. 192 - The Magnet School for Math and Science Inquiry;MS Core;SPEC ED;46;4;11.50;11;12
K192;P.S. 192 - The Magnet School for Math and Science Inquiry;;;0;0;.00;0;0
