SCHOOL CODE;SCHOOL NAME;GRADE ;PROGRAM TYPE;NUMBER OF STUDENTS   SEATS FILLED;NUMBER OF SECTIONS;AVERAGE CLASS SIZE;SIZE OF SMALLEST CLASS;SIZE OF LARGEST CLASS
K193;P.S. 193 Gil Hodges;0K;GEN ED;128;6;21.30;19;24
K193;P.S. 193 Gil Hodges;0K;CTT;20;1;20.00;20;20
K193;P.S. 193 Gil Hodges;01;GEN ED;107;4;26.80;26;27
K193;P.S. 193 Gil Hodges;01;CTT;50;2;25.00;25;25
K193;P.S. 193 Gil Hodges;02;GEN ED;97;4;24.30;18;27
K193;P.S. 193 Gil Hodges;02;CTT;27;1;27.00;27;27
K193;P.S. 193 Gil Hodges;03;GEN ED;92;4;23.00;20;26
K193;P.S. 193 Gil Hodges;03;CTT;24;1;24.00;24;24
K193;P.S. 193 Gil Hodges;04;GEN ED;113;4;28.30;26;30
K193;P.S. 193 Gil Hodges;04;CTT;30;1;30.00;30;30
K193;P.S. 193 Gil Hodges;05;GEN ED;86;3;28.70;27;31
K193;P.S. 193 Gil Hodges;05;CTT;57;2;28.50;28;29
K193;P.S. 193 Gil Hodges;0K-09;SPEC ED;18;2;9.00;6;12
K193;P.S. 193 Gil Hodges;;;0;0;.00;0;0
