SCHOOL CODE;SCHOOL NAME;GRADE ;PROGRAM TYPE;NUMBER OF STUDENTS   SEATS FILLED;NUMBER OF SECTIONS;AVERAGE CLASS SIZE;SIZE OF SMALLEST CLASS;SIZE OF LARGEST CLASS
K194;P.S. 194 Raoul Wallenberg;0K;GEN ED;44;2;22.00;21;23
K194;P.S. 194 Raoul Wallenberg;0K;CTT;24;1;24.00;24;24
K194;P.S. 194 Raoul Wallenberg;01;GEN ED;42;2;21.00;20;22
K194;P.S. 194 Raoul Wallenberg;01;CTT;22;1;22.00;22;22
K194;P.S. 194 Raoul Wallenberg;02;GEN ED;41;2;20.50;20;21
K194;P.S. 194 Raoul Wallenberg;02;CTT;24;1;24.00;24;24
K194;P.S. 194 Raoul Wallenberg;03;GEN ED;38;2;19.00;19;19
K194;P.S. 194 Raoul Wallenberg;03;CTT;17;1;17.00;17;17
K194;P.S. 194 Raoul Wallenberg;04;GEN ED;29;1;29.00;29;29
K194;P.S. 194 Raoul Wallenberg;04;G&T;28;1;28.00;28;28
K194;P.S. 194 Raoul Wallenberg;05;CTT;31;1;31.00;31;31
K194;P.S. 194 Raoul Wallenberg;05;G&T;28;1;28.00;28;28
K194;P.S. 194 Raoul Wallenberg;0K-09;SPEC ED;36;3;12.00;12;12
K194;P.S. 194 Raoul Wallenberg;;;0;0;.00;0;0
