SCHOOL CODE;SCHOOL NAME;GRADE ;PROGRAM TYPE;NUMBER OF STUDENTS   SEATS FILLED;NUMBER OF SECTIONS;AVERAGE CLASS SIZE;SIZE OF SMALLEST CLASS;SIZE OF LARGEST CLASS
K195;P.S. 195 Manhattan Beach;0K;GEN ED;42;2;21.00;21;21
K195;P.S. 195 Manhattan Beach;0K;G&T;22;1;22.00;22;22
K195;P.S. 195 Manhattan Beach;01;GEN ED;65;3;21.70;19;26
K195;P.S. 195 Manhattan Beach;02;GEN ED;69;3;23.00;21;26
K195;P.S. 195 Manhattan Beach;03;GEN ED;63;3;21.00;18;25
K195;P.S. 195 Manhattan Beach;04;GEN ED;55;2;27.50;27;28
K195;P.S. 195 Manhattan Beach;05;GEN ED;67;2;33.50;32;35
K195;P.S. 195 Manhattan Beach;;;0;0;.00;0;0
