SCHOOL CODE;SCHOOL NAME;GRADE ;PROGRAM TYPE;NUMBER OF STUDENTS   SEATS FILLED;NUMBER OF SECTIONS;AVERAGE CLASS SIZE;SIZE OF SMALLEST CLASS;SIZE OF LARGEST CLASS
K196;P.S. 196 Ten Eyck;0K;GEN ED;23;1;23.00;23;23
K196;P.S. 196 Ten Eyck;0K;CTT;22;1;22.00;22;22
K196;P.S. 196 Ten Eyck;01;GEN ED;39;2;19.50;19;20
K196;P.S. 196 Ten Eyck;01;CTT;20;1;20.00;20;20
K196;P.S. 196 Ten Eyck;02;GEN ED;45;2;22.50;21;24
K196;P.S. 196 Ten Eyck;02;CTT;22;1;22.00;22;22
K196;P.S. 196 Ten Eyck;03;GEN ED;41;2;20.50;20;21
K196;P.S. 196 Ten Eyck;03;CTT;21;1;21.00;21;21
K196;P.S. 196 Ten Eyck;04;GEN ED;39;2;19.50;17;22
K196;P.S. 196 Ten Eyck;04;CTT;19;1;19.00;19;19
K196;P.S. 196 Ten Eyck;05;GEN ED;28;1;28.00;28;28
K196;P.S. 196 Ten Eyck;05;CTT;29;1;29.00;29;29
K196;P.S. 196 Ten Eyck;0K-09;SPEC ED;18;2;9.00;8;10
K196;P.S. 196 Ten Eyck;;;0;0;.00;0;0
