SCHOOL CODE;SCHOOL NAME;GRADE ;PROGRAM TYPE;NUMBER OF STUDENTS   SEATS FILLED;NUMBER OF SECTIONS;AVERAGE CLASS SIZE;SIZE OF SMALLEST CLASS;SIZE OF LARGEST CLASS
K197;P.S. 197 Brooklyn;0K;GEN ED;56;3;18.70;18;19
K197;P.S. 197 Brooklyn;0K;CTT;20;1;20.00;20;20
K197;P.S. 197 Brooklyn;01;GEN ED;57;3;19.00;19;19
K197;P.S. 197 Brooklyn;01;CTT;23;1;23.00;23;23
K197;P.S. 197 Brooklyn;02;GEN ED;43;2;21.50;20;23
K197;P.S. 197 Brooklyn;02;CTT;25;1;25.00;25;25
K197;P.S. 197 Brooklyn;03;GEN ED;49;2;24.50;23;26
K197;P.S. 197 Brooklyn;03;CTT;27;1;27.00;27;27
K197;P.S. 197 Brooklyn;04;GEN ED;44;2;22.00;20;24
K197;P.S. 197 Brooklyn;04;CTT;25;1;25.00;25;25
K197;P.S. 197 Brooklyn;05;GEN ED;48;2;24.00;23;25
K197;P.S. 197 Brooklyn;05;CTT;24;1;24.00;24;24
K197;P.S. 197 Brooklyn;0K-09;SPEC ED;11;1;11.00;11;11
K197;P.S. 197 Brooklyn;0K-09;SPEC ED;42;4;10.50;8;12
K197;P.S. 197 Brooklyn;;;0;0;.00;0;0
