SCHOOL CODE;SCHOOL NAME;GRADE ;PROGRAM TYPE;NUMBER OF STUDENTS   SEATS FILLED;NUMBER OF SECTIONS;AVERAGE CLASS SIZE;SIZE OF SMALLEST CLASS;SIZE OF LARGEST CLASS
K198;P.S. 198 Brooklyn;0K;GEN ED;80;4;20.00;19;21
K198;P.S. 198 Brooklyn;01;GEN ED;83;4;20.80;18;23
K198;P.S. 198 Brooklyn;02;GEN ED;72;3;24.00;24;24
K198;P.S. 198 Brooklyn;02;CTT;22;1;22.00;22;22
K198;P.S. 198 Brooklyn;03;GEN ED;59;3;19.70;19;20
K198;P.S. 198 Brooklyn;03;G&T;22;1;22.00;22;22
K198;P.S. 198 Brooklyn;04;GEN ED;64;3;21.30;20;24
K198;P.S. 198 Brooklyn;04;CTT;21;1;21.00;21;21
K198;P.S. 198 Brooklyn;04;G&T;20;1;20.00;20;20
K198;P.S. 198 Brooklyn;05;GEN ED;47;2;23.50;23;24
K198;P.S. 198 Brooklyn;05;CTT;22;1;22.00;22;22
K198;P.S. 198 Brooklyn;05;G&T;24;1;24.00;24;24
K198;P.S. 198 Brooklyn;0K-09;SPEC ED;22;2;11.00;10;12
K198;P.S. 198 Brooklyn;;;0;0;.00;0;0
