SCHOOL CODE;SCHOOL NAME;GRADE ;PROGRAM TYPE;NUMBER OF STUDENTS   SEATS FILLED;NUMBER OF SECTIONS;AVERAGE CLASS SIZE;SIZE OF SMALLEST CLASS;SIZE OF LARGEST CLASS
K199;P.S. 199 Frederick Wachtel;0K;GEN ED;55;3;18.30;15;20
K199;P.S. 199 Frederick Wachtel;0K;CTT;16;1;16.00;16;16
K199;P.S. 199 Frederick Wachtel;01;GEN ED;67;3;22.30;22;23
K199;P.S. 199 Frederick Wachtel;01;CTT;22;1;22.00;22;22
K199;P.S. 199 Frederick Wachtel;02;GEN ED;55;2;27.50;27;28
K199;P.S. 199 Frederick Wachtel;02;CTT;28;1;28.00;28;28
K199;P.S. 199 Frederick Wachtel;03;GEN ED;70;3;23.30;23;24
K199;P.S. 199 Frederick Wachtel;04;GEN ED;54;2;27.00;27;27
K199;P.S. 199 Frederick Wachtel;04;CTT;25;1;25.00;25;25
K199;P.S. 199 Frederick Wachtel;05;GEN ED;65;3;21.70;21;22
K199;P.S. 199 Frederick Wachtel;0K-09;SPEC ED;3;1;3.00;3;3
K199;P.S. 199 Frederick Wachtel;0K-09;SPEC ED;35;4;8.80;6;13
K199;P.S. 199 Frederick Wachtel;;;0;0;.00;0;0
