SCHOOL CODE;SCHOOL NAME;GRADE ;PROGRAM TYPE;NUMBER OF STUDENTS   SEATS FILLED;NUMBER OF SECTIONS;AVERAGE CLASS SIZE;SIZE OF SMALLEST CLASS;SIZE OF LARGEST CLASS
K200;P.S. 200 Benson School;0K;GEN ED;161;7;23.00;22;24
K200;P.S. 200 Benson School;0K;CTT;20;1;20.00;20;20
K200;P.S. 200 Benson School;0K;G&T;25;1;25.00;25;25
K200;P.S. 200 Benson School;01;GEN ED;199;8;24.90;16;27
K200;P.S. 200 Benson School;01;G&T;25;1;25.00;25;25
K200;P.S. 200 Benson School;02;GEN ED;158;7;22.60;20;26
K200;P.S. 200 Benson School;02;G&T;25;1;25.00;25;25
K200;P.S. 200 Benson School;03;GEN ED;182;7;26.00;24;28
K200;P.S. 200 Benson School;03;G&T;40;2;20.00;19;21
K200;P.S. 200 Benson School;04;GEN ED;187;6;31.20;25;34
K200;P.S. 200 Benson School;04;G&T;21;1;21.00;21;21
K200;P.S. 200 Benson School;05;GEN ED;176;6;29.30;22;32
K200;P.S. 200 Benson School;05;G&T;24;1;24.00;24;24
K200;P.S. 200 Benson School;0K-09;SPEC ED;23;2;11.50;11;12
K200;P.S. 200 Benson School;;;0;0;.00;0;0
