SCHOOL CODE;SCHOOL NAME;GRADE ;PROGRAM TYPE;NUMBER OF STUDENTS   SEATS FILLED;NUMBER OF SECTIONS;AVERAGE CLASS SIZE;SIZE OF SMALLEST CLASS;SIZE OF LARGEST CLASS
K201;J.H.S. 201 The Dyker Heights;06;GEN ED;242;8;30.30;29;35
K201;J.H.S. 201 The Dyker Heights;06;CTT;51;2;25.50;24;27
K201;J.H.S. 201 The Dyker Heights;06;G&T;180;6;30.00;29;31
K201;J.H.S. 201 The Dyker Heights;07;GEN ED;271;9;30.10;28;34
K201;J.H.S. 201 The Dyker Heights;07;CTT;29;1;29.00;29;29
K201;J.H.S. 201 The Dyker Heights;07;G&T;177;6;29.50;28;30
K201;J.H.S. 201 The Dyker Heights;08;GEN ED;301;10;30.10;29;31
K201;J.H.S. 201 The Dyker Heights;08;CTT;30;1;30.00;30;30
K201;J.H.S. 201 The Dyker Heights;08;G&T;123;4;30.80;29;34
K201;J.H.S. 201 The Dyker Heights;0K-09;SPEC ED;36;3;12.00;12;12
K201;J.H.S. 201 The Dyker Heights;0K-09;SPEC ED;34;3;11.30;11;12
K201;J.H.S. 201 The Dyker Heights;MS Core;GEN ED;1327;45;29.50;13;35
K201;J.H.S. 201 The Dyker Heights;MS Core;GEN ED;1145;40;28.60;12;35
K201;J.H.S. 201 The Dyker Heights;MS Core;GEN ED;182;7;26.00;11;34
K201;J.H.S. 201 The Dyker Heights;MS Core;GEN ED;1084;37;29.30;13;35
K201;J.H.S. 201 The Dyker Heights;MS Core;GEN ED;243;8;30.40;29;34
K201;J.H.S. 201 The Dyker Heights;MS Core;GEN ED;1327;45;29.50;13;35
K201;J.H.S. 201 The Dyker Heights;MS Core;CTT;111;4;27.80;24;30
K201;J.H.S. 201 The Dyker Heights;MS Core;CTT;111;4;27.80;24;30
K201;J.H.S. 201 The Dyker Heights;MS Core;CTT;111;4;27.80;24;30
K201;J.H.S. 201 The Dyker Heights;MS Core;CTT;111;4;27.80;24;30
K201;J.H.S. 201 The Dyker Heights;MS Core;SPEC ED;69;6;11.50;11;12
K201;J.H.S. 201 The Dyker Heights;MS Core;SPEC ED;69;6;11.50;11;12
K201;J.H.S. 201 The Dyker Heights;MS Core;SPEC ED;69;6;11.50;11;12
K201;J.H.S. 201 The Dyker Heights;MS Core;SPEC ED;69;6;11.50;11;12
K201;J.H.S. 201 The Dyker Heights;09-12;CTT;28;1;28.00;28;28
K201;J.H.S. 201 The Dyker Heights;09-12;SPEC ED;69;6;11.50;11;12
K201;J.H.S. 201 The Dyker Heights;;;0;0;.00;0;0
