SCHOOL CODE;SCHOOL NAME;GRADE ;PROGRAM TYPE;NUMBER OF STUDENTS   SEATS FILLED;NUMBER OF SECTIONS;AVERAGE CLASS SIZE;SIZE OF SMALLEST CLASS;SIZE OF LARGEST CLASS
K202;P.S. 202 Ernest S. Jenkyns;0K;GEN ED;92;4;23.00;22;24
K202;P.S. 202 Ernest S. Jenkyns;01;GEN ED;96;4;24.00;23;26
K202;P.S. 202 Ernest S. Jenkyns;02;GEN ED;73;3;24.30;24;25
K202;P.S. 202 Ernest S. Jenkyns;02;CTT;17;1;17.00;17;17
K202;P.S. 202 Ernest S. Jenkyns;03;GEN ED;73;3;24.30;23;25
K202;P.S. 202 Ernest S. Jenkyns;03;CTT;20;1;20.00;20;20
K202;P.S. 202 Ernest S. Jenkyns;03;G&T;25;1;25.00;25;25
K202;P.S. 202 Ernest S. Jenkyns;04;GEN ED;82;3;27.30;27;28
K202;P.S. 202 Ernest S. Jenkyns;04;G&T;24;1;24.00;24;24
K202;P.S. 202 Ernest S. Jenkyns;05;GEN ED;52;2;26.00;26;26
K202;P.S. 202 Ernest S. Jenkyns;05;CTT;18;1;18.00;18;18
K202;P.S. 202 Ernest S. Jenkyns;05;G&T;24;1;24.00;24;24
K202;P.S. 202 Ernest S. Jenkyns;06;GEN ED;53;2;26.50;26;27
K202;P.S. 202 Ernest S. Jenkyns;06;G&T;27;1;27.00;27;27
K202;P.S. 202 Ernest S. Jenkyns;07;GEN ED;69;3;23.00;22;25
K202;P.S. 202 Ernest S. Jenkyns;08;GEN ED;83;3;27.70;26;30
K202;P.S. 202 Ernest S. Jenkyns;0K-09;SPEC ED;10;1;10.00;10;10
K202;P.S. 202 Ernest S. Jenkyns;0K-09;SPEC ED;35;3;11.70;11;12
K202;P.S. 202 Ernest S. Jenkyns;;;0;0;.00;0;0
