SCHOOL CODE;SCHOOL NAME;GRADE ;PROGRAM TYPE;NUMBER OF STUDENTS   SEATS FILLED;NUMBER OF SECTIONS;AVERAGE CLASS SIZE;SIZE OF SMALLEST CLASS;SIZE OF LARGEST CLASS
K203;P.S. 203 Floyd Bennett;0K;GEN ED;115;5;23.00;22;24
K203;P.S. 203 Floyd Bennett;0K;CTT;25;1;25.00;25;25
K203;P.S. 203 Floyd Bennett;01;GEN ED;93;4;23.30;23;24
K203;P.S. 203 Floyd Bennett;01;CTT;25;1;25.00;25;25
K203;P.S. 203 Floyd Bennett;02;GEN ED;121;5;24.20;24;25
K203;P.S. 203 Floyd Bennett;02;CTT;24;1;24.00;24;24
K203;P.S. 203 Floyd Bennett;03;GEN ED;121;5;24.20;15;29
K203;P.S. 203 Floyd Bennett;03;CTT;54;2;27.00;27;27
K203;P.S. 203 Floyd Bennett;04;GEN ED;118;4;29.50;28;33
K203;P.S. 203 Floyd Bennett;04;CTT;28;1;28.00;28;28
K203;P.S. 203 Floyd Bennett;05;GEN ED;115;4;28.80;28;29
K203;P.S. 203 Floyd Bennett;05;CTT;29;1;29.00;29;29
K203;P.S. 203 Floyd Bennett;0K-09;SPEC ED;12;1;12.00;12;12
K203;P.S. 203 Floyd Bennett;0K-09;SPEC ED;23;2;11.50;11;12
K203;P.S. 203 Floyd Bennett;;;0;0;.00;0;0
