SCHOOL CODE;SCHOOL NAME;GRADE ;PROGRAM TYPE;NUMBER OF STUDENTS   SEATS FILLED;NUMBER OF SECTIONS;AVERAGE CLASS SIZE;SIZE OF SMALLEST CLASS;SIZE OF LARGEST CLASS
K204;P.S. 204 Vince Lombardi;0K;GEN ED;132;6;22.00;22;22
K204;P.S. 204 Vince Lombardi;0K;CTT;23;1;23.00;23;23
K204;P.S. 204 Vince Lombardi;0K;G&T;21;1;21.00;21;21
K204;P.S. 204 Vince Lombardi;01;GEN ED;117;5;23.40;22;24
K204;P.S. 204 Vince Lombardi;01;CTT;24;1;24.00;24;24
K204;P.S. 204 Vince Lombardi;01;G&T;25;1;25.00;25;25
K204;P.S. 204 Vince Lombardi;02;GEN ED;112;5;22.40;22;23
K204;P.S. 204 Vince Lombardi;02;CTT;22;1;22.00;22;22
K204;P.S. 204 Vince Lombardi;02;G&T;25;1;25.00;25;25
K204;P.S. 204 Vince Lombardi;03;GEN ED;125;5;25.00;24;26
K204;P.S. 204 Vince Lombardi;03;CTT;24;1;24.00;24;24
K204;P.S. 204 Vince Lombardi;03;G&T;27;1;27.00;27;27
K204;P.S. 204 Vince Lombardi;04;GEN ED;120;4;30.00;29;31
K204;P.S. 204 Vince Lombardi;04;G&T;18;1;18.00;18;18
K204;P.S. 204 Vince Lombardi;05;GEN ED;134;5;26.80;26;27
K204;P.S. 204 Vince Lombardi;05;G&T;26;1;26.00;26;26
K204;P.S. 204 Vince Lombardi;0K-09;SPEC ED;41;4;10.30;8;12
K204;P.S. 204 Vince Lombardi;;;0;0;.00;0;0
