SCHOOL CODE;SCHOOL NAME;GRADE ;PROGRAM TYPE;NUMBER OF STUDENTS   SEATS FILLED;NUMBER OF SECTIONS;AVERAGE CLASS SIZE;SIZE OF SMALLEST CLASS;SIZE OF LARGEST CLASS
K205;P.S. 205 Clarion;05;GEN ED;114;4;28.50;28;29
K205;P.S. 205 Clarion;0K;GEN ED;130;6;21.70;20;23
K205;P.S. 205 Clarion;01;GEN ED;104;4;26.00;24;27
K205;P.S. 205 Clarion;02;GEN ED;130;5;26.00;25;27
K205;P.S. 205 Clarion;03;GEN ED;107;4;26.80;25;28
K205;P.S. 205 Clarion;04;GEN ED;121;4;30.30;29;32
K205;P.S. 205 Clarion;0K-09;SPEC ED;127;14;9.10;6;12
K205;P.S. 205 Clarion;;;0;0;.00;0;0
