SCHOOL CODE;SCHOOL NAME;GRADE ;PROGRAM TYPE;NUMBER OF STUDENTS   SEATS FILLED;NUMBER OF SECTIONS;AVERAGE CLASS SIZE;SIZE OF SMALLEST CLASS;SIZE OF LARGEST CLASS
K206;P.S. 206 Joseph F Lamb;0K;GEN ED;111;5;22.20;21;25
K206;P.S. 206 Joseph F Lamb;0K;CTT;21;1;21.00;21;21
K206;P.S. 206 Joseph F Lamb;01;GEN ED;125;5;25.00;24;26
K206;P.S. 206 Joseph F Lamb;01;CTT;23;1;23.00;23;23
K206;P.S. 206 Joseph F Lamb;02;GEN ED;169;6;28.20;24;30
K206;P.S. 206 Joseph F Lamb;03;GEN ED;131;6;21.80;20;26
K206;P.S. 206 Joseph F Lamb;04;GEN ED;151;5;30.20;29;31
K206;P.S. 206 Joseph F Lamb;04;CTT;30;1;30.00;30;30
K206;P.S. 206 Joseph F Lamb;05;GEN ED;154;6;25.70;23;27
K206;P.S. 206 Joseph F Lamb;05;CTT;22;1;22.00;22;22
K206;P.S. 206 Joseph F Lamb;06;GEN ED;86;3;28.70;28;29
K206;P.S. 206 Joseph F Lamb;06;CTT;30;1;30.00;30;30
K206;P.S. 206 Joseph F Lamb;07;GEN ED;91;3;30.30;30;31
K206;P.S. 206 Joseph F Lamb;07;CTT;30;1;30.00;30;30
K206;P.S. 206 Joseph F Lamb;08;GEN ED;108;4;27.00;23;29
K206;P.S. 206 Joseph F Lamb;0K-09;SPEC ED;22;2;11.00;11;11
K206;P.S. 206 Joseph F Lamb;MS Core;GEN ED;285;10;28.50;23;31
K206;P.S. 206 Joseph F Lamb;MS Core;GEN ED;262;9;29.10;28;31
K206;P.S. 206 Joseph F Lamb;MS Core;GEN ED;23;1;23.00;23;23
K206;P.S. 206 Joseph F Lamb;MS Core;GEN ED;292;10;29.20;28;31
K206;P.S. 206 Joseph F Lamb;MS Core;GEN ED;23;1;23.00;23;23
K206;P.S. 206 Joseph F Lamb;MS Core;GEN ED;262;9;29.10;28;31
K206;P.S. 206 Joseph F Lamb;MS Core;GEN ED;23;1;23.00;23;23
K206;P.S. 206 Joseph F Lamb;MS Core;CTT;60;2;30.00;30;30
K206;P.S. 206 Joseph F Lamb;MS Core;CTT;60;2;30.00;30;30
K206;P.S. 206 Joseph F Lamb;MS Core;CTT;60;2;30.00;30;30
K206;P.S. 206 Joseph F Lamb;MS Core;CTT;60;2;30.00;30;30
K206;P.S. 206 Joseph F Lamb;09-12;GEN ED;23;1;23.00;23;23
K206;P.S. 206 Joseph F Lamb;;;0;0;.00;0;0
