SCHOOL CODE;SCHOOL NAME;GRADE ;PROGRAM TYPE;NUMBER OF STUDENTS   SEATS FILLED;NUMBER OF SECTIONS;AVERAGE CLASS SIZE;SIZE OF SMALLEST CLASS;SIZE OF LARGEST CLASS
K207;P.S. 207 Elizabeth G. Leary;0K;GEN ED;100;4;25.00;25;25
K207;P.S. 207 Elizabeth G. Leary;0K;CTT;24;1;24.00;24;24
K207;P.S. 207 Elizabeth G. Leary;0K;G&T;20;1;20.00;20;20
K207;P.S. 207 Elizabeth G. Leary;01;GEN ED;101;4;25.30;25;26
K207;P.S. 207 Elizabeth G. Leary;01;CTT;25;1;25.00;25;25
K207;P.S. 207 Elizabeth G. Leary;01;G&T;26;1;26.00;26;26
K207;P.S. 207 Elizabeth G. Leary;02;GEN ED;96;4;24.00;22;25
K207;P.S. 207 Elizabeth G. Leary;02;CTT;24;1;24.00;24;24
K207;P.S. 207 Elizabeth G. Leary;02;G&T;23;1;23.00;23;23
K207;P.S. 207 Elizabeth G. Leary;03;GEN ED;98;4;24.50;23;26
K207;P.S. 207 Elizabeth G. Leary;03;CTT;27;1;27.00;27;27
K207;P.S. 207 Elizabeth G. Leary;04;GEN ED;86;3;28.70;28;29
K207;P.S. 207 Elizabeth G. Leary;04;CTT;55;2;27.50;27;28
K207;P.S. 207 Elizabeth G. Leary;05;GEN ED;83;3;27.70;26;29
K207;P.S. 207 Elizabeth G. Leary;05;CTT;52;2;26.00;26;26
K207;P.S. 207 Elizabeth G. Leary;06;GEN ED;87;3;29.00;27;32
K207;P.S. 207 Elizabeth G. Leary;06;CTT;28;1;28.00;28;28
K207;P.S. 207 Elizabeth G. Leary;07;GEN ED;56;2;28.00;27;29
K207;P.S. 207 Elizabeth G. Leary;07;CTT;55;2;27.50;27;28
K207;P.S. 207 Elizabeth G. Leary;08;GEN ED;52;2;26.00;26;26
K207;P.S. 207 Elizabeth G. Leary;08;CTT;53;2;26.50;25;28
K207;P.S. 207 Elizabeth G. Leary;0K-09;SPEC ED;8;1;8.00;8;8
K207;P.S. 207 Elizabeth G. Leary;MS Core;GEN ED;195;7;27.90;26;32
K207;P.S. 207 Elizabeth G. Leary;MS Core;GEN ED;169;6;28.20;26;32
K207;P.S. 207 Elizabeth G. Leary;MS Core;GEN ED;26;1;26.00;26;26
K207;P.S. 207 Elizabeth G. Leary;MS Core;GEN ED;169;6;28.20;26;32
K207;P.S. 207 Elizabeth G. Leary;MS Core;GEN ED;26;1;26.00;26;26
K207;P.S. 207 Elizabeth G. Leary;MS Core;GEN ED;195;7;27.90;26;32
K207;P.S. 207 Elizabeth G. Leary;MS Core;CTT;191;7;27.30;25;28
K207;P.S. 207 Elizabeth G. Leary;MS Core;CTT;136;5;27.20;25;28
K207;P.S. 207 Elizabeth G. Leary;MS Core;CTT;136;5;27.20;25;28
K207;P.S. 207 Elizabeth G. Leary;MS Core;CTT;136;5;27.20;25;28
K207;P.S. 207 Elizabeth G. Leary;09-12;GEN ED;27;1;27.00;27;27
K207;P.S. 207 Elizabeth G. Leary;09-12;CTT;55;2;27.50;27;28
K207;P.S. 207 Elizabeth G. Leary;;;0;0;.00;0;0
