SCHOOL CODE;SCHOOL NAME;GRADE ;PROGRAM TYPE;NUMBER OF STUDENTS   SEATS FILLED;NUMBER OF SECTIONS;AVERAGE CLASS SIZE;SIZE OF SMALLEST CLASS;SIZE OF LARGEST CLASS
K208;P.S. 208 Elsa Ebeling;0K;GEN ED;69;3;23.00;23;23
K208;P.S. 208 Elsa Ebeling;01;GEN ED;91;3;30.30;29;32
K208;P.S. 208 Elsa Ebeling;02;GEN ED;81;3;27.00;24;30
K208;P.S. 208 Elsa Ebeling;03;GEN ED;61;2;30.50;29;32
K208;P.S. 208 Elsa Ebeling;03;CTT;31;1;31.00;31;31
K208;P.S. 208 Elsa Ebeling;03;G&T;15;1;15.00;15;15
K208;P.S. 208 Elsa Ebeling;04;GEN ED;93;3;31.00;30;32
K208;P.S. 208 Elsa Ebeling;04;G&T;23;1;23.00;23;23
K208;P.S. 208 Elsa Ebeling;05;GEN ED;60;2;30.00;29;31
K208;P.S. 208 Elsa Ebeling;05;CTT;30;1;30.00;30;30
K208;P.S. 208 Elsa Ebeling;05;G&T;25;1;25.00;25;25
K208;P.S. 208 Elsa Ebeling;0K-09;SPEC ED;15;2;7.50;5;10
K208;P.S. 208 Elsa Ebeling;;;0;0;.00;0;0
