SCHOOL CODE;SCHOOL NAME;GRADE ;PROGRAM TYPE;NUMBER OF STUDENTS   SEATS FILLED;NUMBER OF SECTIONS;AVERAGE CLASS SIZE;SIZE OF SMALLEST CLASS;SIZE OF LARGEST CLASS
K209;P.S. 209 Margaret Mead;0K;GEN ED;86;4;21.50;21;22
K209;P.S. 209 Margaret Mead;01;GEN ED;96;4;24.00;23;25
K209;P.S. 209 Margaret Mead;02;GEN ED;68;3;22.70;22;23
K209;P.S. 209 Margaret Mead;03;GEN ED;51;2;25.50;25;26
K209;P.S. 209 Margaret Mead;03;CTT;29;1;29.00;29;29
K209;P.S. 209 Margaret Mead;04;GEN ED;58;2;29.00;28;30
K209;P.S. 209 Margaret Mead;04;CTT;27;1;27.00;27;27
K209;P.S. 209 Margaret Mead;05;GEN ED;71;3;23.70;23;24
K209;P.S. 209 Margaret Mead;06;GEN ED;56;2;28.00;26;30
K209;P.S. 209 Margaret Mead;07;GEN ED;66;2;33.00;32;34
K209;P.S. 209 Margaret Mead;08;GEN ED;44;2;22.00;19;25
K209;P.S. 209 Margaret Mead;08;CTT;21;1;21.00;21;21
K209;P.S. 209 Margaret Mead;0K-09;SPEC ED;49;6;8.20;4;11
K209;P.S. 209 Margaret Mead;MS Core;GEN ED;182;7;26.00;16;34
K209;P.S. 209 Margaret Mead;MS Core;GEN ED;182;7;26.00;16;34
K209;P.S. 209 Margaret Mead;MS Core;GEN ED;163;6;27.20;16;34
K209;P.S. 209 Margaret Mead;MS Core;GEN ED;19;1;19.00;19;19
K209;P.S. 209 Margaret Mead;MS Core;GEN ED;122;4;30.50;26;34
K209;P.S. 209 Margaret Mead;MS Core;GEN ED;60;3;20.00;16;25
K209;P.S. 209 Margaret Mead;09-12;GEN ED;126;5;25.20;16;34
K209;P.S. 209 Margaret Mead;;;0;0;.00;0;0
