SCHOOL CODE;SCHOOL NAME;GRADE ;PROGRAM TYPE;NUMBER OF STUDENTS   SEATS FILLED;NUMBER OF SECTIONS;AVERAGE CLASS SIZE;SIZE OF SMALLEST CLASS;SIZE OF LARGEST CLASS
K211;I.S. 211 John Wilson;06;GEN ED;167;6;27.80;26;30
K211;I.S. 211 John Wilson;06;CTT;22;1;22.00;22;22
K211;I.S. 211 John Wilson;06;G&T;50;2;25.00;24;26
K211;I.S. 211 John Wilson;07;GEN ED;161;6;26.80;20;30
K211;I.S. 211 John Wilson;07;CTT;29;1;29.00;29;29
K211;I.S. 211 John Wilson;07;G&T;49;2;24.50;21;28
K211;I.S. 211 John Wilson;08;GEN ED;217;8;27.10;22;31
K211;I.S. 211 John Wilson;08;CTT;24;1;24.00;24;24
K211;I.S. 211 John Wilson;08;G&T;30;1;30.00;30;30
K211;I.S. 211 John Wilson;0K-09;SPEC ED;31;4;7.80;3;11
K211;I.S. 211 John Wilson;0K-09;SPEC ED;52;5;10.40;9;12
K211;I.S. 211 John Wilson;MS Core;GEN ED;827;31;26.70;21;30
K211;I.S. 211 John Wilson;MS Core;GEN ED;666;25;26.60;21;30
K211;I.S. 211 John Wilson;MS Core;GEN ED;92;2;46.00;36;56
K211;I.S. 211 John Wilson;MS Core;GEN ED;581;22;26.40;21;30
K211;I.S. 211 John Wilson;MS Core;GEN ED;86;3;28.70;27;30
K211;I.S. 211 John Wilson;MS Core;GEN ED;666;25;26.60;21;30
K211;I.S. 211 John Wilson;MS Core;CTT;98;4;24.50;22;30
K211;I.S. 211 John Wilson;MS Core;CTT;75;3;25.00;22;30
K211;I.S. 211 John Wilson;MS Core;CTT;76;3;25.30;22;30
K211;I.S. 211 John Wilson;MS Core;CTT;75;3;25.00;22;30
K211;I.S. 211 John Wilson;MS Core;SPEC ED;44;4;11.00;10;12
K211;I.S. 211 John Wilson;MS Core;SPEC ED;44;4;11.00;10;12
K211;I.S. 211 John Wilson;MS Core;SPEC ED;44;4;11.00;10;12
K211;I.S. 211 John Wilson;MS Core;SPEC ED;44;4;11.00;10;12
K211;I.S. 211 John Wilson;09-12;GEN ED;106;4;26.50;24;30
K211;I.S. 211 John Wilson;09-12;CTT;22;1;22.00;22;22
K211;I.S. 211 John Wilson;09-12;SPEC ED;22;2;11.00;10;12
K211;I.S. 211 John Wilson;;;0;0;.00;0;0
