SCHOOL CODE;SCHOOL NAME;GRADE ;PROGRAM TYPE;NUMBER OF STUDENTS   SEATS FILLED;NUMBER OF SECTIONS;AVERAGE CLASS SIZE;SIZE OF SMALLEST CLASS;SIZE OF LARGEST CLASS
K212;P.S. 212 Lady Deborah Moody;0K;GEN ED;91;4;22.80;19;25
K212;P.S. 212 Lady Deborah Moody;0K;CTT;23;1;23.00;23;23
K212;P.S. 212 Lady Deborah Moody;01;GEN ED;58;3;19.30;15;22
K212;P.S. 212 Lady Deborah Moody;01;CTT;28;1;28.00;28;28
K212;P.S. 212 Lady Deborah Moody;02;GEN ED;59;2;29.50;29;30
K212;P.S. 212 Lady Deborah Moody;02;CTT;26;1;26.00;26;26
K212;P.S. 212 Lady Deborah Moody;03;GEN ED;59;2;29.50;29;30
K212;P.S. 212 Lady Deborah Moody;03;CTT;27;1;27.00;27;27
K212;P.S. 212 Lady Deborah Moody;03;G&T;18;1;18.00;18;18
K212;P.S. 212 Lady Deborah Moody;04;GEN ED;35;2;17.50;16;19
K212;P.S. 212 Lady Deborah Moody;04;CTT;22;1;22.00;22;22
K212;P.S. 212 Lady Deborah Moody;04;G&T;19;1;19.00;19;19
K212;P.S. 212 Lady Deborah Moody;05;GEN ED;43;2;21.50;20;23
K212;P.S. 212 Lady Deborah Moody;05;CTT;24;1;24.00;24;24
K212;P.S. 212 Lady Deborah Moody;05;G&T;19;1;19.00;19;19
K212;P.S. 212 Lady Deborah Moody;0K-09;SPEC ED;40;4;10.00;8;12
K212;P.S. 212 Lady Deborah Moody;;;0;0;.00;0;0
