SCHOOL CODE;SCHOOL NAME;GRADE ;PROGRAM TYPE;NUMBER OF STUDENTS   SEATS FILLED;NUMBER OF SECTIONS;AVERAGE CLASS SIZE;SIZE OF SMALLEST CLASS;SIZE OF LARGEST CLASS
K213;P.S. 213 New Lots;0K;GEN ED;69;3;23.00;22;24
K213;P.S. 213 New Lots;01;GEN ED;81;4;20.30;19;22
K213;P.S. 213 New Lots;02;GEN ED;88;4;22.00;21;23
K213;P.S. 213 New Lots;03;GEN ED;68;3;22.70;22;23
K213;P.S. 213 New Lots;04;GEN ED;59;3;19.70;19;20
K213;P.S. 213 New Lots;05;GEN ED;69;3;23.00;22;24
K213;P.S. 213 New Lots;0K-09;SPEC ED;10;1;10.00;10;10
K213;P.S. 213 New Lots;0K-09;SPEC ED;40;4;10.00;7;12
K213;P.S. 213 New Lots;;;0;0;.00;0;0
