SCHOOL CODE;SCHOOL NAME;GRADE ;PROGRAM TYPE;NUMBER OF STUDENTS   SEATS FILLED;NUMBER OF SECTIONS;AVERAGE CLASS SIZE;SIZE OF SMALLEST CLASS;SIZE OF LARGEST CLASS
K214;P.S. 214 Michael Friedsam;0K;GEN ED;120;6;20.00;18;28
K214;P.S. 214 Michael Friedsam;0K;CTT;13;1;13.00;13;13
K214;P.S. 214 Michael Friedsam;01;GEN ED;183;8;22.90;22;23
K214;P.S. 214 Michael Friedsam;01;CTT;22;1;22.00;22;22
K214;P.S. 214 Michael Friedsam;02;GEN ED;137;6;22.80;17;25
K214;P.S. 214 Michael Friedsam;02;CTT;25;1;25.00;25;25
K214;P.S. 214 Michael Friedsam;03;GEN ED;138;6;23.00;19;25
K214;P.S. 214 Michael Friedsam;03;CTT;22;1;22.00;22;22
K214;P.S. 214 Michael Friedsam;04;GEN ED;136;6;22.70;19;25
K214;P.S. 214 Michael Friedsam;05;GEN ED;130;5;26.00;24;28
K214;P.S. 214 Michael Friedsam;0K-09;SPEC ED;12;1;12.00;12;12
K214;P.S. 214 Michael Friedsam;0K-09;SPEC ED;36;3;12.00;12;12
K214;P.S. 214 Michael Friedsam;;;0;0;.00;0;0
