SCHOOL CODE;SCHOOL NAME;GRADE ;PROGRAM TYPE;NUMBER OF STUDENTS   SEATS FILLED;NUMBER OF SECTIONS;AVERAGE CLASS SIZE;SIZE OF SMALLEST CLASS;SIZE OF LARGEST CLASS
K215;P.S. 215 Morris H. Weiss;0K;GEN ED;69;3;23.00;22;24
K215;P.S. 215 Morris H. Weiss;0K;CTT;19;1;19.00;19;19
K215;P.S. 215 Morris H. Weiss;0K;G&T;19;1;19.00;19;19
K215;P.S. 215 Morris H. Weiss;01;GEN ED;63;3;21.00;17;23
K215;P.S. 215 Morris H. Weiss;01;CTT;22;1;22.00;22;22
K215;P.S. 215 Morris H. Weiss;01;G&T;26;1;26.00;26;26
K215;P.S. 215 Morris H. Weiss;02;GEN ED;73;3;24.30;24;25
K215;P.S. 215 Morris H. Weiss;02;CTT;26;1;26.00;26;26
K215;P.S. 215 Morris H. Weiss;02;G&T;26;1;26.00;26;26
K215;P.S. 215 Morris H. Weiss;03;GEN ED;80;3;26.70;25;28
K215;P.S. 215 Morris H. Weiss;03;G&T;27;1;27.00;27;27
K215;P.S. 215 Morris H. Weiss;04;GEN ED;49;3;16.30;13;19
K215;P.S. 215 Morris H. Weiss;04;G&T;25;1;25.00;25;25
K215;P.S. 215 Morris H. Weiss;05;GEN ED;56;2;28.00;27;29
K215;P.S. 215 Morris H. Weiss;05;CTT;27;1;27.00;27;27
K215;P.S. 215 Morris H. Weiss;05;G&T;26;1;26.00;26;26
K215;P.S. 215 Morris H. Weiss;0K-09;SPEC ED;10;1;10.00;10;10
K215;P.S. 215 Morris H. Weiss;0K-09;SPEC ED;18;2;9.00;8;10
K215;P.S. 215 Morris H. Weiss;;;0;0;.00;0;0
