SCHOOL CODE;SCHOOL NAME;GRADE ;PROGRAM TYPE;NUMBER OF STUDENTS   SEATS FILLED;NUMBER OF SECTIONS;AVERAGE CLASS SIZE;SIZE OF SMALLEST CLASS;SIZE OF LARGEST CLASS
K216;P.S. 216 Arturo Toscanini;0K;GEN ED;59;3;19.70;19;20
K216;P.S. 216 Arturo Toscanini;0K;CTT;17;1;17.00;17;17
K216;P.S. 216 Arturo Toscanini;01;GEN ED;50;2;25.00;23;27
K216;P.S. 216 Arturo Toscanini;01;CTT;22;1;22.00;22;22
K216;P.S. 216 Arturo Toscanini;02;GEN ED;68;3;22.70;20;25
K216;P.S. 216 Arturo Toscanini;03;GEN ED;51;2;25.50;24;27
K216;P.S. 216 Arturo Toscanini;03;CTT;23;1;23.00;23;23
K216;P.S. 216 Arturo Toscanini;04;GEN ED;55;2;27.50;26;29
K216;P.S. 216 Arturo Toscanini;04;CTT;24;1;24.00;24;24
K216;P.S. 216 Arturo Toscanini;05;GEN ED;52;2;26.00;23;29
K216;P.S. 216 Arturo Toscanini;;;0;0;.00;0;0
