SCHOOL CODE;SCHOOL NAME;GRADE ;PROGRAM TYPE;NUMBER OF STUDENTS   SEATS FILLED;NUMBER OF SECTIONS;AVERAGE CLASS SIZE;SIZE OF SMALLEST CLASS;SIZE OF LARGEST CLASS
K217;P.S. 217 Colonel David Marcus School;0K;GEN ED;182;8;22.80;19;25
K217;P.S. 217 Colonel David Marcus School;0K;CTT;27;1;27.00;27;27
K217;P.S. 217 Colonel David Marcus School;01;GEN ED;178;7;25.40;25;26
K217;P.S. 217 Colonel David Marcus School;01;CTT;27;1;27.00;27;27
K217;P.S. 217 Colonel David Marcus School;02;GEN ED;147;6;24.50;22;26
K217;P.S. 217 Colonel David Marcus School;02;CTT;52;2;26.00;25;27
K217;P.S. 217 Colonel David Marcus School;03;GEN ED;168;6;28.00;27;29
K217;P.S. 217 Colonel David Marcus School;03;CTT;58;2;29.00;29;29
K217;P.S. 217 Colonel David Marcus School;04;GEN ED;145;5;29.00;27;31
K217;P.S. 217 Colonel David Marcus School;04;CTT;63;2;31.50;31;32
K217;P.S. 217 Colonel David Marcus School;05;GEN ED;177;6;29.50;28;32
K217;P.S. 217 Colonel David Marcus School;05;CTT;29;1;29.00;29;29
K217;P.S. 217 Colonel David Marcus School;0K-09;SPEC ED;26;3;8.70;6;12
K217;P.S. 217 Colonel David Marcus School;;;0;0;.00;0;0
