SCHOOL CODE;SCHOOL NAME;GRADE ;PROGRAM TYPE;NUMBER OF STUDENTS   SEATS FILLED;NUMBER OF SECTIONS;AVERAGE CLASS SIZE;SIZE OF SMALLEST CLASS;SIZE OF LARGEST CLASS
K218;J.H.S. 218 James P. Sinnott;06;GEN ED;118;4;29.50;27;31
K218;J.H.S. 218 James P. Sinnott;06;CTT;27;1;27.00;27;27
K218;J.H.S. 218 James P. Sinnott;07;GEN ED;139;4;34.80;31;38
K218;J.H.S. 218 James P. Sinnott;07;CTT;28;1;28.00;28;28
K218;J.H.S. 218 James P. Sinnott;08;GEN ED;158;5;31.60;28;38
K218;J.H.S. 218 James P. Sinnott;08;CTT;24;1;24.00;24;24
K218;J.H.S. 218 James P. Sinnott;0K-09;SPEC ED;34;3;11.30;10;12
K218;J.H.S. 218 James P. Sinnott;0K-09;SPEC ED;20;2;10.00;10;10
K218;J.H.S. 218 James P. Sinnott;MS Core;GEN ED;515;16;32.20;18;38
K218;J.H.S. 218 James P. Sinnott;MS Core;GEN ED;406;13;31.20;18;38
K218;J.H.S. 218 James P. Sinnott;MS Core;GEN ED;38;1;38.00;38;38
K218;J.H.S. 218 James P. Sinnott;MS Core;GEN ED;369;12;30.80;18;38
K218;J.H.S. 218 James P. Sinnott;MS Core;GEN ED;75;2;37.50;37;38
K218;J.H.S. 218 James P. Sinnott;MS Core;GEN ED;444;14;31.70;18;38
K218;J.H.S. 218 James P. Sinnott;MS Core;GEN ED;66;2;33.00;31;35
K218;J.H.S. 218 James P. Sinnott;MS Core;CTT;119;4;29.80;26;33
K218;J.H.S. 218 James P. Sinnott;MS Core;CTT;27;1;27.00;27;27
K218;J.H.S. 218 James P. Sinnott;MS Core;CTT;26;1;26.00;26;26
K218;J.H.S. 218 James P. Sinnott;MS Core;CTT;33;1;33.00;33;33
K218;J.H.S. 218 James P. Sinnott;MS Core;CTT;53;2;26.50;26;27
K218;J.H.S. 218 James P. Sinnott;MS Core;CTT;33;1;33.00;33;33
K218;J.H.S. 218 James P. Sinnott;MS Core;CTT;53;2;26.50;26;27
K218;J.H.S. 218 James P. Sinnott;MS Core;CTT;33;1;33.00;33;33
K218;J.H.S. 218 James P. Sinnott;MS Core;CTT;26;1;26.00;26;26
K218;J.H.S. 218 James P. Sinnott;MS Core;SPEC ED;34;3;11.30;10;12
K218;J.H.S. 218 James P. Sinnott;MS Core;SPEC ED;22;2;11.00;10;12
K218;J.H.S. 218 James P. Sinnott;MS Core;SPEC ED;12;1;12.00;12;12
K218;J.H.S. 218 James P. Sinnott;MS Core;SPEC ED;34;3;11.30;10;12
K218;J.H.S. 218 James P. Sinnott;MS Core;SPEC ED;22;2;11.00;10;12
K218;J.H.S. 218 James P. Sinnott;MS Core;SPEC ED;12;1;12.00;12;12
K218;J.H.S. 218 James P. Sinnott;09-12;GEN ED;38;1;38.00;38;38
K218;J.H.S. 218 James P. Sinnott;09-12;GEN ED;75;2;37.50;37;38
K218;J.H.S. 218 James P. Sinnott;;;0;0;.00;0;0
