SCHOOL CODE;SCHOOL NAME;GRADE ;PROGRAM TYPE;NUMBER OF STUDENTS   SEATS FILLED;NUMBER OF SECTIONS;AVERAGE CLASS SIZE;SIZE OF SMALLEST CLASS;SIZE OF LARGEST CLASS
K219;P.S. 219 Kennedy-King;0K;GEN ED;81;4;20.30;20;21
K219;P.S. 219 Kennedy-King;0K;CTT;12;1;12.00;12;12
K219;P.S. 219 Kennedy-King;01;GEN ED;86;5;17.20;15;18
K219;P.S. 219 Kennedy-King;02;GEN ED;124;6;20.70;19;23
K219;P.S. 219 Kennedy-King;02;CTT;13;1;13.00;13;13
K219;P.S. 219 Kennedy-King;03;GEN ED;96;4;24.00;23;25
K219;P.S. 219 Kennedy-King;03;CTT;20;1;20.00;20;20
K219;P.S. 219 Kennedy-King;04;GEN ED;107;5;21.40;20;22
K219;P.S. 219 Kennedy-King;05;GEN ED;118;5;23.60;23;24
K219;P.S. 219 Kennedy-King;0K-09;SPEC ED;35;3;11.70;11;12
K219;P.S. 219 Kennedy-King;0K-09;SPEC ED;32;3;10.70;10;12
K219;P.S. 219 Kennedy-King;;;0;0;.00;0;0
