SCHOOL CODE;SCHOOL NAME;GRADE ;PROGRAM TYPE;NUMBER OF STUDENTS   SEATS FILLED;NUMBER OF SECTIONS;AVERAGE CLASS SIZE;SIZE OF SMALLEST CLASS;SIZE OF LARGEST CLASS
K220;J.H.S. 220 John J. Pershing;06;GEN ED;245;10;24.50;18;27
K220;J.H.S. 220 John J. Pershing;06;CTT;49;2;24.50;24;25
K220;J.H.S. 220 John J. Pershing;06;G&T;76;3;25.30;25;26
K220;J.H.S. 220 John J. Pershing;07;GEN ED;341;14;24.40;13;28
K220;J.H.S. 220 John J. Pershing;07;CTT;23;1;23.00;23;23
K220;J.H.S. 220 John J. Pershing;07;G&T;28;1;28.00;28;28
K220;J.H.S. 220 John J. Pershing;08;GEN ED;400;15;26.70;19;30
K220;J.H.S. 220 John J. Pershing;08;CTT;49;2;24.50;21;28
K220;J.H.S. 220 John J. Pershing;08;G&T;32;1;32.00;32;32
K220;J.H.S. 220 John J. Pershing;0K-09;SPEC ED;18;2;9.00;7;11
K220;J.H.S. 220 John J. Pershing;0K-09;SPEC ED;30;3;10.00;9;11
K220;J.H.S. 220 John J. Pershing;MS Core;GEN ED;979;38;25.80;19;32
K220;J.H.S. 220 John J. Pershing;MS Core;GEN ED;1123;44;25.50;13;32
K220;J.H.S. 220 John J. Pershing;MS Core;GEN ED;1095;43;25.50;13;32
K220;J.H.S. 220 John J. Pershing;MS Core;GEN ED;28;1;28.00;28;28
K220;J.H.S. 220 John J. Pershing;MS Core;GEN ED;1123;44;25.50;13;32
K220;J.H.S. 220 John J. Pershing;MS Core;CTT;169;7;24.10;20;28
K220;J.H.S. 220 John J. Pershing;MS Core;CTT;122;5;24.40;21;28
K220;J.H.S. 220 John J. Pershing;MS Core;CTT;122;5;24.40;21;28
K220;J.H.S. 220 John J. Pershing;MS Core;CTT;122;5;24.40;21;28
K220;J.H.S. 220 John J. Pershing;MS Core;SPEC ED;10;1;10.00;10;10
K220;J.H.S. 220 John J. Pershing;MS Core;SPEC ED;32;3;10.70;10;11
K220;J.H.S. 220 John J. Pershing;MS Core;SPEC ED;32;3;10.70;10;11
K220;J.H.S. 220 John J. Pershing;MS Core;SPEC ED;32;3;10.70;10;11
K220;J.H.S. 220 John J. Pershing;;;0;0;.00;0;0
