SCHOOL CODE;SCHOOL NAME;GRADE ;PROGRAM TYPE;NUMBER OF STUDENTS   SEATS FILLED;NUMBER OF SECTIONS;AVERAGE CLASS SIZE;SIZE OF SMALLEST CLASS;SIZE OF LARGEST CLASS
K221;P.S. 221 Toussaint L'Ouverture;0K;GEN ED;55;3;18.30;15;20
K221;P.S. 221 Toussaint L'Ouverture;0K;CTT;13;1;13.00;13;13
K221;P.S. 221 Toussaint L'Ouverture;01;GEN ED;54;3;18.00;16;19
K221;P.S. 221 Toussaint L'Ouverture;01;CTT;20;1;20.00;20;20
K221;P.S. 221 Toussaint L'Ouverture;02;GEN ED;78;3;26.00;26;26
K221;P.S. 221 Toussaint L'Ouverture;02;CTT;19;1;19.00;19;19
K221;P.S. 221 Toussaint L'Ouverture;03;GEN ED;80;4;20.00;18;22
K221;P.S. 221 Toussaint L'Ouverture;04;GEN ED;84;3;28.00;27;29
K221;P.S. 221 Toussaint L'Ouverture;04;CTT;25;1;25.00;25;25
K221;P.S. 221 Toussaint L'Ouverture;05;GEN ED;71;3;23.70;23;25
K221;P.S. 221 Toussaint L'Ouverture;0K-09;SPEC ED;33;4;8.30;3;10
K221;P.S. 221 Toussaint L'Ouverture;;;0;0;.00;0;0
