SCHOOL CODE;SCHOOL NAME;GRADE ;PROGRAM TYPE;NUMBER OF STUDENTS   SEATS FILLED;NUMBER OF SECTIONS;AVERAGE CLASS SIZE;SIZE OF SMALLEST CLASS;SIZE OF LARGEST CLASS
K222;P.S. 222 Katherine R. Snyder;0K;GEN ED;101;5;20.20;19;21
K222;P.S. 222 Katherine R. Snyder;0K;CTT;21;1;21.00;21;21
K222;P.S. 222 Katherine R. Snyder;01;GEN ED;93;4;23.30;22;25
K222;P.S. 222 Katherine R. Snyder;01;CTT;23;1;23.00;23;23
K222;P.S. 222 Katherine R. Snyder;02;GEN ED;91;4;22.80;20;24
K222;P.S. 222 Katherine R. Snyder;02;CTT;25;1;25.00;25;25
K222;P.S. 222 Katherine R. Snyder;03;GEN ED;83;4;20.80;20;22
K222;P.S. 222 Katherine R. Snyder;03;CTT;42;2;21.00;21;21
K222;P.S. 222 Katherine R. Snyder;04;GEN ED;75;3;25.00;24;27
K222;P.S. 222 Katherine R. Snyder;04;CTT;69;3;23.00;22;24
K222;P.S. 222 Katherine R. Snyder;05;GEN ED;136;6;22.70;21;26
K222;P.S. 222 Katherine R. Snyder;0K-09;SPEC ED;45;4;11.30;10;12
K222;P.S. 222 Katherine R. Snyder;;;0;0;.00;0;0
