SCHOOL CODE;SCHOOL NAME;GRADE ;PROGRAM TYPE;NUMBER OF STUDENTS   SEATS FILLED;NUMBER OF SECTIONS;AVERAGE CLASS SIZE;SIZE OF SMALLEST CLASS;SIZE OF LARGEST CLASS
K223;J.H.S. 223 The Montauk;06;GEN ED;140;6;23.30;16;27
K223;J.H.S. 223 The Montauk;06;CTT;53;2;26.50;26;27
K223;J.H.S. 223 The Montauk;07;GEN ED;131;6;21.80;20;24
K223;J.H.S. 223 The Montauk;07;CTT;29;1;29.00;29;29
K223;J.H.S. 223 The Montauk;08;GEN ED;175;7;25.00;21;28
K223;J.H.S. 223 The Montauk;08;CTT;23;1;23.00;23;23
K223;J.H.S. 223 The Montauk;0K-09;SPEC ED;21;2;10.50;10;11
K223;J.H.S. 223 The Montauk;0K-09;SPEC ED;17;2;8.50;8;9
K223;J.H.S. 223 The Montauk;MS Core;GEN ED;406;24;16.90;10;29
K223;J.H.S. 223 The Montauk;MS Core;GEN ED;489;21;23.30;11;29
K223;J.H.S. 223 The Montauk;MS Core;GEN ED;26;1;26.00;26;26
K223;J.H.S. 223 The Montauk;MS Core;GEN ED;478;20;23.90;17;29
K223;J.H.S. 223 The Montauk;MS Core;GEN ED;26;1;26.00;26;26
K223;J.H.S. 223 The Montauk;MS Core;GEN ED;504;21;24.00;17;29
K223;J.H.S. 223 The Montauk;MS Core;CTT;49;3;16.30;13;18
K223;J.H.S. 223 The Montauk;MS Core;CTT;51;2;25.50;22;29
K223;J.H.S. 223 The Montauk;MS Core;CTT;51;2;25.50;22;29
K223;J.H.S. 223 The Montauk;MS Core;CTT;51;2;25.50;22;29
K223;J.H.S. 223 The Montauk;MS Core;SPEC ED;24;2;12.00;12;12
K223;J.H.S. 223 The Montauk;MS Core;SPEC ED;12;1;12.00;12;12
K223;J.H.S. 223 The Montauk;MS Core;SPEC ED;12;1;12.00;12;12
K223;J.H.S. 223 The Montauk;MS Core;SPEC ED;12;1;12.00;12;12
K223;J.H.S. 223 The Montauk;09-12;GEN ED;19;1;19.00;19;19
K223;J.H.S. 223 The Montauk;;;0;0;.00;0;0
