SCHOOL CODE;SCHOOL NAME;GRADE ;PROGRAM TYPE;NUMBER OF STUDENTS   SEATS FILLED;NUMBER OF SECTIONS;AVERAGE CLASS SIZE;SIZE OF SMALLEST CLASS;SIZE OF LARGEST CLASS
K224;P.S. 224 Hale A. Woodruff;0K;GEN ED;88;4;22.00;20;23
K224;P.S. 224 Hale A. Woodruff;0K;CTT;23;1;23.00;23;23
K224;P.S. 224 Hale A. Woodruff;01;GEN ED;88;4;22.00;20;24
K224;P.S. 224 Hale A. Woodruff;01;CTT;19;1;19.00;19;19
K224;P.S. 224 Hale A. Woodruff;02;GEN ED;104;5;20.80;20;21
K224;P.S. 224 Hale A. Woodruff;03;GEN ED;118;5;23.60;23;25
K224;P.S. 224 Hale A. Woodruff;03;CTT;17;1;17.00;17;17
K224;P.S. 224 Hale A. Woodruff;04;GEN ED;91;4;22.80;22;24
K224;P.S. 224 Hale A. Woodruff;04;CTT;22;1;22.00;22;22
K224;P.S. 224 Hale A. Woodruff;05;GEN ED;110;5;22.00;19;24
K224;P.S. 224 Hale A. Woodruff;06;GEN ED;71;3;23.70;23;24
K224;P.S. 224 Hale A. Woodruff;0K-09;SPEC ED;53;5;10.60;9;11
K224;P.S. 224 Hale A. Woodruff;;;0;0;.00;0;0
