SCHOOL CODE;SCHOOL NAME;GRADE ;PROGRAM TYPE;NUMBER OF STUDENTS   SEATS FILLED;NUMBER OF SECTIONS;AVERAGE CLASS SIZE;SIZE OF SMALLEST CLASS;SIZE OF LARGEST CLASS
K225;P.S. K225 - The Eileen E. Zaglin;0K;GEN ED;75;3;25.00;25;25
K225;P.S. K225 - The Eileen E. Zaglin;0K;CTT;20;1;20.00;20;20
K225;P.S. K225 - The Eileen E. Zaglin;01;GEN ED;73;3;24.30;24;25
K225;P.S. K225 - The Eileen E. Zaglin;01;CTT;22;1;22.00;22;22
K225;P.S. K225 - The Eileen E. Zaglin;02;GEN ED;63;3;21.00;18;23
K225;P.S. K225 - The Eileen E. Zaglin;02;CTT;20;1;20.00;20;20
K225;P.S. K225 - The Eileen E. Zaglin;03;GEN ED;64;3;21.30;20;22
K225;P.S. K225 - The Eileen E. Zaglin;03;CTT;25;1;25.00;25;25
K225;P.S. K225 - The Eileen E. Zaglin;04;GEN ED;70;3;23.30;23;24
K225;P.S. K225 - The Eileen E. Zaglin;04;CTT;24;1;24.00;24;24
K225;P.S. K225 - The Eileen E. Zaglin;05;GEN ED;58;2;29.00;28;30
K225;P.S. K225 - The Eileen E. Zaglin;05;CTT;24;1;24.00;24;24
K225;P.S. K225 - The Eileen E. Zaglin;06;GEN ED;42;2;21.00;20;22
K225;P.S. K225 - The Eileen E. Zaglin;06;CTT;47;2;23.50;23;24
K225;P.S. K225 - The Eileen E. Zaglin;07;GEN ED;60;2;30.00;29;31
K225;P.S. K225 - The Eileen E. Zaglin;07;CTT;26;1;26.00;26;26
K225;P.S. K225 - The Eileen E. Zaglin;08;GEN ED;107;4;26.80;18;30
K225;P.S. K225 - The Eileen E. Zaglin;0K-09;SPEC ED;23;2;11.50;11;12
K225;P.S. K225 - The Eileen E. Zaglin;MS Core;GEN ED;196;8;24.50;14;30
K225;P.S. K225 - The Eileen E. Zaglin;MS Core;GEN ED;167;7;23.90;14;30
K225;P.S. K225 - The Eileen E. Zaglin;MS Core;GEN ED;29;1;29.00;29;29
K225;P.S. K225 - The Eileen E. Zaglin;MS Core;GEN ED;196;8;24.50;14;30
K225;P.S. K225 - The Eileen E. Zaglin;MS Core;GEN ED;196;8;24.50;14;30
K225;P.S. K225 - The Eileen E. Zaglin;MS Core;CTT;72;3;24.00;23;25
K225;P.S. K225 - The Eileen E. Zaglin;MS Core;CTT;72;3;24.00;23;25
K225;P.S. K225 - The Eileen E. Zaglin;MS Core;CTT;72;3;24.00;23;25
K225;P.S. K225 - The Eileen E. Zaglin;MS Core;CTT;72;3;24.00;23;25
K225;P.S. K225 - The Eileen E. Zaglin;;;0;0;.00;0;0
