SCHOOL CODE;SCHOOL NAME;GRADE ;PROGRAM TYPE;NUMBER OF STUDENTS   SEATS FILLED;NUMBER OF SECTIONS;AVERAGE CLASS SIZE;SIZE OF SMALLEST CLASS;SIZE OF LARGEST CLASS
K226;P.S. 226 Alfred De B.Mason;0K;GEN ED;72;3;24.00;23;25
K226;P.S. 226 Alfred De B.Mason;0K;CTT;26;1;26.00;26;26
K226;P.S. 226 Alfred De B.Mason;01;GEN ED;78;3;26.00;26;26
K226;P.S. 226 Alfred De B.Mason;01;CTT;22;1;22.00;22;22
K226;P.S. 226 Alfred De B.Mason;02;GEN ED;52;2;26.00;25;27
K226;P.S. 226 Alfred De B.Mason;02;CTT;24;1;24.00;24;24
K226;P.S. 226 Alfred De B.Mason;03;GEN ED;43;2;21.50;21;22
K226;P.S. 226 Alfred De B.Mason;03;CTT;24;1;24.00;24;24
K226;P.S. 226 Alfred De B.Mason;04;GEN ED;56;2;28.00;26;30
K226;P.S. 226 Alfred De B.Mason;04;CTT;26;1;26.00;26;26
K226;P.S. 226 Alfred De B.Mason;05;GEN ED;58;2;29.00;28;30
K226;P.S. 226 Alfred De B.Mason;05;CTT;25;1;25.00;25;25
K226;P.S. 226 Alfred De B.Mason;06;GEN ED;57;2;28.50;28;29
K226;P.S. 226 Alfred De B.Mason;06;CTT;26;1;26.00;26;26
K226;P.S. 226 Alfred De B.Mason;07;GEN ED;58;2;29.00;29;29
K226;P.S. 226 Alfred De B.Mason;07;CTT;24;1;24.00;24;24
K226;P.S. 226 Alfred De B.Mason;08;GEN ED;51;2;25.50;21;30
K226;P.S. 226 Alfred De B.Mason;08;CTT;26;1;26.00;26;26
K226;P.S. 226 Alfred De B.Mason;0K-09;SPEC ED;63;7;9.00;7;12
K226;P.S. 226 Alfred De B.Mason;MS Core;GEN ED;163;6;27.20;21;30
K226;P.S. 226 Alfred De B.Mason;MS Core;GEN ED;76;3;25.30;21;29
K226;P.S. 226 Alfred De B.Mason;MS Core;GEN ED;87;3;29.00;28;30
K226;P.S. 226 Alfred De B.Mason;MS Core;GEN ED;50;2;25.00;21;29
K226;P.S. 226 Alfred De B.Mason;MS Core;GEN ED;113;4;28.30;26;30
K226;P.S. 226 Alfred De B.Mason;MS Core;GEN ED;20;1;20.00;20;20
K226;P.S. 226 Alfred De B.Mason;MS Core;GEN ED;55;2;27.50;26;29
K226;P.S. 226 Alfred De B.Mason;MS Core;GEN ED;50;2;25.00;21;29
K226;P.S. 226 Alfred De B.Mason;MS Core;GEN ED;58;2;29.00;28;30
K226;P.S. 226 Alfred De B.Mason;MS Core;CTT;78;3;26.00;23;28
K226;P.S. 226 Alfred De B.Mason;MS Core;CTT;28;1;28.00;28;28
K226;P.S. 226 Alfred De B.Mason;MS Core;CTT;50;2;25.00;23;27
K226;P.S. 226 Alfred De B.Mason;MS Core;CTT;27;1;27.00;27;27
K226;P.S. 226 Alfred De B.Mason;MS Core;CTT;51;2;25.50;23;28
K226;P.S. 226 Alfred De B.Mason;MS Core;CTT;28;1;28.00;28;28
K226;P.S. 226 Alfred De B.Mason;MS Core;CTT;27;1;27.00;27;27
K226;P.S. 226 Alfred De B.Mason;MS Core;CTT;23;1;23.00;23;23
K226;P.S. 226 Alfred De B.Mason;;;0;0;.00;0;0
