SCHOOL CODE;SCHOOL NAME;GRADE ;PROGRAM TYPE;NUMBER OF STUDENTS   SEATS FILLED;NUMBER OF SECTIONS;AVERAGE CLASS SIZE;SIZE OF SMALLEST CLASS;SIZE OF LARGEST CLASS
K227;J.H.S. 227 Edward B. Shallow;06;GEN ED;313;10;31.30;29;32
K227;J.H.S. 227 Edward B. Shallow;06;CTT;59;2;29.50;29;30
K227;J.H.S. 227 Edward B. Shallow;06;G&T;24;1;24.00;24;24
K227;J.H.S. 227 Edward B. Shallow;07;GEN ED;307;11;27.90;25;30
K227;J.H.S. 227 Edward B. Shallow;07;CTT;50;2;25.00;25;25
K227;J.H.S. 227 Edward B. Shallow;07;G&T;31;1;31.00;31;31
K227;J.H.S. 227 Edward B. Shallow;08;GEN ED;362;12;30.20;28;31
K227;J.H.S. 227 Edward B. Shallow;08;CTT;51;2;25.50;24;27
K227;J.H.S. 227 Edward B. Shallow;08;G&T;54;2;27.00;26;28
K227;J.H.S. 227 Edward B. Shallow;0K-09;SPEC ED;31;3;10.30;9;11
K227;J.H.S. 227 Edward B. Shallow;0K-09;SPEC ED;55;6;9.20;7;11
K227;J.H.S. 227 Edward B. Shallow;MS Core;GEN ED;1206;41;29.40;24;32
K227;J.H.S. 227 Edward B. Shallow;MS Core;GEN ED;1116;38;29.40;24;32
K227;J.H.S. 227 Edward B. Shallow;MS Core;GEN ED;82;3;27.30;26;28
K227;J.H.S. 227 Edward B. Shallow;MS Core;GEN ED;1085;37;29.30;24;32
K227;J.H.S. 227 Edward B. Shallow;MS Core;GEN ED;1085;37;29.30;24;32
K227;J.H.S. 227 Edward B. Shallow;MS Core;CTT;161;6;26.80;24;30
K227;J.H.S. 227 Edward B. Shallow;MS Core;CTT;161;6;26.80;24;30
K227;J.H.S. 227 Edward B. Shallow;MS Core;CTT;161;6;26.80;24;30
K227;J.H.S. 227 Edward B. Shallow;MS Core;CTT;161;6;26.80;24;30
K227;J.H.S. 227 Edward B. Shallow;MS Core;SPEC ED;65;6;10.80;10;11
K227;J.H.S. 227 Edward B. Shallow;MS Core;SPEC ED;65;6;10.80;10;11
K227;J.H.S. 227 Edward B. Shallow;MS Core;SPEC ED;54;5;10.80;10;11
K227;J.H.S. 227 Edward B. Shallow;MS Core;SPEC ED;54;5;10.80;10;11
K227;J.H.S. 227 Edward B. Shallow;MS Core;SPEC ED;20;2;10.00;10;10
K227;J.H.S. 227 Edward B. Shallow;;;0;0;.00;0;0
