SCHOOL CODE;SCHOOL NAME;GRADE ;PROGRAM TYPE;NUMBER OF STUDENTS   SEATS FILLED;NUMBER OF SECTIONS;AVERAGE CLASS SIZE;SIZE OF SMALLEST CLASS;SIZE OF LARGEST CLASS
K228;I.S. 228 David A. Boody;06;GEN ED;166;6;27.70;24;29
K228;I.S. 228 David A. Boody;06;CTT;50;2;25.00;24;26
K228;I.S. 228 David A. Boody;07;GEN ED;206;8;25.80;18;30
K228;I.S. 228 David A. Boody;07;CTT;25;1;25.00;25;25
K228;I.S. 228 David A. Boody;08;GEN ED;285;10;28.50;24;32
K228;I.S. 228 David A. Boody;08;CTT;25;1;25.00;25;25
K228;I.S. 228 David A. Boody;0K-09;SPEC ED;15;2;7.50;5;10
K228;I.S. 228 David A. Boody;0K-09;SPEC ED;27;5;5.40;2;8
K228;I.S. 228 David A. Boody;MS Core;GEN ED;688;26;26.50;14;32
K228;I.S. 228 David A. Boody;MS Core;GEN ED;581;22;26.40;16;30
K228;I.S. 228 David A. Boody;MS Core;GEN ED;93;3;31.00;30;32
K228;I.S. 228 David A. Boody;MS Core;GEN ED;390;15;26.00;16;30
K228;I.S. 228 David A. Boody;MS Core;GEN ED;123;4;30.80;30;32
K228;I.S. 228 David A. Boody;MS Core;GEN ED;186;8;23.30;10;29
K228;I.S. 228 David A. Boody;MS Core;GEN ED;70;3;23.30;20;28
K228;I.S. 228 David A. Boody;MS Core;GEN ED;419;16;26.20;16;30
K228;I.S. 228 David A. Boody;MS Core;GEN ED;255;9;28.30;24;32
K228;I.S. 228 David A. Boody;MS Core;CTT;102;4;25.50;24;27
K228;I.S. 228 David A. Boody;MS Core;CTT;102;4;25.50;24;27
K228;I.S. 228 David A. Boody;MS Core;CTT;102;4;25.50;24;27
K228;I.S. 228 David A. Boody;MS Core;CTT;102;4;25.50;24;27
K228;I.S. 228 David A. Boody;MS Core;SPEC ED;10;1;10.00;10;10
K228;I.S. 228 David A. Boody;MS Core;SPEC ED;10;1;10.00;10;10
K228;I.S. 228 David A. Boody;MS Core;SPEC ED;10;1;10.00;10;10
K228;I.S. 228 David A. Boody;MS Core;SPEC ED;10;1;10.00;10;10
K228;I.S. 228 David A. Boody;09-12;GEN ED;62;5;12.40;10;14
K228;I.S. 228 David A. Boody;09-12;CTT;24;1;24.00;24;24
K228;I.S. 228 David A. Boody;;;0;0;.00;0;0
