SCHOOL CODE;SCHOOL NAME;GRADE ;PROGRAM TYPE;NUMBER OF STUDENTS   SEATS FILLED;NUMBER OF SECTIONS;AVERAGE CLASS SIZE;SIZE OF SMALLEST CLASS;SIZE OF LARGEST CLASS
K229;P.S. 229 Dyker;0K;GEN ED;80;3;26.70;26;27
K229;P.S. 229 Dyker;0K;CTT;23;1;23.00;23;23
K229;P.S. 229 Dyker;0K;G&T;22;1;22.00;22;22
K229;P.S. 229 Dyker;01;GEN ED;81;3;27.00;26;28
K229;P.S. 229 Dyker;01;CTT;26;1;26.00;26;26
K229;P.S. 229 Dyker;01;G&T;25;1;25.00;25;25
K229;P.S. 229 Dyker;02;GEN ED;108;4;27.00;27;27
K229;P.S. 229 Dyker;02;G&T;26;1;26.00;26;26
K229;P.S. 229 Dyker;03;GEN ED;89;3;29.70;29;30
K229;P.S. 229 Dyker;03;G&T;25;1;25.00;25;25
K229;P.S. 229 Dyker;04;GEN ED;84;3;28.00;28;28
K229;P.S. 229 Dyker;04;G&T;28;1;28.00;28;28
K229;P.S. 229 Dyker;05;GEN ED;92;3;30.70;30;31
K229;P.S. 229 Dyker;05;G&T;23;1;23.00;23;23
K229;P.S. 229 Dyker;06;GEN ED;58;2;29.00;25;33
K229;P.S. 229 Dyker;06;G&T;28;1;28.00;28;28
K229;P.S. 229 Dyker;07;GEN ED;28;1;28.00;28;28
K229;P.S. 229 Dyker;0K-09;SPEC ED;21;2;10.50;10;11
K229;P.S. 229 Dyker;;;0;0;.00;0;0
