SCHOOL CODE;SCHOOL NAME;GRADE ;PROGRAM TYPE;NUMBER OF STUDENTS   SEATS FILLED;NUMBER OF SECTIONS;AVERAGE CLASS SIZE;SIZE OF SMALLEST CLASS;SIZE OF LARGEST CLASS
K230;P.S. 230 Doris L. Cohen;0K;GEN ED;120;5;24.00;24;24
K230;P.S. 230 Doris L. Cohen;0K;CTT;48;2;24.00;24;24
K230;P.S. 230 Doris L. Cohen;0K;G&T;21;1;21.00;21;21
K230;P.S. 230 Doris L. Cohen;01;GEN ED;160;7;22.90;22;23
K230;P.S. 230 Doris L. Cohen;01;CTT;23;1;23.00;23;23
K230;P.S. 230 Doris L. Cohen;01;G&T;18;1;18.00;18;18
K230;P.S. 230 Doris L. Cohen;02;GEN ED;111;5;22.20;21;23
K230;P.S. 230 Doris L. Cohen;02;CTT;49;2;24.50;24;25
K230;P.S. 230 Doris L. Cohen;02;G&T;24;1;24.00;24;24
K230;P.S. 230 Doris L. Cohen;03;GEN ED;124;5;24.80;24;25
K230;P.S. 230 Doris L. Cohen;03;CTT;49;2;24.50;24;25
K230;P.S. 230 Doris L. Cohen;03;G&T;25;1;25.00;25;25
K230;P.S. 230 Doris L. Cohen;04;GEN ED;130;5;26.00;25;27
K230;P.S. 230 Doris L. Cohen;04;CTT;24;1;24.00;24;24
K230;P.S. 230 Doris L. Cohen;04;G&T;24;1;24.00;24;24
K230;P.S. 230 Doris L. Cohen;05;GEN ED;123;5;24.60;24;26
K230;P.S. 230 Doris L. Cohen;05;G&T;43;2;21.50;21;22
K230;P.S. 230 Doris L. Cohen;0K-09;SPEC ED;23;2;11.50;11;12
K230;P.S. 230 Doris L. Cohen;0K-09;SPEC ED;23;2;11.50;11;12
K230;P.S. 230 Doris L. Cohen;;;0;0;.00;0;0
