SCHOOL CODE;SCHOOL NAME;GRADE ;PROGRAM TYPE;NUMBER OF STUDENTS   SEATS FILLED;NUMBER OF SECTIONS;AVERAGE CLASS SIZE;SIZE OF SMALLEST CLASS;SIZE OF LARGEST CLASS
K233;P.S. 233 Langston Hughes;0K;GEN ED;56;3;18.70;18;20
K233;P.S. 233 Langston Hughes;0K;CTT;17;1;17.00;17;17
K233;P.S. 233 Langston Hughes;01;GEN ED;83;5;16.60;13;23
K233;P.S. 233 Langston Hughes;01;CTT;19;1;19.00;19;19
K233;P.S. 233 Langston Hughes;02;GEN ED;91;4;22.80;21;25
K233;P.S. 233 Langston Hughes;03;GEN ED;107;5;21.40;21;22
K233;P.S. 233 Langston Hughes;04;GEN ED;94;3;31.30;30;32
K233;P.S. 233 Langston Hughes;04;CTT;31;1;31.00;31;31
K233;P.S. 233 Langston Hughes;05;GEN ED;101;4;25.30;21;30
K233;P.S. 233 Langston Hughes;0K-09;SPEC ED;29;3;9.70;8;11
K233;P.S. 233 Langston Hughes;;;0;0;.00;0;0
