SCHOOL CODE;SCHOOL NAME;GRADE ;PROGRAM TYPE;NUMBER OF STUDENTS   SEATS FILLED;NUMBER OF SECTIONS;AVERAGE CLASS SIZE;SIZE OF SMALLEST CLASS;SIZE OF LARGEST CLASS
K234;J.H.S. 234 Arthur W. Cunningham;06;GEN ED;261;9;29.00;20;32
K234;J.H.S. 234 Arthur W. Cunningham;06;CTT;55;2;27.50;26;29
K234;J.H.S. 234 Arthur W. Cunningham;06;G&T;277;9;30.80;29;32
K234;J.H.S. 234 Arthur W. Cunningham;07;GEN ED;318;11;28.90;23;31
K234;J.H.S. 234 Arthur W. Cunningham;07;CTT;60;2;30.00;29;31
K234;J.H.S. 234 Arthur W. Cunningham;07;G&T;246;8;30.80;30;31
K234;J.H.S. 234 Arthur W. Cunningham;08;GEN ED;291;10;29.10;27;31
K234;J.H.S. 234 Arthur W. Cunningham;08;CTT;58;2;29.00;28;30
K234;J.H.S. 234 Arthur W. Cunningham;08;G&T;248;8;31.00;30;32
K234;J.H.S. 234 Arthur W. Cunningham;0K-09;SPEC ED;21;2;10.50;10;11
K234;J.H.S. 234 Arthur W. Cunningham;0K-09;SPEC ED;10;1;10.00;10;10
K234;J.H.S. 234 Arthur W. Cunningham;MS Core;GEN ED;1641;58;28.30;15;32
K234;J.H.S. 234 Arthur W. Cunningham;MS Core;GEN ED;1116;38;29.40;19;32
K234;J.H.S. 234 Arthur W. Cunningham;MS Core;GEN ED;14;1;14.00;14;14
K234;J.H.S. 234 Arthur W. Cunningham;MS Core;GEN ED;277;9;30.80;29;32
K234;J.H.S. 234 Arthur W. Cunningham;MS Core;GEN ED;234;8;29.30;16;32
K234;J.H.S. 234 Arthur W. Cunningham;MS Core;GEN ED;1393;47;29.60;19;32
K234;J.H.S. 234 Arthur W. Cunningham;MS Core;GEN ED;248;8;31.00;30;32
K234;J.H.S. 234 Arthur W. Cunningham;MS Core;GEN ED;1393;47;29.60;19;32
K234;J.H.S. 234 Arthur W. Cunningham;MS Core;GEN ED;248;8;31.00;30;32
K234;J.H.S. 234 Arthur W. Cunningham;MS Core;CTT;172;6;28.70;26;31
K234;J.H.S. 234 Arthur W. Cunningham;MS Core;CTT;172;6;28.70;26;31
K234;J.H.S. 234 Arthur W. Cunningham;MS Core;CTT;172;6;28.70;26;31
K234;J.H.S. 234 Arthur W. Cunningham;MS Core;CTT;172;6;28.70;26;31
K234;J.H.S. 234 Arthur W. Cunningham;MS Core;SPEC ED;28;3;9.30;7;11
K234;J.H.S. 234 Arthur W. Cunningham;MS Core;SPEC ED;28;3;9.30;7;11
K234;J.H.S. 234 Arthur W. Cunningham;MS Core;SPEC ED;28;3;9.30;7;11
K234;J.H.S. 234 Arthur W. Cunningham;MS Core;SPEC ED;28;3;9.30;7;11
K234;J.H.S. 234 Arthur W. Cunningham;;;0;0;.00;0;0
