SCHOOL CODE;SCHOOL NAME;GRADE ;PROGRAM TYPE;NUMBER OF STUDENTS   SEATS FILLED;NUMBER OF SECTIONS;AVERAGE CLASS SIZE;SIZE OF SMALLEST CLASS;SIZE OF LARGEST CLASS
K235;P.S. 235 Lenox School;0K;GEN ED;121;6;20.20;15;25
K235;P.S. 235 Lenox School;01;GEN ED;169;7;24.10;22;27
K235;P.S. 235 Lenox School;02;GEN ED;193;8;24.10;23;26
K235;P.S. 235 Lenox School;03;GEN ED;162;6;27.00;25;29
K235;P.S. 235 Lenox School;04;GEN ED;180;7;25.70;24;29
K235;P.S. 235 Lenox School;05;GEN ED;179;7;25.60;22;30
K235;P.S. 235 Lenox School;06;GEN ED;87;3;29.00;28;30
K235;P.S. 235 Lenox School;07;GEN ED;87;3;29.00;27;30
K235;P.S. 235 Lenox School;08;GEN ED;104;4;26.00;24;27
K235;P.S. 235 Lenox School;0K-09;SPEC ED;31;3;10.30;7;12
K235;P.S. 235 Lenox School;MS Core;GEN ED;276;10;27.60;24;30
K235;P.S. 235 Lenox School;MS Core;GEN ED;172;6;28.70;26;30
K235;P.S. 235 Lenox School;MS Core;GEN ED;104;4;26.00;24;27
K235;P.S. 235 Lenox School;MS Core;GEN ED;172;6;28.70;26;30
K235;P.S. 235 Lenox School;MS Core;GEN ED;104;4;26.00;24;27
K235;P.S. 235 Lenox School;MS Core;GEN ED;276;10;27.60;24;30
K235;P.S. 235 Lenox School;MS Core;SPEC ED;7;1;7.00;7;7
K235;P.S. 235 Lenox School;MS Core;SPEC ED;7;1;7.00;7;7
K235;P.S. 235 Lenox School;MS Core;SPEC ED;7;1;7.00;7;7
K235;P.S. 235 Lenox School;MS Core;SPEC ED;7;1;7.00;7;7
K235;P.S. 235 Lenox School;;;0;0;.00;0;0
