SCHOOL CODE;SCHOOL NAME;GRADE ;PROGRAM TYPE;NUMBER OF STUDENTS   SEATS FILLED;NUMBER OF SECTIONS;AVERAGE CLASS SIZE;SIZE OF SMALLEST CLASS;SIZE OF LARGEST CLASS
K236;P.S. 236 Mill Basin;0K;GEN ED;45;2;22.50;22;23
K236;P.S. 236 Mill Basin;0K;CTT;19;1;19.00;19;19
K236;P.S. 236 Mill Basin;0K;G&T;24;1;24.00;24;24
K236;P.S. 236 Mill Basin;01;GEN ED;47;2;23.50;23;24
K236;P.S. 236 Mill Basin;01;CTT;21;1;21.00;21;21
K236;P.S. 236 Mill Basin;01;G&T;27;1;27.00;27;27
K236;P.S. 236 Mill Basin;02;GEN ED;70;3;23.30;23;24
K236;P.S. 236 Mill Basin;02;CTT;22;1;22.00;22;22
K236;P.S. 236 Mill Basin;02;G&T;23;1;23.00;23;23
K236;P.S. 236 Mill Basin;03;GEN ED;30;1;30.00;30;30
K236;P.S. 236 Mill Basin;03;CTT;29;1;29.00;29;29
K236;P.S. 236 Mill Basin;03;G&T;47;2;23.50;21;26
K236;P.S. 236 Mill Basin;04;CTT;26;1;26.00;26;26
K236;P.S. 236 Mill Basin;04;G&T;55;2;27.50;27;28
K236;P.S. 236 Mill Basin;05;GEN ED;59;2;29.50;29;30
K236;P.S. 236 Mill Basin;05;CTT;23;1;23.00;23;23
K236;P.S. 236 Mill Basin;05;G&T;27;1;27.00;27;27
K236;P.S. 236 Mill Basin;0K-09;SPEC ED;12;1;12.00;12;12
K236;P.S. 236 Mill Basin;;;0;0;.00;0;0
