SCHOOL CODE;SCHOOL NAME;GRADE ;PROGRAM TYPE;NUMBER OF STUDENTS   SEATS FILLED;NUMBER OF SECTIONS;AVERAGE CLASS SIZE;SIZE OF SMALLEST CLASS;SIZE OF LARGEST CLASS
K238;P.S. 238 Anne Sullivan;;;0;0;.00;0;0
K238;P.S. 238 Anne Sullivan;0K;GEN ED;33;2;16.50;15;18
K238;P.S. 238 Anne Sullivan;0K;CTT;22;1;22.00;22;22
K238;P.S. 238 Anne Sullivan;01;GEN ED;48;2;24.00;23;25
K238;P.S. 238 Anne Sullivan;02;GEN ED;45;2;22.50;22;23
K238;P.S. 238 Anne Sullivan;03;GEN ED;47;2;23.50;22;25
K238;P.S. 238 Anne Sullivan;04;GEN ED;57;2;28.50;27;30
K238;P.S. 238 Anne Sullivan;05;GEN ED;32;1;32.00;32;32
K238;P.S. 238 Anne Sullivan;06;GEN ED;24;1;24.00;24;24
K238;P.S. 238 Anne Sullivan;06;CTT;18;1;18.00;18;18
K238;P.S. 238 Anne Sullivan;07;GEN ED;60;2;30.00;29;31
K238;P.S. 238 Anne Sullivan;08;GEN ED;41;2;20.50;20;21
K238;P.S. 238 Anne Sullivan;0K-09;SPEC ED;67;7;9.60;6;11
K238;P.S. 238 Anne Sullivan;MS Core;GEN ED;175;7;25.00;18;32
K238;P.S. 238 Anne Sullivan;MS Core;GEN ED;154;6;25.70;18;32
K238;P.S. 238 Anne Sullivan;MS Core;GEN ED;21;1;21.00;21;21
K238;P.S. 238 Anne Sullivan;MS Core;GEN ED;122;5;24.40;18;31
K238;P.S. 238 Anne Sullivan;MS Core;GEN ED;21;1;21.00;21;21
K238;P.S. 238 Anne Sullivan;MS Core;GEN ED;32;1;32.00;32;32
K238;P.S. 238 Anne Sullivan;MS Core;GEN ED;175;7;25.00;18;32
K238;P.S. 238 Anne Sullivan;MS Core;SPEC ED;11;1;11.00;11;11
K238;P.S. 238 Anne Sullivan;09-12;GEN ED;21;1;21.00;21;21
K238;P.S. 238 Anne Sullivan;09-12;GEN ED;21;1;21.00;21;21
