SCHOOL CODE;SCHOOL NAME;GRADE ;PROGRAM TYPE;NUMBER OF STUDENTS   SEATS FILLED;NUMBER OF SECTIONS;AVERAGE CLASS SIZE;SIZE OF SMALLEST CLASS;SIZE OF LARGEST CLASS
K239;Mark Twain I.S. 239 for the Gifted & Talented;06;G&T;461;12;38.40;36;40
K239;Mark Twain I.S. 239 for the Gifted & Talented;07;GEN ED;73;2;36.50;36;37
K239;Mark Twain I.S. 239 for the Gifted & Talented;07;G&T;359;10;35.90;32;38
K239;Mark Twain I.S. 239 for the Gifted & Talented;08;G&T;401;12;33.40;32;34
K239;Mark Twain I.S. 239 for the Gifted & Talented;0K-09;SPEC ED;17;2;8.50;8;9
K239;Mark Twain I.S. 239 for the Gifted & Talented;0K-09;SPEC ED;18;2;9.00;8;10
K239;Mark Twain I.S. 239 for the Gifted & Talented;MS Core;GEN ED;1441;45;32.00;14;69
K239;Mark Twain I.S. 239 for the Gifted & Talented;MS Core;GEN ED;1095;30;36.50;29;40
K239;Mark Twain I.S. 239 for the Gifted & Talented;MS Core;GEN ED;199;6;33.20;26;39
K239;Mark Twain I.S. 239 for the Gifted & Talented;MS Core;GEN ED;1179;33;35.70;28;44
K239;Mark Twain I.S. 239 for the Gifted & Talented;MS Core;GEN ED;115;3;38.30;37;40
K239;Mark Twain I.S. 239 for the Gifted & Talented;MS Core;GEN ED;28;1;28.00;28;28
K239;Mark Twain I.S. 239 for the Gifted & Talented;MS Core;GEN ED;186;7;26.60;23;32
K239;Mark Twain I.S. 239 for the Gifted & Talented;MS Core;GEN ED;1287;40;32.20;10;66
K239;Mark Twain I.S. 239 for the Gifted & Talented;MS Core;GEN ED;149;6;24.80;16;30
K239;Mark Twain I.S. 239 for the Gifted & Talented;MS Core;SPEC ED;10;1;10.00;10;10
K239;Mark Twain I.S. 239 for the Gifted & Talented;MS Core;SPEC ED;10;1;10.00;10;10
K239;Mark Twain I.S. 239 for the Gifted & Talented;MS Core;SPEC ED;10;1;10.00;10;10
K239;Mark Twain I.S. 239 for the Gifted & Talented;09-12;GEN ED;1558;48;32.50;17;44
K239;Mark Twain I.S. 239 for the Gifted & Talented;09-12;GEN ED;115;3;38.30;37;40
K239;Mark Twain I.S. 239 for the Gifted & Talented;09-12;GEN ED;28;1;28.00;28;28
K239;Mark Twain I.S. 239 for the Gifted & Talented;09-12;GEN ED;203;6;33.80;23;44
K239;Mark Twain I.S. 239 for the Gifted & Talented;09-12;SPEC ED;10;1;10.00;10;10
K239;Mark Twain I.S. 239 for the Gifted & Talented;09-12;SPEC ED;10;1;10.00;10;10
K239;Mark Twain I.S. 239 for the Gifted & Talented;09-12;SPEC ED;10;1;10.00;10;10
K239;Mark Twain I.S. 239 for the Gifted & Talented;;;0;0;.00;0;0
