SCHOOL CODE;SCHOOL NAME;GRADE ;PROGRAM TYPE;NUMBER OF STUDENTS   SEATS FILLED;NUMBER OF SECTIONS;AVERAGE CLASS SIZE;SIZE OF SMALLEST CLASS;SIZE OF LARGEST CLASS
K240;Andries Hudde;06;GEN ED;245;9;27.20;25;29
K240;Andries Hudde;06;CTT;76;3;25.30;24;28
K240;Andries Hudde;07;GEN ED;288;10;28.80;24;33
K240;Andries Hudde;07;CTT;61;2;30.50;30;31
K240;Andries Hudde;08;GEN ED;308;11;28.00;26;31
K240;Andries Hudde;08;CTT;51;2;25.50;25;26
K240;Andries Hudde;0K-09;SPEC ED;55;5;11.00;10;12
K240;Andries Hudde;MS Core;GEN ED;779;28;27.80;10;33
K240;Andries Hudde;MS Core;GEN ED;679;24;28.30;25;33
K240;Andries Hudde;MS Core;GEN ED;116;4;29.00;27;31
K240;Andries Hudde;MS Core;GEN ED;653;23;28.40;24;33
K240;Andries Hudde;MS Core;GEN ED;116;4;29.00;27;31
K240;Andries Hudde;MS Core;GEN ED;799;28;28.50;24;33
K240;Andries Hudde;MS Core;CTT;192;7;27.40;23;33
K240;Andries Hudde;MS Core;CTT;193;7;27.60;23;33
K240;Andries Hudde;MS Core;CTT;192;7;27.40;23;33
K240;Andries Hudde;MS Core;CTT;117;4;29.30;25;33
K240;Andries Hudde;MS Core;CTT;75;3;25.00;23;28
K240;Andries Hudde;MS Core;SPEC ED;46;4;11.50;10;13
K240;Andries Hudde;MS Core;SPEC ED;46;4;11.50;10;13
K240;Andries Hudde;MS Core;SPEC ED;46;4;11.50;10;13
K240;Andries Hudde;MS Core;SPEC ED;46;4;11.50;10;13
K240;Andries Hudde;;;0;0;.00;0;0
