SCHOOL CODE;SCHOOL NAME;GRADE ;PROGRAM TYPE;NUMBER OF STUDENTS   SEATS FILLED;NUMBER OF SECTIONS;AVERAGE CLASS SIZE;SIZE OF SMALLEST CLASS;SIZE OF LARGEST CLASS
K241;P.S. 241 Emma L. Johnston;0K;GEN ED;72;3;24.00;23;25
K241;P.S. 241 Emma L. Johnston;0K;CTT;20;1;20.00;20;20
K241;P.S. 241 Emma L. Johnston;01;GEN ED;77;3;25.70;22;28
K241;P.S. 241 Emma L. Johnston;01;CTT;26;1;26.00;26;26
K241;P.S. 241 Emma L. Johnston;02;GEN ED;77;3;25.70;25;26
K241;P.S. 241 Emma L. Johnston;02;CTT;26;1;26.00;26;26
K241;P.S. 241 Emma L. Johnston;03;GEN ED;66;3;22.00;21;23
K241;P.S. 241 Emma L. Johnston;03;CTT;22;1;22.00;22;22
K241;P.S. 241 Emma L. Johnston;04;GEN ED;66;3;22.00;19;25
K241;P.S. 241 Emma L. Johnston;05;GEN ED;87;3;29.00;26;31
K241;P.S. 241 Emma L. Johnston;0K-09;SPEC ED;15;3;5.00;4;6
K241;P.S. 241 Emma L. Johnston;0K-09;SPEC ED;9;2;4.50;4;5
K241;P.S. 241 Emma L. Johnston;;;0;0;.00;0;0
