SCHOOL CODE;SCHOOL NAME;GRADE ;PROGRAM TYPE;NUMBER OF STUDENTS   SEATS FILLED;NUMBER OF SECTIONS;AVERAGE CLASS SIZE;SIZE OF SMALLEST CLASS;SIZE OF LARGEST CLASS
K243;P.S. 243K- The Weeksville School;0K;GEN ED;49;2;24.50;24;25
K243;P.S. 243K- The Weeksville School;01;GEN ED;47;2;23.50;23;24
K243;P.S. 243K- The Weeksville School;02;GEN ED;41;2;20.50;20;21
K243;P.S. 243K- The Weeksville School;02;CTT;18;1;18.00;18;18
K243;P.S. 243K- The Weeksville School;03;GEN ED;38;2;19.00;18;20
K243;P.S. 243K- The Weeksville School;03;CTT;19;1;19.00;19;19
K243;P.S. 243K- The Weeksville School;04;GEN ED;26;1;26.00;26;26
K243;P.S. 243K- The Weeksville School;04;CTT;22;1;22.00;22;22
K243;P.S. 243K- The Weeksville School;05;GEN ED;40;2;20.00;20;20
K243;P.S. 243K- The Weeksville School;05;CTT;16;1;16.00;16;16
K243;P.S. 243K- The Weeksville School;0K-09;SPEC ED;11;1;11.00;11;11
K243;P.S. 243K- The Weeksville School;0K-09;SPEC ED;12;1;12.00;12;12
K243;P.S. 243K- The Weeksville School;;;0;0;.00;0;0
