SCHOOL CODE;SCHOOL NAME;GRADE ;PROGRAM TYPE;NUMBER OF STUDENTS   SEATS FILLED;NUMBER OF SECTIONS;AVERAGE CLASS SIZE;SIZE OF SMALLEST CLASS;SIZE OF LARGEST CLASS
K244;P.S. 244 Richard R. Green;0K;GEN ED;66;3;22.00;21;23
K244;P.S. 244 Richard R. Green;0K;CTT;33;2;16.50;11;22
K244;P.S. 244 Richard R. Green;01;GEN ED;91;4;22.80;20;25
K244;P.S. 244 Richard R. Green;01;CTT;22;1;22.00;22;22
K244;P.S. 244 Richard R. Green;02;GEN ED;52;2;26.00;26;26
K244;P.S. 244 Richard R. Green;02;CTT;52;3;17.30;14;23
K244;P.S. 244 Richard R. Green;03;GEN ED;109;4;27.30;26;28
K244;P.S. 244 Richard R. Green;03;CTT;26;1;26.00;26;26
K244;P.S. 244 Richard R. Green;04;GEN ED;102;4;25.50;23;28
K244;P.S. 244 Richard R. Green;04;CTT;24;1;24.00;24;24
K244;P.S. 244 Richard R. Green;05;GEN ED;103;4;25.80;25;27
K244;P.S. 244 Richard R. Green;05;CTT;20;1;20.00;20;20
K244;P.S. 244 Richard R. Green;0K-09;SPEC ED;12;1;12.00;12;12
K244;P.S. 244 Richard R. Green;0K-09;SPEC ED;70;6;11.70;8;13
K244;P.S. 244 Richard R. Green;;;0;0;.00;0;0
