SCHOOL CODE;SCHOOL NAME;GRADE ;PROGRAM TYPE;NUMBER OF STUDENTS   SEATS FILLED;NUMBER OF SECTIONS;AVERAGE CLASS SIZE;SIZE OF SMALLEST CLASS;SIZE OF LARGEST CLASS
K246;M.S. 246 Walt Whitman;06;GEN ED;112;4;28.00;26;30
K246;M.S. 246 Walt Whitman;06;CTT;55;2;27.50;27;28
K246;M.S. 246 Walt Whitman;07;GEN ED;118;4;29.50;29;30
K246;M.S. 246 Walt Whitman;07;CTT;57;2;28.50;28;29
K246;M.S. 246 Walt Whitman;08;GEN ED;160;6;26.70;10;30
K246;M.S. 246 Walt Whitman;08;CTT;59;2;29.50;29;30
K246;M.S. 246 Walt Whitman;0K-09;SPEC ED;29;3;9.70;5;12
K246;M.S. 246 Walt Whitman;0K-09;SPEC ED;29;3;9.70;9;11
K246;M.S. 246 Walt Whitman;MS Core;GEN ED;375;13;28.80;26;31
K246;M.S. 246 Walt Whitman;MS Core;GEN ED;356;13;27.40;11;31
K246;M.S. 246 Walt Whitman;MS Core;GEN ED;29;1;29.00;29;29
K246;M.S. 246 Walt Whitman;MS Core;GEN ED;356;13;27.40;11;31
K246;M.S. 246 Walt Whitman;MS Core;GEN ED;29;1;29.00;29;29
K246;M.S. 246 Walt Whitman;MS Core;GEN ED;386;14;27.60;11;31
K246;M.S. 246 Walt Whitman;MS Core;CTT;165;6;27.50;26;29
K246;M.S. 246 Walt Whitman;MS Core;CTT;165;6;27.50;26;29
K246;M.S. 246 Walt Whitman;MS Core;CTT;166;6;27.70;26;29
K246;M.S. 246 Walt Whitman;MS Core;CTT;165;6;27.50;26;29
K246;M.S. 246 Walt Whitman;MS Core;SPEC ED;35;3;11.70;11;12
K246;M.S. 246 Walt Whitman;MS Core;SPEC ED;35;3;11.70;11;12
K246;M.S. 246 Walt Whitman;MS Core;SPEC ED;23;2;11.50;11;12
K246;M.S. 246 Walt Whitman;MS Core;SPEC ED;35;3;11.70;11;12
K246;M.S. 246 Walt Whitman;09-12;SPEC ED;10;1;10.00;10;10
K246;M.S. 246 Walt Whitman;;;0;0;.00;0;0
