SCHOOL CODE;SCHOOL NAME;GRADE ;PROGRAM TYPE;NUMBER OF STUDENTS   SEATS FILLED;NUMBER OF SECTIONS;AVERAGE CLASS SIZE;SIZE OF SMALLEST CLASS;SIZE OF LARGEST CLASS
K247;P.S. 247 Brooklyn;0K;GEN ED;95;4;23.80;21;26
K247;P.S. 247 Brooklyn;0K;CTT;25;1;25.00;25;25
K247;P.S. 247 Brooklyn;01;GEN ED;100;5;20.00;20;20
K247;P.S. 247 Brooklyn;01;CTT;24;1;24.00;24;24
K247;P.S. 247 Brooklyn;02;GEN ED;90;4;22.50;21;24
K247;P.S. 247 Brooklyn;02;CTT;23;1;23.00;23;23
K247;P.S. 247 Brooklyn;03;GEN ED;85;4;21.30;20;22
K247;P.S. 247 Brooklyn;03;CTT;23;1;23.00;23;23
K247;P.S. 247 Brooklyn;04;GEN ED;97;4;24.30;24;25
K247;P.S. 247 Brooklyn;05;GEN ED;101;4;25.30;25;26
K247;P.S. 247 Brooklyn;;;0;0;.00;0;0
