SCHOOL CODE;SCHOOL NAME;GRADE ;PROGRAM TYPE;NUMBER OF STUDENTS   SEATS FILLED;NUMBER OF SECTIONS;AVERAGE CLASS SIZE;SIZE OF SMALLEST CLASS;SIZE OF LARGEST CLASS
K250;P.S. 250 George H. Lindsay;0K;GEN ED;116;5;23.20;20;26
K250;P.S. 250 George H. Lindsay;0K;G&T;7;1;7.00;7;7
K250;P.S. 250 George H. Lindsay;01;GEN ED;97;4;24.30;22;27
K250;P.S. 250 George H. Lindsay;02;GEN ED;138;5;27.60;25;29
K250;P.S. 250 George H. Lindsay;03;GEN ED;127;5;25.40;22;27
K250;P.S. 250 George H. Lindsay;04;GEN ED;133;5;26.60;25;28
K250;P.S. 250 George H. Lindsay;05;GEN ED;126;4;31.50;29;33
K250;P.S. 250 George H. Lindsay;0K-09;SPEC ED;16;2;8.00;6;10
K250;P.S. 250 George H. Lindsay;;;0;0;.00;0;0
