SCHOOL CODE;SCHOOL NAME;GRADE ;PROGRAM TYPE;NUMBER OF STUDENTS   SEATS FILLED;NUMBER OF SECTIONS;AVERAGE CLASS SIZE;SIZE OF SMALLEST CLASS;SIZE OF LARGEST CLASS
K251;P.S. 251 Paerdegat;0K;GEN ED;76;4;19.00;19;19
K251;P.S. 251 Paerdegat;0K;CTT;19;1;19.00;19;19
K251;P.S. 251 Paerdegat;01;GEN ED;62;3;20.70;20;21
K251;P.S. 251 Paerdegat;01;CTT;19;1;19.00;19;19
K251;P.S. 251 Paerdegat;02;GEN ED;61;3;20.30;19;22
K251;P.S. 251 Paerdegat;02;CTT;24;1;24.00;24;24
K251;P.S. 251 Paerdegat;03;GEN ED;66;3;22.00;21;23
K251;P.S. 251 Paerdegat;03;CTT;23;1;23.00;23;23
K251;P.S. 251 Paerdegat;03;G&T;21;1;21.00;21;21
K251;P.S. 251 Paerdegat;04;GEN ED;25;1;25.00;25;25
K251;P.S. 251 Paerdegat;04;CTT;44;2;22.00;21;23
K251;P.S. 251 Paerdegat;04;G&T;22;1;22.00;22;22
K251;P.S. 251 Paerdegat;05;GEN ED;22;1;22.00;22;22
K251;P.S. 251 Paerdegat;05;CTT;43;2;21.50;21;22
K251;P.S. 251 Paerdegat;05;G&T;26;1;26.00;26;26
K251;P.S. 251 Paerdegat;0K-09;SPEC ED;50;5;10.00;7;13
K251;P.S. 251 Paerdegat;;;0;0;.00;0;0
