SCHOOL CODE;SCHOOL NAME;GRADE ;PROGRAM TYPE;NUMBER OF STUDENTS   SEATS FILLED;NUMBER OF SECTIONS;AVERAGE CLASS SIZE;SIZE OF SMALLEST CLASS;SIZE OF LARGEST CLASS
K253;P.S. 253;;;0;0;.00;0;0
K253;P.S. 253;0K-09;SPEC ED;22;2;11.00;9;13
K253;P.S. 253;0K;GEN ED;121;6;20.20;18;22
K253;P.S. 253;01;GEN ED;121;5;24.20;21;26
K253;P.S. 253;01;CTT;25;1;25.00;25;25
K253;P.S. 253;02;GEN ED;71;3;23.70;21;26
K253;P.S. 253;02;CTT;26;1;26.00;26;26
K253;P.S. 253;03;GEN ED;94;4;23.50;21;25
K253;P.S. 253;04;GEN ED;83;3;27.70;26;29
K253;P.S. 253;05;GEN ED;96;3;32.00;32;32
K253;P.S. 253;0K-09;SPEC ED;10;1;10.00;10;10
