SCHOOL CODE;SCHOOL NAME;GRADE ;PROGRAM TYPE;NUMBER OF STUDENTS   SEATS FILLED;NUMBER OF SECTIONS;AVERAGE CLASS SIZE;SIZE OF SMALLEST CLASS;SIZE OF LARGEST CLASS
K254;P.S. 254 Dag Hammarskjold;0K;GEN ED;79;3;26.30;25;27
K254;P.S. 254 Dag Hammarskjold;0K;CTT;24;1;24.00;24;24
K254;P.S. 254 Dag Hammarskjold;01;GEN ED;64;3;21.30;20;23
K254;P.S. 254 Dag Hammarskjold;01;CTT;19;1;19.00;19;19
K254;P.S. 254 Dag Hammarskjold;02;GEN ED;84;3;28.00;28;28
K254;P.S. 254 Dag Hammarskjold;03;GEN ED;82;3;27.30;24;29
K254;P.S. 254 Dag Hammarskjold;03;CTT;27;1;27.00;27;27
K254;P.S. 254 Dag Hammarskjold;04;GEN ED;70;3;23.30;22;25
K254;P.S. 254 Dag Hammarskjold;04;CTT;22;1;22.00;22;22
K254;P.S. 254 Dag Hammarskjold;05;GEN ED;94;3;31.30;30;32
K254;P.S. 254 Dag Hammarskjold;0K-09;SPEC ED;10;1;10.00;10;10
K254;P.S. 254 Dag Hammarskjold;;;0;0;.00;0;0
