SCHOOL CODE;SCHOOL NAME;GRADE ;PROGRAM TYPE;NUMBER OF STUDENTS   SEATS FILLED;NUMBER OF SECTIONS;AVERAGE CLASS SIZE;SIZE OF SMALLEST CLASS;SIZE OF LARGEST CLASS
K255;P.S. 255 Barbara Reing School;0K;GEN ED;70;3;23.30;22;24
K255;P.S. 255 Barbara Reing School;0K;CTT;31;2;15.50;10;21
K255;P.S. 255 Barbara Reing School;01;GEN ED;78;3;26.00;25;27
K255;P.S. 255 Barbara Reing School;01;CTT;42;2;21.00;16;26
K255;P.S. 255 Barbara Reing School;02;GEN ED;88;4;22.00;20;25
K255;P.S. 255 Barbara Reing School;02;CTT;25;1;25.00;25;25
K255;P.S. 255 Barbara Reing School;03;GEN ED;106;4;26.50;23;28
K255;P.S. 255 Barbara Reing School;03;CTT;28;1;28.00;28;28
K255;P.S. 255 Barbara Reing School;04;GEN ED;78;3;26.00;21;30
K255;P.S. 255 Barbara Reing School;04;CTT;22;1;22.00;22;22
K255;P.S. 255 Barbara Reing School;05;GEN ED;88;3;29.30;28;30
K255;P.S. 255 Barbara Reing School;05;CTT;26;1;26.00;26;26
K255;P.S. 255 Barbara Reing School;0K-09;SPEC ED;56;5;11.20;10;12
K255;P.S. 255 Barbara Reing School;;;0;0;.00;0;0
