SCHOOL CODE;SCHOOL NAME;GRADE ;PROGRAM TYPE;NUMBER OF STUDENTS   SEATS FILLED;NUMBER OF SECTIONS;AVERAGE CLASS SIZE;SIZE OF SMALLEST CLASS;SIZE OF LARGEST CLASS
K256;P.S. 256 Benjamin Banneker;0K;GEN ED;69;3;23.00;23;23
K256;P.S. 256 Benjamin Banneker;01;GEN ED;56;3;18.70;18;19
K256;P.S. 256 Benjamin Banneker;02;GEN ED;67;3;22.30;21;24
K256;P.S. 256 Benjamin Banneker;03;GEN ED;62;3;20.70;20;21
K256;P.S. 256 Benjamin Banneker;04;GEN ED;56;3;18.70;17;20
K256;P.S. 256 Benjamin Banneker;05;GEN ED;44;2;22.00;20;24
K256;P.S. 256 Benjamin Banneker;0K-09;SPEC ED;31;4;7.80;6;11
K256;P.S. 256 Benjamin Banneker;;;0;0;.00;0;0
