SCHOOL CODE;SCHOOL NAME;GRADE ;PROGRAM TYPE;NUMBER OF STUDENTS   SEATS FILLED;NUMBER OF SECTIONS;AVERAGE CLASS SIZE;SIZE OF SMALLEST CLASS;SIZE OF LARGEST CLASS
K257;P.S. 257 John F. Hylan;0K;GEN ED;77;4;19.30;18;20
K257;P.S. 257 John F. Hylan;01;GEN ED;73;4;18.30;17;20
K257;P.S. 257 John F. Hylan;02;GEN ED;79;4;19.80;16;24
K257;P.S. 257 John F. Hylan;03;GEN ED;89;4;22.30;19;24
K257;P.S. 257 John F. Hylan;04;GEN ED;76;3;25.30;24;26
K257;P.S. 257 John F. Hylan;05;GEN ED;87;4;21.80;21;24
K257;P.S. 257 John F. Hylan;0K-09;SPEC ED;25;2;12.50;12;13
K257;P.S. 257 John F. Hylan;0K-09;SPEC ED;57;5;11.40;10;12
K257;P.S. 257 John F. Hylan;;;0;0;.00;0;0
