SCHOOL CODE;SCHOOL NAME;GRADE ;PROGRAM TYPE;NUMBER OF STUDENTS   SEATS FILLED;NUMBER OF SECTIONS;AVERAGE CLASS SIZE;SIZE OF SMALLEST CLASS;SIZE OF LARGEST CLASS
K259;J.H.S. 259 William Mckinley;06;GEN ED;388;13;29.80;29;31
K259;J.H.S. 259 William Mckinley;06;CTT;56;2;28.00;27;29
K259;J.H.S. 259 William Mckinley;07;GEN ED;421;15;28.10;23;30
K259;J.H.S. 259 William Mckinley;07;CTT;25;1;25.00;25;25
K259;J.H.S. 259 William Mckinley;08;GEN ED;430;14;30.70;28;33
K259;J.H.S. 259 William Mckinley;08;CTT;28;1;28.00;28;28
K259;J.H.S. 259 William Mckinley;0K-09;SPEC ED;33;3;11.00;9;12
K259;J.H.S. 259 William Mckinley;0K-09;SPEC ED;17;2;8.50;8;9
K259;J.H.S. 259 William Mckinley;MS Core;GEN ED;1084;43;25.20;11;31
K259;J.H.S. 259 William Mckinley;MS Core;GEN ED;1138;39;29.20;22;33
K259;J.H.S. 259 William Mckinley;MS Core;GEN ED;123;4;30.80;30;31
K259;J.H.S. 259 William Mckinley;MS Core;GEN ED;1108;38;29.20;22;33
K259;J.H.S. 259 William Mckinley;MS Core;GEN ED;153;5;30.60;30;31
K259;J.H.S. 259 William Mckinley;MS Core;GEN ED;1103;38;29.00;22;33
K259;J.H.S. 259 William Mckinley;MS Core;GEN ED;123;4;30.80;30;31
K259;J.H.S. 259 William Mckinley;MS Core;GEN ED;30;1;30.00;30;30
K259;J.H.S. 259 William Mckinley;MS Core;CTT;109;4;27.30;25;29
K259;J.H.S. 259 William Mckinley;MS Core;CTT;110;4;27.50;25;29
K259;J.H.S. 259 William Mckinley;MS Core;CTT;110;4;27.50;25;29
K259;J.H.S. 259 William Mckinley;MS Core;CTT;110;4;27.50;25;29
K259;J.H.S. 259 William Mckinley;MS Core;SPEC ED;21;2;10.50;10;11
K259;J.H.S. 259 William Mckinley;MS Core;SPEC ED;34;3;11.30;10;12
K259;J.H.S. 259 William Mckinley;MS Core;SPEC ED;34;3;11.30;10;12
K259;J.H.S. 259 William Mckinley;MS Core;SPEC ED;34;3;11.30;10;12
K259;J.H.S. 259 William Mckinley;;;0;0;.00;0;0
