SCHOOL CODE;SCHOOL NAME;GRADE ;PROGRAM TYPE;NUMBER OF STUDENTS   SEATS FILLED;NUMBER OF SECTIONS;AVERAGE CLASS SIZE;SIZE OF SMALLEST CLASS;SIZE OF LARGEST CLASS
K260;P.S. 260 Breuckelen;0K;GEN ED;40;2;20.00;20;20
K260;P.S. 260 Breuckelen;01;GEN ED;46;2;23.00;23;23
K260;P.S. 260 Breuckelen;02;GEN ED;43;2;21.50;21;22
K260;P.S. 260 Breuckelen;03;GEN ED;21;1;21.00;21;21
K260;P.S. 260 Breuckelen;03;CTT;20;1;20.00;20;20
K260;P.S. 260 Breuckelen;04;GEN ED;44;2;22.00;22;22
K260;P.S. 260 Breuckelen;05;GEN ED;39;2;19.50;19;20
K260;P.S. 260 Breuckelen;06;GEN ED;16;1;16.00;16;16
K260;P.S. 260 Breuckelen;06;CTT;17;1;17.00;17;17
K260;P.S. 260 Breuckelen;0K-09;SPEC ED;16;2;8.00;6;10
K260;P.S. 260 Breuckelen;;;0;0;.00;0;0
