SCHOOL CODE;SCHOOL NAME;GRADE ;PROGRAM TYPE;NUMBER OF STUDENTS   SEATS FILLED;NUMBER OF SECTIONS;AVERAGE CLASS SIZE;SIZE OF SMALLEST CLASS;SIZE OF LARGEST CLASS
K261;P.S. 261 Philip Livingston;0K;GEN ED;101;4;25.30;25;26
K261;P.S. 261 Philip Livingston;0K;CTT;22;1;22.00;22;22
K261;P.S. 261 Philip Livingston;01;GEN ED;103;5;20.60;19;23
K261;P.S. 261 Philip Livingston;01;CTT;19;1;19.00;19;19
K261;P.S. 261 Philip Livingston;02;GEN ED;102;5;20.40;20;21
K261;P.S. 261 Philip Livingston;02;CTT;21;1;21.00;21;21
K261;P.S. 261 Philip Livingston;03;GEN ED;106;4;26.50;25;28
K261;P.S. 261 Philip Livingston;03;CTT;24;1;24.00;24;24
K261;P.S. 261 Philip Livingston;04;GEN ED;102;4;25.50;24;26
K261;P.S. 261 Philip Livingston;04;CTT;23;1;23.00;23;23
K261;P.S. 261 Philip Livingston;05;GEN ED;90;4;22.50;22;23
K261;P.S. 261 Philip Livingston;05;CTT;24;1;24.00;24;24
K261;P.S. 261 Philip Livingston;0K-09;SPEC ED;25;2;12.50;12;13
K261;P.S. 261 Philip Livingston;0K-09;SPEC ED;23;2;11.50;11;12
K261;P.S. 261 Philip Livingston;;;0;0;.00;0;0
