SCHOOL CODE;SCHOOL NAME;GRADE ;PROGRAM TYPE;NUMBER OF STUDENTS   SEATS FILLED;NUMBER OF SECTIONS;AVERAGE CLASS SIZE;SIZE OF SMALLEST CLASS;SIZE OF LARGEST CLASS
K262;P.S. 262 El Hajj Malik El Shabazz Elementary School;0K;GEN ED;29;2;14.50;14;15
K262;P.S. 262 El Hajj Malik El Shabazz Elementary School;0K;CTT;17;1;17.00;17;17
K262;P.S. 262 El Hajj Malik El Shabazz Elementary School;01;GEN ED;42;2;21.00;20;22
K262;P.S. 262 El Hajj Malik El Shabazz Elementary School;02;GEN ED;42;2;21.00;20;22
K262;P.S. 262 El Hajj Malik El Shabazz Elementary School;03;GEN ED;36;2;18.00;18;18
K262;P.S. 262 El Hajj Malik El Shabazz Elementary School;04;GEN ED;58;3;19.30;18;21
K262;P.S. 262 El Hajj Malik El Shabazz Elementary School;05;GEN ED;39;2;19.50;19;20
K262;P.S. 262 El Hajj Malik El Shabazz Elementary School;05;CTT;20;1;20.00;20;20
K262;P.S. 262 El Hajj Malik El Shabazz Elementary School;06;GEN ED;27;1;27.00;27;27
K262;P.S. 262 El Hajj Malik El Shabazz Elementary School;06;CTT;25;1;25.00;25;25
K262;P.S. 262 El Hajj Malik El Shabazz Elementary School;0K-09;SPEC ED;9;1;9.00;9;9
K262;P.S. 262 El Hajj Malik El Shabazz Elementary School;;;0;0;.00;0;0
