SCHOOL CODE;SCHOOL NAME;GRADE ;PROGRAM TYPE;NUMBER OF STUDENTS   SEATS FILLED;NUMBER OF SECTIONS;AVERAGE CLASS SIZE;SIZE OF SMALLEST CLASS;SIZE OF LARGEST CLASS
K265;Dr. Susan S. McKinney Secondary School of the Arts;06;GEN ED;45;2;22.50;21;24
K265;Dr. Susan S. McKinney Secondary School of the Arts;07;GEN ED;46;2;23.00;21;25
K265;Dr. Susan S. McKinney Secondary School of the Arts;08;GEN ED;31;1;31.00;31;31
K265;Dr. Susan S. McKinney Secondary School of the Arts;08;CTT;34;1;34.00;34;34
K265;Dr. Susan S. McKinney Secondary School of the Arts;0K-09;SPEC ED;35;4;8.80;7;12
K265;Dr. Susan S. McKinney Secondary School of the Arts;MS Core;GEN ED;120;5;24.00;20;31
K265;Dr. Susan S. McKinney Secondary School of the Arts;MS Core;GEN ED;120;5;24.00;20;31
K265;Dr. Susan S. McKinney Secondary School of the Arts;MS Core;CTT;32;1;32.00;32;32
K265;Dr. Susan S. McKinney Secondary School of the Arts;MS Core;CTT;32;1;32.00;32;32
K265;Dr. Susan S. McKinney Secondary School of the Arts;MS Core;SPEC ED;25;2;12.50;12;13
K265;Dr. Susan S. McKinney Secondary School of the Arts;MS Core;SPEC ED;25;2;12.50;12;13
K265;Dr. Susan S. McKinney Secondary School of the Arts;09-12;GEN ED;189;8;23.60;20;31
K265;Dr. Susan S. McKinney Secondary School of the Arts;09-12;GEN ED;83;4;20.80;18;23
K265;Dr. Susan S. McKinney Secondary School of the Arts;09-12;GEN ED;48;2;24.00;24;24
K265;Dr. Susan S. McKinney Secondary School of the Arts;09-12;GEN ED;59;3;19.70;12;24
K265;Dr. Susan S. McKinney Secondary School of the Arts;09-12;GEN ED;115;6;19.20;11;25
K265;Dr. Susan S. McKinney Secondary School of the Arts;09-12;GEN ED;85;4;21.30;15;25
K265;Dr. Susan S. McKinney Secondary School of the Arts;09-12;GEN ED;100;5;20.00;14;26
K265;Dr. Susan S. McKinney Secondary School of the Arts;09-12;GEN ED;61;3;20.30;16;24
K265;Dr. Susan S. McKinney Secondary School of the Arts;09-12;GEN ED;108;4;27.00;24;30
K265;Dr. Susan S. McKinney Secondary School of the Arts;09-12;GEN ED;167;8;20.90;12;25
K265;Dr. Susan S. McKinney Secondary School of the Arts;09-12;GEN ED;193;10;19.30;12;23
K265;Dr. Susan S. McKinney Secondary School of the Arts;09-12;GEN ED;109;5;21.80;19;24
K265;Dr. Susan S. McKinney Secondary School of the Arts;09-12;GEN ED;173;8;21.60;18;25
K265;Dr. Susan S. McKinney Secondary School of the Arts;09-12;GEN ED;71;4;17.80;10;25
K265;Dr. Susan S. McKinney Secondary School of the Arts;09-12;GEN ED;45;2;22.50;22;23
K265;Dr. Susan S. McKinney Secondary School of the Arts;09-12;GEN ED;163;7;23.30;20;31
K265;Dr. Susan S. McKinney Secondary School of the Arts;09-12;CTT;56;2;28.00;24;32
K265;Dr. Susan S. McKinney Secondary School of the Arts;09-12;CTT;24;1;24.00;24;24
K265;Dr. Susan S. McKinney Secondary School of the Arts;09-12;CTT;24;1;24.00;24;24
K265;Dr. Susan S. McKinney Secondary School of the Arts;09-12;CTT;48;2;24.00;24;24
K265;Dr. Susan S. McKinney Secondary School of the Arts;09-12;CTT;24;1;24.00;24;24
K265;Dr. Susan S. McKinney Secondary School of the Arts;09-12;CTT;32;1;32.00;32;32
K265;Dr. Susan S. McKinney Secondary School of the Arts;09-12;SPEC ED;25;2;12.50;12;13
K265;Dr. Susan S. McKinney Secondary School of the Arts;09-12;SPEC ED;25;2;12.50;12;13
K265;Dr. Susan S. McKinney Secondary School of the Arts;;;0;0;.00;0;0
