SCHOOL CODE;SCHOOL NAME;GRADE ;PROGRAM TYPE;NUMBER OF STUDENTS   SEATS FILLED;NUMBER OF SECTIONS;AVERAGE CLASS SIZE;SIZE OF SMALLEST CLASS;SIZE OF LARGEST CLASS
K266;M.S. K266 - Park Place Community Middle School;06;GEN ED;37;2;18.50;17;20
K266;M.S. K266 - Park Place Community Middle School;06;CTT;19;1;19.00;19;19
K266;M.S. K266 - Park Place Community Middle School;07;GEN ED;55;3;18.30;17;19
K266;M.S. K266 - Park Place Community Middle School;07;CTT;19;1;19.00;19;19
K266;M.S. K266 - Park Place Community Middle School;08;GEN ED;66;3;22.00;21;23
K266;M.S. K266 - Park Place Community Middle School;MS Core;GEN ED;157;8;19.60;17;23
K266;M.S. K266 - Park Place Community Middle School;MS Core;GEN ED;92;5;18.40;17;20
K266;M.S. K266 - Park Place Community Middle School;MS Core;GEN ED;65;3;21.70;21;23
K266;M.S. K266 - Park Place Community Middle School;MS Core;GEN ED;92;5;18.40;17;20
K266;M.S. K266 - Park Place Community Middle School;MS Core;GEN ED;65;3;21.70;21;23
K266;M.S. K266 - Park Place Community Middle School;MS Core;GEN ED;157;8;19.60;17;23
K266;M.S. K266 - Park Place Community Middle School;MS Core;CTT;38;2;19.00;19;19
K266;M.S. K266 - Park Place Community Middle School;MS Core;CTT;38;2;19.00;19;19
K266;M.S. K266 - Park Place Community Middle School;MS Core;CTT;38;2;19.00;19;19
K266;M.S. K266 - Park Place Community Middle School;MS Core;CTT;38;2;19.00;19;19
K266;M.S. K266 - Park Place Community Middle School;;;0;0;.00;0;0
