SCHOOL CODE;SCHOOL NAME;GRADE ;PROGRAM TYPE;NUMBER OF STUDENTS   SEATS FILLED;NUMBER OF SECTIONS;AVERAGE CLASS SIZE;SIZE OF SMALLEST CLASS;SIZE OF LARGEST CLASS
K267;M.S. 267 Math, Science & Technology;06;GEN ED;68;3;22.70;22;23
K267;M.S. 267 Math, Science & Technology;06;CTT;22;1;22.00;22;22
K267;M.S. 267 Math, Science & Technology;07;GEN ED;57;3;19.00;18;20
K267;M.S. 267 Math, Science & Technology;07;CTT;21;1;21.00;21;21
K267;M.S. 267 Math, Science & Technology;08;GEN ED;85;4;21.30;19;23
K267;M.S. 267 Math, Science & Technology;0K-09;SPEC ED;11;1;11.00;11;11
K267;M.S. 267 Math, Science & Technology;0K-09;SPEC ED;22;3;7.30;6;9
K267;M.S. 267 Math, Science & Technology;;;0;0;.00;0;0
