SCHOOL CODE;SCHOOL NAME;GRADE ;PROGRAM TYPE;NUMBER OF STUDENTS   SEATS FILLED;NUMBER OF SECTIONS;AVERAGE CLASS SIZE;SIZE OF SMALLEST CLASS;SIZE OF LARGEST CLASS
K268;P.S. 268 Emma Lazarus;0K;GEN ED;39;2;19.50;19;20
K268;P.S. 268 Emma Lazarus;0K;CTT;21;1;21.00;21;21
K268;P.S. 268 Emma Lazarus;01;GEN ED;74;3;24.70;24;25
K268;P.S. 268 Emma Lazarus;02;GEN ED;54;3;18.00;17;19
K268;P.S. 268 Emma Lazarus;02;CTT;17;1;17.00;17;17
K268;P.S. 268 Emma Lazarus;03;GEN ED;74;3;24.70;24;25
K268;P.S. 268 Emma Lazarus;03;CTT;26;1;26.00;26;26
K268;P.S. 268 Emma Lazarus;04;GEN ED;68;3;22.70;22;24
K268;P.S. 268 Emma Lazarus;04;CTT;20;1;20.00;20;20
K268;P.S. 268 Emma Lazarus;05;GEN ED;80;3;26.70;26;27
K268;P.S. 268 Emma Lazarus;05;CTT;26;1;26.00;26;26
K268;P.S. 268 Emma Lazarus;0K-09;SPEC ED;30;3;10.00;8;11
K268;P.S. 268 Emma Lazarus;;;0;0;.00;0;0
