SCHOOL CODE;SCHOOL NAME;GRADE ;PROGRAM TYPE;NUMBER OF STUDENTS   SEATS FILLED;NUMBER OF SECTIONS;AVERAGE CLASS SIZE;SIZE OF SMALLEST CLASS;SIZE OF LARGEST CLASS
K269;P.S. 269 Nostrand;03;GEN ED;133;5;26.60;26;27
K269;P.S. 269 Nostrand;03;CTT;24;1;24.00;24;24
K269;P.S. 269 Nostrand;03;G&T;27;1;27.00;27;27
K269;P.S. 269 Nostrand;04;GEN ED;138;5;27.60;26;28
K269;P.S. 269 Nostrand;04;CTT;29;1;29.00;29;29
K269;P.S. 269 Nostrand;04;G&T;27;1;27.00;27;27
K269;P.S. 269 Nostrand;05;GEN ED;113;4;28.30;27;30
K269;P.S. 269 Nostrand;05;CTT;25;1;25.00;25;25
K269;P.S. 269 Nostrand;05;G&T;24;1;24.00;24;24
K269;P.S. 269 Nostrand;0K-09;SPEC ED;35;3;11.70;10;13
K269;P.S. 269 Nostrand;;;0;0;.00;0;0
