SCHOOL CODE;SCHOOL NAME;GRADE ;PROGRAM TYPE;NUMBER OF STUDENTS   SEATS FILLED;NUMBER OF SECTIONS;AVERAGE CLASS SIZE;SIZE OF SMALLEST CLASS;SIZE OF LARGEST CLASS
K270;P.S. 270 Johann DeKalb;0K;GEN ED;32;2;16.00;15;17
K270;P.S. 270 Johann DeKalb;01;GEN ED;31;2;15.50;15;16
K270;P.S. 270 Johann DeKalb;02;GEN ED;33;2;16.50;16;17
K270;P.S. 270 Johann DeKalb;03;GEN ED;24;1;24.00;24;24
K270;P.S. 270 Johann DeKalb;04;GEN ED;29;2;14.50;13;16
K270;P.S. 270 Johann DeKalb;05;GEN ED;32;1;32.00;32;32
K270;P.S. 270 Johann DeKalb;0K-09;SPEC ED;21;3;7.00;7;7
K270;P.S. 270 Johann DeKalb;;;0;0;.00;0;0
