SCHOOL CODE;SCHOOL NAME;GRADE ;PROGRAM TYPE;NUMBER OF STUDENTS   SEATS FILLED;NUMBER OF SECTIONS;AVERAGE CLASS SIZE;SIZE OF SMALLEST CLASS;SIZE OF LARGEST CLASS
K272;P.S. 272 Curtis Estabrook;0K;GEN ED;85;4;21.30;20;23
K272;P.S. 272 Curtis Estabrook;0K;CTT;15;1;15.00;15;15
K272;P.S. 272 Curtis Estabrook;01;GEN ED;77;3;25.70;24;27
K272;P.S. 272 Curtis Estabrook;01;CTT;21;1;21.00;21;21
K272;P.S. 272 Curtis Estabrook;02;GEN ED;91;3;30.30;29;32
K272;P.S. 272 Curtis Estabrook;02;CTT;25;1;25.00;25;25
K272;P.S. 272 Curtis Estabrook;03;GEN ED;87;4;21.80;18;25
K272;P.S. 272 Curtis Estabrook;03;CTT;24;1;24.00;24;24
K272;P.S. 272 Curtis Estabrook;04;GEN ED;65;3;21.70;21;23
K272;P.S. 272 Curtis Estabrook;04;CTT;21;1;21.00;21;21
K272;P.S. 272 Curtis Estabrook;05;GEN ED;56;2;28.00;27;29
K272;P.S. 272 Curtis Estabrook;05;CTT;23;1;23.00;23;23
K272;P.S. 272 Curtis Estabrook;0K-09;SPEC ED;61;6;10.20;7;13
K272;P.S. 272 Curtis Estabrook;;;0;0;.00;0;0
