SCHOOL CODE;SCHOOL NAME;GRADE ;PROGRAM TYPE;NUMBER OF STUDENTS   SEATS FILLED;NUMBER OF SECTIONS;AVERAGE CLASS SIZE;SIZE OF SMALLEST CLASS;SIZE OF LARGEST CLASS
K273;P.S. 273 Wortman;0K;GEN ED;41;2;20.50;20;21
K273;P.S. 273 Wortman;0K;CTT;22;1;22.00;22;22
K273;P.S. 273 Wortman;01;GEN ED;50;3;16.70;14;18
K273;P.S. 273 Wortman;02;GEN ED;45;2;22.50;20;25
K273;P.S. 273 Wortman;02;CTT;24;1;24.00;24;24
K273;P.S. 273 Wortman;03;GEN ED;53;2;26.50;26;27
K273;P.S. 273 Wortman;03;CTT;26;1;26.00;26;26
K273;P.S. 273 Wortman;04;GEN ED;47;2;23.50;22;25
K273;P.S. 273 Wortman;04;CTT;22;1;22.00;22;22
K273;P.S. 273 Wortman;05;GEN ED;67;3;22.30;21;25
K273;P.S. 273 Wortman;0K-09;SPEC ED;17;2;8.50;8;9
K273;P.S. 273 Wortman;;;0;0;.00;0;0
