SCHOOL CODE;SCHOOL NAME;GRADE ;PROGRAM TYPE;NUMBER OF STUDENTS   SEATS FILLED;NUMBER OF SECTIONS;AVERAGE CLASS SIZE;SIZE OF SMALLEST CLASS;SIZE OF LARGEST CLASS
K274;P.S. 274 Kosciusko;0K;GEN ED;96;5;19.20;18;22
K274;P.S. 274 Kosciusko;01;GEN ED;95;4;23.80;23;25
K274;P.S. 274 Kosciusko;02;GEN ED;84;4;21.00;21;21
K274;P.S. 274 Kosciusko;03;GEN ED;89;4;22.30;21;23
K274;P.S. 274 Kosciusko;04;GEN ED;101;4;25.30;25;26
K274;P.S. 274 Kosciusko;05;GEN ED;110;4;27.50;26;30
K274;P.S. 274 Kosciusko;0K-09;SPEC ED;10;1;10.00;10;10
K274;P.S. 274 Kosciusko;0K-09;SPEC ED;42;4;10.50;9;12
K274;P.S. 274 Kosciusko;;;0;0;.00;0;0
