SCHOOL CODE;SCHOOL NAME;GRADE ;PROGRAM TYPE;NUMBER OF STUDENTS   SEATS FILLED;NUMBER OF SECTIONS;AVERAGE CLASS SIZE;SIZE OF SMALLEST CLASS;SIZE OF LARGEST CLASS
K276;P.S. 276 Louis Marshall;0K;GEN ED;86;4;21.50;20;22
K276;P.S. 276 Louis Marshall;0K;CTT;18;1;18.00;18;18
K276;P.S. 276 Louis Marshall;01;GEN ED;108;5;21.60;21;22
K276;P.S. 276 Louis Marshall;01;CTT;23;1;23.00;23;23
K276;P.S. 276 Louis Marshall;02;GEN ED;85;5;17.00;16;19
K276;P.S. 276 Louis Marshall;02;CTT;22;1;22.00;22;22
K276;P.S. 276 Louis Marshall;03;GEN ED;100;4;25.00;23;28
K276;P.S. 276 Louis Marshall;03;G&T;20;1;20.00;20;20
K276;P.S. 276 Louis Marshall;04;GEN ED;82;3;27.30;26;28
K276;P.S. 276 Louis Marshall;04;CTT;21;1;21.00;21;21
K276;P.S. 276 Louis Marshall;04;G&T;28;1;28.00;28;28
K276;P.S. 276 Louis Marshall;05;GEN ED;79;3;26.30;26;27
K276;P.S. 276 Louis Marshall;05;G&T;52;2;26.00;26;26
K276;P.S. 276 Louis Marshall;0K-09;SPEC ED;11;1;11.00;11;11
K276;P.S. 276 Louis Marshall;0K-09;SPEC ED;34;4;8.50;5;11
K276;P.S. 276 Louis Marshall;;;0;0;.00;0;0
