SCHOOL CODE;SCHOOL NAME;GRADE ;PROGRAM TYPE;NUMBER OF STUDENTS   SEATS FILLED;NUMBER OF SECTIONS;AVERAGE CLASS SIZE;SIZE OF SMALLEST CLASS;SIZE OF LARGEST CLASS
K277;P.S. 277 Gerritsen Beach;0K;GEN ED;73;3;24.30;23;25
K277;P.S. 277 Gerritsen Beach;01;GEN ED;45;2;22.50;21;24
K277;P.S. 277 Gerritsen Beach;01;CTT;22;1;22.00;22;22
K277;P.S. 277 Gerritsen Beach;02;GEN ED;46;2;23.00;20;26
K277;P.S. 277 Gerritsen Beach;02;CTT;21;1;21.00;21;21
K277;P.S. 277 Gerritsen Beach;03;GEN ED;72;3;24.00;22;25
K277;P.S. 277 Gerritsen Beach;04;GEN ED;48;2;24.00;23;25
K277;P.S. 277 Gerritsen Beach;04;CTT;21;1;21.00;21;21
K277;P.S. 277 Gerritsen Beach;05;GEN ED;51;2;25.50;25;26
K277;P.S. 277 Gerritsen Beach;05;CTT;23;1;23.00;23;23
K277;P.S. 277 Gerritsen Beach;0K-09;SPEC ED;11;1;11.00;11;11
K277;P.S. 277 Gerritsen Beach;;;0;0;.00;0;0
