SCHOOL CODE;SCHOOL NAME;GRADE ;PROGRAM TYPE;NUMBER OF STUDENTS   SEATS FILLED;NUMBER OF SECTIONS;AVERAGE CLASS SIZE;SIZE OF SMALLEST CLASS;SIZE OF LARGEST CLASS
K278;J.H.S. 278 Marine Park;06;GEN ED;278;9;30.90;28;33
K278;J.H.S. 278 Marine Park;06;CTT;57;2;28.50;27;30
K278;J.H.S. 278 Marine Park;07;GEN ED;245;8;30.60;29;32
K278;J.H.S. 278 Marine Park;07;CTT;57;2;28.50;28;29
K278;J.H.S. 278 Marine Park;08;GEN ED;264;9;29.30;25;33
K278;J.H.S. 278 Marine Park;08;CTT;51;2;25.50;24;27
K278;J.H.S. 278 Marine Park;0K-09;SPEC ED;24;3;8.00;7;9
K278;J.H.S. 278 Marine Park;0K-09;SPEC ED;10;1;10.00;10;10
K278;J.H.S. 278 Marine Park;MS Core;GEN ED;785;26;30.20;25;33
K278;J.H.S. 278 Marine Park;MS Core;GEN ED;689;23;30.00;25;32
K278;J.H.S. 278 Marine Park;MS Core;GEN ED;96;3;32.00;31;33
K278;J.H.S. 278 Marine Park;MS Core;GEN ED;658;22;29.90;25;32
K278;J.H.S. 278 Marine Park;MS Core;GEN ED;127;4;31.80;31;33
K278;J.H.S. 278 Marine Park;MS Core;GEN ED;26;1;26.00;26;26
K278;J.H.S. 278 Marine Park;MS Core;GEN ED;785;26;30.20;25;33
K278;J.H.S. 278 Marine Park;MS Core;GEN ED;143;5;28.60;25;32
K278;J.H.S. 278 Marine Park;MS Core;CTT;161;6;26.80;24;30
K278;J.H.S. 278 Marine Park;MS Core;CTT;162;6;27.00;24;30
K278;J.H.S. 278 Marine Park;MS Core;CTT;162;6;27.00;24;30
K278;J.H.S. 278 Marine Park;MS Core;CTT;53;2;26.50;24;29
K278;J.H.S. 278 Marine Park;MS Core;CTT;162;6;27.00;24;30
K278;J.H.S. 278 Marine Park;MS Core;SPEC ED;10;1;10.00;10;10
K278;J.H.S. 278 Marine Park;MS Core;SPEC ED;10;1;10.00;10;10
K278;J.H.S. 278 Marine Park;MS Core;SPEC ED;10;1;10.00;10;10
K278;J.H.S. 278 Marine Park;MS Core;SPEC ED;10;1;10.00;10;10
K278;J.H.S. 278 Marine Park;09-12;GEN ED;354;12;29.50;25;32
K278;J.H.S. 278 Marine Park;09-12;GEN ED;27;2;13.50;10;17
K278;J.H.S. 278 Marine Park;09-12;CTT;162;6;27.00;24;30
K278;J.H.S. 278 Marine Park;09-12;SPEC ED;10;1;10.00;10;10
K278;J.H.S. 278 Marine Park;;;0;0;.00;0;0
