SCHOOL CODE;SCHOOL NAME;GRADE ;PROGRAM TYPE;NUMBER OF STUDENTS   SEATS FILLED;NUMBER OF SECTIONS;AVERAGE CLASS SIZE;SIZE OF SMALLEST CLASS;SIZE OF LARGEST CLASS
K279;P.S. 279 Herman Schreiber;0K;GEN ED;74;4;18.50;18;19
K279;P.S. 279 Herman Schreiber;01;GEN ED;101;4;25.30;25;26
K279;P.S. 279 Herman Schreiber;02;GEN ED;85;3;28.30;27;29
K279;P.S. 279 Herman Schreiber;02;CTT;23;1;23.00;23;23
K279;P.S. 279 Herman Schreiber;03;GEN ED;74;3;24.70;24;25
K279;P.S. 279 Herman Schreiber;04;GEN ED;70;3;23.30;23;24
K279;P.S. 279 Herman Schreiber;04;CTT;25;1;25.00;25;25
K279;P.S. 279 Herman Schreiber;05;GEN ED;103;4;25.80;25;26
K279;P.S. 279 Herman Schreiber;0K-09;SPEC ED;12;1;12.00;12;12
K279;P.S. 279 Herman Schreiber;0K-09;SPEC ED;38;4;9.50;8;12
K279;P.S. 279 Herman Schreiber;;;0;0;.00;0;0
