SCHOOL CODE;SCHOOL NAME;GRADE ;PROGRAM TYPE;NUMBER OF STUDENTS   SEATS FILLED;NUMBER OF SECTIONS;AVERAGE CLASS SIZE;SIZE OF SMALLEST CLASS;SIZE OF LARGEST CLASS
K281;I.S. 281 Joseph B Cavallaro;06;GEN ED;343;12;28.60;26;30
K281;I.S. 281 Joseph B Cavallaro;06;CTT;26;1;26.00;26;26
K281;I.S. 281 Joseph B Cavallaro;07;GEN ED;237;8;29.60;25;32
K281;I.S. 281 Joseph B Cavallaro;07;CTT;28;1;28.00;28;28
K281;I.S. 281 Joseph B Cavallaro;07;G&T;125;4;31.30;29;33
K281;I.S. 281 Joseph B Cavallaro;08;GEN ED;277;9;30.80;28;33
K281;I.S. 281 Joseph B Cavallaro;08;CTT;33;1;33.00;33;33
K281;I.S. 281 Joseph B Cavallaro;08;G&T;163;5;32.60;32;33
K281;I.S. 281 Joseph B Cavallaro;0K-09;SPEC ED;27;3;9.00;7;10
K281;I.S. 281 Joseph B Cavallaro;0K-09;SPEC ED;54;6;9.00;3;12
K281;I.S. 281 Joseph B Cavallaro;MS Core;GEN ED;1748;65;26.90;13;33
K281;I.S. 281 Joseph B Cavallaro;MS Core;GEN ED;982;39;25.20;14;33
K281;I.S. 281 Joseph B Cavallaro;MS Core;GEN ED;163;5;32.60;32;33
K281;I.S. 281 Joseph B Cavallaro;MS Core;GEN ED;1087;36;30.20;24;33
K281;I.S. 281 Joseph B Cavallaro;MS Core;GEN ED;59;2;29.50;29;30
K281;I.S. 281 Joseph B Cavallaro;MS Core;GEN ED;1144;38;30.10;24;33
K281;I.S. 281 Joseph B Cavallaro;MS Core;CTT;176;6;29.30;26;33
K281;I.S. 281 Joseph B Cavallaro;MS Core;CTT;90;3;30.00;26;35
K281;I.S. 281 Joseph B Cavallaro;MS Core;CTT;88;3;29.30;26;33
K281;I.S. 281 Joseph B Cavallaro;MS Core;CTT;88;3;29.30;26;33
K281;I.S. 281 Joseph B Cavallaro;MS Core;SPEC ED;117;11;10.60;10;12
K281;I.S. 281 Joseph B Cavallaro;MS Core;SPEC ED;65;6;10.80;10;12
K281;I.S. 281 Joseph B Cavallaro;MS Core;SPEC ED;64;6;10.70;10;12
K281;I.S. 281 Joseph B Cavallaro;MS Core;SPEC ED;64;6;10.70;10;12
K281;I.S. 281 Joseph B Cavallaro;;;0;0;.00;0;0
