SCHOOL CODE;SCHOOL NAME;GRADE ;PROGRAM TYPE;NUMBER OF STUDENTS   SEATS FILLED;NUMBER OF SECTIONS;AVERAGE CLASS SIZE;SIZE OF SMALLEST CLASS;SIZE OF LARGEST CLASS
K282;P.S. 282 Park Slope;0K;GEN ED;67;3;22.30;19;25
K282;P.S. 282 Park Slope;0K;CTT;29;1;29.00;29;29
K282;P.S. 282 Park Slope;0K;G&T;15;1;15.00;15;15
K282;P.S. 282 Park Slope;01;GEN ED;84;3;28.00;27;29
K282;P.S. 282 Park Slope;01;G&T;24;1;24.00;24;24
K282;P.S. 282 Park Slope;02;GEN ED;91;3;30.30;29;31
K282;P.S. 282 Park Slope;02;G&T;19;1;19.00;19;19
K282;P.S. 282 Park Slope;03;GEN ED;102;4;25.50;24;28
K282;P.S. 282 Park Slope;03;G&T;21;1;21.00;21;21
K282;P.S. 282 Park Slope;04;GEN ED;78;3;26.00;24;29
K282;P.S. 282 Park Slope;04;G&T;50;2;25.00;19;31
K282;P.S. 282 Park Slope;05;GEN ED;104;4;26.00;19;32
K282;P.S. 282 Park Slope;05;G&T;18;1;18.00;18;18
K282;P.S. 282 Park Slope;06;GEN ED;91;4;22.80;22;24
K282;P.S. 282 Park Slope;07;GEN ED;62;3;20.70;18;24
K282;P.S. 282 Park Slope;08;GEN ED;74;3;24.70;23;27
K282;P.S. 282 Park Slope;0K-09;SPEC ED;8;1;8.00;8;8
K282;P.S. 282 Park Slope;0K-09;SPEC ED;8;1;8.00;8;8
K282;P.S. 282 Park Slope;MS Core;GEN ED;221;10;22.10;18;25
K282;P.S. 282 Park Slope;MS Core;GEN ED;221;10;22.10;19;25
K282;P.S. 282 Park Slope;MS Core;GEN ED;216;9;24.00;19;34
K282;P.S. 282 Park Slope;MS Core;GEN ED;220;10;22.00;10;33
K282;P.S. 282 Park Slope;MS Core;SPEC ED;16;2;8.00;7;9
K282;P.S. 282 Park Slope;MS Core;SPEC ED;9;1;9.00;9;9
K282;P.S. 282 Park Slope;MS Core;SPEC ED;16;2;8.00;7;9
K282;P.S. 282 Park Slope;MS Core;SPEC ED;16;2;8.00;7;9
K282;P.S. 282 Park Slope;;;0;0;.00;0;0
