SCHOOL CODE;SCHOOL NAME;GRADE ;PROGRAM TYPE;NUMBER OF STUDENTS   SEATS FILLED;NUMBER OF SECTIONS;AVERAGE CLASS SIZE;SIZE OF SMALLEST CLASS;SIZE OF LARGEST CLASS
K284;P.S. 284 Lew Wallace;0K;GEN ED;20;1;20.00;20;20
K284;P.S. 284 Lew Wallace;0K;CTT;20;1;20.00;20;20
K284;P.S. 284 Lew Wallace;01;GEN ED;31;1;31.00;31;31
K284;P.S. 284 Lew Wallace;01;CTT;29;1;29.00;29;29
K284;P.S. 284 Lew Wallace;02;GEN ED;51;2;25.50;24;27
K284;P.S. 284 Lew Wallace;03;GEN ED;54;2;27.00;26;28
K284;P.S. 284 Lew Wallace;04;GEN ED;62;2;31.00;30;32
K284;P.S. 284 Lew Wallace;05;GEN ED;55;2;27.50;26;29
K284;P.S. 284 Lew Wallace;06;GEN ED;60;2;30.00;30;30
K284;P.S. 284 Lew Wallace;07;GEN ED;54;2;27.00;26;28
K284;P.S. 284 Lew Wallace;08;GEN ED;49;2;24.50;24;25
K284;P.S. 284 Lew Wallace;0K-09;SPEC ED;26;3;8.70;6;11
K284;P.S. 284 Lew Wallace;0K-09;SPEC ED;19;2;9.50;7;12
K284;P.S. 284 Lew Wallace;MS Core;GEN ED;192;7;27.40;25;33
K284;P.S. 284 Lew Wallace;MS Core;GEN ED;15;1;15.00;15;15
K284;P.S. 284 Lew Wallace;MS Core;GEN ED;159;6;26.50;25;29
K284;P.S. 284 Lew Wallace;MS Core;GEN ED;159;6;26.50;25;29
K284;P.S. 284 Lew Wallace;;;0;0;.00;0;0
