SCHOOL CODE;SCHOOL NAME;GRADE ;PROGRAM TYPE;NUMBER OF STUDENTS   SEATS FILLED;NUMBER OF SECTIONS;AVERAGE CLASS SIZE;SIZE OF SMALLEST CLASS;SIZE OF LARGEST CLASS
K285;I.S. 285 Meyer Levin;06;GEN ED;252;9;28.00;14;31
K285;I.S. 285 Meyer Levin;06;CTT;33;2;16.50;13;20
K285;I.S. 285 Meyer Levin;07;GEN ED;273;9;30.30;29;32
K285;I.S. 285 Meyer Levin;07;CTT;21;1;21.00;21;21
K285;I.S. 285 Meyer Levin;08;GEN ED;297;10;29.70;29;31
K285;I.S. 285 Meyer Levin;0K-09;SPEC ED;20;2;10.00;9;11
K285;I.S. 285 Meyer Levin;0K-09;SPEC ED;32;4;8.00;2;11
K285;I.S. 285 Meyer Levin;MS Core;GEN ED;809;28;28.90;13;32
K285;I.S. 285 Meyer Levin;MS Core;GEN ED;839;29;28.90;13;32
K285;I.S. 285 Meyer Levin;MS Core;GEN ED;919;31;29.60;13;61
K285;I.S. 285 Meyer Levin;MS Core;GEN ED;575;19;30.30;29;32
K285;I.S. 285 Meyer Levin;MS Core;CTT;42;2;21.00;20;22
K285;I.S. 285 Meyer Levin;MS Core;CTT;42;2;21.00;20;22
K285;I.S. 285 Meyer Levin;MS Core;CTT;75;3;25.00;20;33
K285;I.S. 285 Meyer Levin;MS Core;CTT;22;1;22.00;22;22
K285;I.S. 285 Meyer Levin;MS Core;SPEC ED;12;1;12.00;12;12
K285;I.S. 285 Meyer Levin;MS Core;SPEC ED;23;2;11.50;11;12
K285;I.S. 285 Meyer Levin;MS Core;SPEC ED;23;2;11.50;11;12
K285;I.S. 285 Meyer Levin;MS Core;SPEC ED;23;2;11.50;11;12
K285;I.S. 285 Meyer Levin;09-12;GEN ED;61;2;30.50;30;31
K285;I.S. 285 Meyer Levin;09-12;GEN ED;88;3;29.30;27;31
K285;I.S. 285 Meyer Levin;09-12;GEN ED;61;2;30.50;30;31
K285;I.S. 285 Meyer Levin;09-12;GEN ED;10;1;10.00;10;10
K285;I.S. 285 Meyer Levin;09-12;CTT;25;1;25.00;25;25
K285;I.S. 285 Meyer Levin;;;0;0;.00;0;0
