SCHOOL CODE;SCHOOL NAME;GRADE ;PROGRAM TYPE;NUMBER OF STUDENTS   SEATS FILLED;NUMBER OF SECTIONS;AVERAGE CLASS SIZE;SIZE OF SMALLEST CLASS;SIZE OF LARGEST CLASS
K287;P.S. 287 Bailey K. Ashford;0K;GEN ED;12;1;12.00;12;12
K287;P.S. 287 Bailey K. Ashford;0K;CTT;8;1;8.00;8;8
K287;P.S. 287 Bailey K. Ashford;01;GEN ED;19;1;19.00;19;19
K287;P.S. 287 Bailey K. Ashford;01;CTT;15;1;15.00;15;15
K287;P.S. 287 Bailey K. Ashford;02;GEN ED;20;1;20.00;20;20
K287;P.S. 287 Bailey K. Ashford;02;CTT;12;1;12.00;12;12
K287;P.S. 287 Bailey K. Ashford;03;GEN ED;25;1;25.00;25;25
K287;P.S. 287 Bailey K. Ashford;04;GEN ED;14;1;14.00;14;14
K287;P.S. 287 Bailey K. Ashford;04;CTT;17;1;17.00;17;17
K287;P.S. 287 Bailey K. Ashford;05;GEN ED;16;1;16.00;16;16
K287;P.S. 287 Bailey K. Ashford;05;CTT;13;1;13.00;13;13
K287;P.S. 287 Bailey K. Ashford;0K-09;SPEC ED;16;2;8.00;6;10
K287;P.S. 287 Bailey K. Ashford;;;0;0;.00;0;0
