SCHOOL CODE;SCHOOL NAME;GRADE ;PROGRAM TYPE;NUMBER OF STUDENTS   SEATS FILLED;NUMBER OF SECTIONS;AVERAGE CLASS SIZE;SIZE OF SMALLEST CLASS;SIZE OF LARGEST CLASS
K288;P.S. 288 The Shirley Tanyhill;0K;GEN ED;47;2;23.50;23;24
K288;P.S. 288 The Shirley Tanyhill;0K;CTT;22;1;22.00;22;22
K288;P.S. 288 The Shirley Tanyhill;01;GEN ED;65;3;21.70;21;23
K288;P.S. 288 The Shirley Tanyhill;02;GEN ED;60;3;20.00;17;22
K288;P.S. 288 The Shirley Tanyhill;03;GEN ED;35;2;17.50;17;18
K288;P.S. 288 The Shirley Tanyhill;04;GEN ED;28;1;28.00;28;28
K288;P.S. 288 The Shirley Tanyhill;04;CTT;25;1;25.00;25;25
K288;P.S. 288 The Shirley Tanyhill;05;GEN ED;40;2;20.00;19;21
K288;P.S. 288 The Shirley Tanyhill;06;GEN ED;37;2;18.50;17;20
K288;P.S. 288 The Shirley Tanyhill;07;GEN ED;40;2;20.00;18;22
K288;P.S. 288 The Shirley Tanyhill;08;GEN ED;39;2;19.50;19;20
K288;P.S. 288 The Shirley Tanyhill;0K-09;SPEC ED;11;1;11.00;11;11
K288;P.S. 288 The Shirley Tanyhill;0K-09;SPEC ED;68;6;11.30;9;12
K288;P.S. 288 The Shirley Tanyhill;MS Core;GEN ED;113;6;18.80;16;22
K288;P.S. 288 The Shirley Tanyhill;MS Core;GEN ED;113;6;18.80;16;22
K288;P.S. 288 The Shirley Tanyhill;MS Core;GEN ED;113;6;18.80;16;22
K288;P.S. 288 The Shirley Tanyhill;MS Core;GEN ED;113;6;18.80;16;22
K288;P.S. 288 The Shirley Tanyhill;MS Core;SPEC ED;21;2;10.50;10;11
K288;P.S. 288 The Shirley Tanyhill;MS Core;SPEC ED;21;2;10.50;10;11
K288;P.S. 288 The Shirley Tanyhill;MS Core;SPEC ED;21;2;10.50;10;11
K288;P.S. 288 The Shirley Tanyhill;MS Core;SPEC ED;21;2;10.50;10;11
K288;P.S. 288 The Shirley Tanyhill;09-12;GEN ED;113;6;18.80;16;22
K288;P.S. 288 The Shirley Tanyhill;09-12;GEN ED;113;6;18.80;16;22
K288;P.S. 288 The Shirley Tanyhill;09-12;SPEC ED;21;2;10.50;10;11
K288;P.S. 288 The Shirley Tanyhill;09-12;SPEC ED;21;2;10.50;10;11
K288;P.S. 288 The Shirley Tanyhill;;;0;0;.00;0;0
