SCHOOL CODE;SCHOOL NAME;GRADE ;PROGRAM TYPE;NUMBER OF STUDENTS   SEATS FILLED;NUMBER OF SECTIONS;AVERAGE CLASS SIZE;SIZE OF SMALLEST CLASS;SIZE OF LARGEST CLASS
K289;P.S. 289 George V. Brower;0K;GEN ED;59;3;19.70;18;21
K289;P.S. 289 George V. Brower;0K;CTT;18;1;18.00;18;18
K289;P.S. 289 George V. Brower;01;GEN ED;69;3;23.00;20;26
K289;P.S. 289 George V. Brower;01;CTT;22;1;22.00;22;22
K289;P.S. 289 George V. Brower;02;GEN ED;79;3;26.30;23;28
K289;P.S. 289 George V. Brower;02;CTT;21;1;21.00;21;21
K289;P.S. 289 George V. Brower;03;GEN ED;66;3;22.00;19;25
K289;P.S. 289 George V. Brower;03;CTT;26;1;26.00;26;26
K289;P.S. 289 George V. Brower;04;GEN ED;78;3;26.00;24;28
K289;P.S. 289 George V. Brower;04;CTT;27;1;27.00;27;27
K289;P.S. 289 George V. Brower;05;GEN ED;84;3;28.00;27;29
K289;P.S. 289 George V. Brower;05;CTT;23;1;23.00;23;23
K289;P.S. 289 George V. Brower;0K-09;SPEC ED;12;1;12.00;12;12
K289;P.S. 289 George V. Brower;0K-09;SPEC ED;41;5;8.20;5;11
K289;P.S. 289 George V. Brower;;;0;0;.00;0;0
