SCHOOL CODE;SCHOOL NAME;GRADE ;PROGRAM TYPE;NUMBER OF STUDENTS   SEATS FILLED;NUMBER OF SECTIONS;AVERAGE CLASS SIZE;SIZE OF SMALLEST CLASS;SIZE OF LARGEST CLASS
K290;P.S. 290 Juan Morel Campos;0K;GEN ED;71;3;23.70;20;27
K290;P.S. 290 Juan Morel Campos;0K;CTT;27;1;27.00;27;27
K290;P.S. 290 Juan Morel Campos;01;GEN ED;101;5;20.20;15;23
K290;P.S. 290 Juan Morel Campos;02;GEN ED;80;4;20.00;19;21
K290;P.S. 290 Juan Morel Campos;02;CTT;18;1;18.00;18;18
K290;P.S. 290 Juan Morel Campos;03;GEN ED;96;4;24.00;23;25
K290;P.S. 290 Juan Morel Campos;04;GEN ED;87;4;21.80;21;23
K290;P.S. 290 Juan Morel Campos;05;GEN ED;95;4;23.80;22;25
K290;P.S. 290 Juan Morel Campos;0K-09;SPEC ED;9;1;9.00;9;9
K290;P.S. 290 Juan Morel Campos;;;0;0;.00;0;0
