SCHOOL CODE;SCHOOL NAME;GRADE ;PROGRAM TYPE;NUMBER OF STUDENTS   SEATS FILLED;NUMBER OF SECTIONS;AVERAGE CLASS SIZE;SIZE OF SMALLEST CLASS;SIZE OF LARGEST CLASS
K291;J.H.S. 291 Roland Hayes;06;GEN ED;183;7;26.10;23;32
K291;J.H.S. 291 Roland Hayes;06;CTT;18;1;18.00;18;18
K291;J.H.S. 291 Roland Hayes;07;GEN ED;175;6;29.20;27;32
K291;J.H.S. 291 Roland Hayes;07;CTT;20;1;20.00;20;20
K291;J.H.S. 291 Roland Hayes;08;GEN ED;196;7;28.00;23;32
K291;J.H.S. 291 Roland Hayes;08;CTT;23;1;23.00;23;23
K291;J.H.S. 291 Roland Hayes;0K-09;SPEC ED;20;2;10.00;9;11
K291;J.H.S. 291 Roland Hayes;0K-09;SPEC ED;23;3;7.70;3;10
K291;J.H.S. 291 Roland Hayes;MS Core;GEN ED;591;22;26.90;21;30
K291;J.H.S. 291 Roland Hayes;MS Core;GEN ED;607;23;26.40;20;30
K291;J.H.S. 291 Roland Hayes;MS Core;GEN ED;828;31;26.70;20;30
K291;J.H.S. 291 Roland Hayes;MS Core;GEN ED;634;24;26.40;20;30
K291;J.H.S. 291 Roland Hayes;MS Core;CTT;84;4;21.00;18;24
K291;J.H.S. 291 Roland Hayes;MS Core;CTT;105;5;21.00;18;24
K291;J.H.S. 291 Roland Hayes;MS Core;CTT;108;5;21.60;18;24
K291;J.H.S. 291 Roland Hayes;MS Core;CTT;84;4;21.00;18;24
K291;J.H.S. 291 Roland Hayes;MS Core;SPEC ED;47;5;9.40;9;10
K291;J.H.S. 291 Roland Hayes;MS Core;SPEC ED;37;4;9.30;9;10
K291;J.H.S. 291 Roland Hayes;MS Core;SPEC ED;47;5;9.40;9;10
K291;J.H.S. 291 Roland Hayes;MS Core;SPEC ED;47;5;9.40;9;10
K291;J.H.S. 291 Roland Hayes;;;0;0;.00;0;0
