SCHOOL CODE;SCHOOL NAME;GRADE ;PROGRAM TYPE;NUMBER OF STUDENTS   SEATS FILLED;NUMBER OF SECTIONS;AVERAGE CLASS SIZE;SIZE OF SMALLEST CLASS;SIZE OF LARGEST CLASS
K292;J.H.S. 292 Margaret S. Douglas;06;GEN ED;215;7;30.70;26;33
K292;J.H.S. 292 Margaret S. Douglas;06;CTT;19;1;19.00;19;19
K292;J.H.S. 292 Margaret S. Douglas;07;GEN ED;192;6;32.00;29;36
K292;J.H.S. 292 Margaret S. Douglas;07;CTT;31;1;31.00;31;31
K292;J.H.S. 292 Margaret S. Douglas;08;GEN ED;178;6;29.70;25;33
K292;J.H.S. 292 Margaret S. Douglas;08;CTT;25;1;25.00;25;25
K292;J.H.S. 292 Margaret S. Douglas;0K-09;SPEC ED;34;3;11.30;10;12
K292;J.H.S. 292 Margaret S. Douglas;0K-09;SPEC ED;33;3;11.00;9;12
K292;J.H.S. 292 Margaret S. Douglas;MS Core;GEN ED;817;27;30.30;23;34
K292;J.H.S. 292 Margaret S. Douglas;MS Core;GEN ED;718;24;29.90;24;34
K292;J.H.S. 292 Margaret S. Douglas;MS Core;GEN ED;566;19;29.80;23;34
K292;J.H.S. 292 Margaret S. Douglas;MS Core;GEN ED;396;13;30.50;23;34
K292;J.H.S. 292 Margaret S. Douglas;MS Core;GEN ED;198;7;28.30;25;31
K292;J.H.S. 292 Margaret S. Douglas;MS Core;CTT;157;5;31.40;22;58
K292;J.H.S. 292 Margaret S. Douglas;MS Core;CTT;99;4;24.80;22;31
K292;J.H.S. 292 Margaret S. Douglas;MS Core;CTT;77;3;25.70;22;31
K292;J.H.S. 292 Margaret S. Douglas;MS Core;CTT;53;2;26.50;22;31
K292;J.H.S. 292 Margaret S. Douglas;MS Core;CTT;25;1;25.00;25;25
K292;J.H.S. 292 Margaret S. Douglas;MS Core;SPEC ED;71;6;11.80;10;13
K292;J.H.S. 292 Margaret S. Douglas;MS Core;SPEC ED;48;4;12.00;11;13
K292;J.H.S. 292 Margaret S. Douglas;MS Core;SPEC ED;58;5;11.60;10;13
K292;J.H.S. 292 Margaret S. Douglas;MS Core;SPEC ED;24;2;12.00;12;12
K292;J.H.S. 292 Margaret S. Douglas;MS Core;SPEC ED;24;2;12.00;11;13
K292;J.H.S. 292 Margaret S. Douglas;09-12;GEN ED;115;3;38.30;24;59
K292;J.H.S. 292 Margaret S. Douglas;09-12;CTT;52;2;26.00;22;30
K292;J.H.S. 292 Margaret S. Douglas;09-12;SPEC ED;10;1;10.00;10;10
K292;J.H.S. 292 Margaret S. Douglas;;;0;0;.00;0;0
