SCHOOL CODE;SCHOOL NAME;GRADE ;PROGRAM TYPE;NUMBER OF STUDENTS   SEATS FILLED;NUMBER OF SECTIONS;AVERAGE CLASS SIZE;SIZE OF SMALLEST CLASS;SIZE OF LARGEST CLASS
K295;P.S. 295;0K;GEN ED;43;2;21.50;21;22
K295;P.S. 295;0K;CTT;26;1;26.00;26;26
K295;P.S. 295;01;GEN ED;38;2;19.00;18;20
K295;P.S. 295;01;CTT;25;1;25.00;25;25
K295;P.S. 295;02;GEN ED;25;1;25.00;25;25
K295;P.S. 295;02;CTT;29;1;29.00;29;29
K295;P.S. 295;03;GEN ED;35;2;17.50;17;18
K295;P.S. 295;03;CTT;22;1;22.00;22;22
K295;P.S. 295;04;GEN ED;28;1;28.00;28;28
K295;P.S. 295;04;CTT;30;1;30.00;30;30
K295;P.S. 295;05;GEN ED;23;1;23.00;23;23
K295;P.S. 295;05;CTT;28;1;28.00;28;28
K295;P.S. 295;;;0;0;.00;0;0
