SCHOOL CODE;SCHOOL NAME;GRADE ;PROGRAM TYPE;NUMBER OF STUDENTS   SEATS FILLED;NUMBER OF SECTIONS;AVERAGE CLASS SIZE;SIZE OF SMALLEST CLASS;SIZE OF LARGEST CLASS
K296;J.H.S. 296 The Halsey School;06;GEN ED;137;6;22.80;11;27
K296;J.H.S. 296 The Halsey School;06;CTT;23;1;23.00;23;23
K296;J.H.S. 296 The Halsey School;07;GEN ED;128;5;25.60;23;27
K296;J.H.S. 296 The Halsey School;07;CTT;25;1;25.00;25;25
K296;J.H.S. 296 The Halsey School;08;GEN ED;165;6;27.50;24;30
K296;J.H.S. 296 The Halsey School;08;CTT;21;1;21.00;21;21
K296;J.H.S. 296 The Halsey School;0K-09;SPEC ED;27;3;9.00;5;11
K296;J.H.S. 296 The Halsey School;;;0;0;.00;0;0
