SCHOOL CODE;SCHOOL NAME;GRADE ;PROGRAM TYPE;NUMBER OF STUDENTS   SEATS FILLED;NUMBER OF SECTIONS;AVERAGE CLASS SIZE;SIZE OF SMALLEST CLASS;SIZE OF LARGEST CLASS
K297;P.S. 297 Abraham Stockton;0K;GEN ED;45;2;22.50;22;23
K297;P.S. 297 Abraham Stockton;01;GEN ED;36;2;18.00;17;19
K297;P.S. 297 Abraham Stockton;01;CTT;16;1;16.00;16;16
K297;P.S. 297 Abraham Stockton;02;GEN ED;25;1;25.00;25;25
K297;P.S. 297 Abraham Stockton;02;CTT;21;1;21.00;21;21
K297;P.S. 297 Abraham Stockton;03;GEN ED;38;2;19.00;19;19
K297;P.S. 297 Abraham Stockton;03;CTT;18;1;18.00;18;18
K297;P.S. 297 Abraham Stockton;04;GEN ED;45;2;22.50;22;23
K297;P.S. 297 Abraham Stockton;04;CTT;20;1;20.00;20;20
K297;P.S. 297 Abraham Stockton;05;GEN ED;40;2;20.00;19;21
K297;P.S. 297 Abraham Stockton;0K-09;SPEC ED;17;2;8.50;8;9
K297;P.S. 297 Abraham Stockton;;;0;0;.00;0;0
