SCHOOL CODE;SCHOOL NAME;GRADE ;PROGRAM TYPE;NUMBER OF STUDENTS   SEATS FILLED;NUMBER OF SECTIONS;AVERAGE CLASS SIZE;SIZE OF SMALLEST CLASS;SIZE OF LARGEST CLASS
K298;P.S. 298 Dr. Betty Shabazz;0K;GEN ED;54;2;27.00;26;28
K298;P.S. 298 Dr. Betty Shabazz;01;GEN ED;53;2;26.50;25;28
K298;P.S. 298 Dr. Betty Shabazz;02;GEN ED;36;2;18.00;16;20
K298;P.S. 298 Dr. Betty Shabazz;03;GEN ED;41;2;20.50;20;21
K298;P.S. 298 Dr. Betty Shabazz;04;GEN ED;49;2;24.50;24;25
K298;P.S. 298 Dr. Betty Shabazz;05;GEN ED;46;2;23.00;21;25
K298;P.S. 298 Dr. Betty Shabazz;06;GEN ED;30;1;30.00;30;30
K298;P.S. 298 Dr. Betty Shabazz;06;CTT;28;1;28.00;28;28
K298;P.S. 298 Dr. Betty Shabazz;07;GEN ED;34;1;34.00;34;34
K298;P.S. 298 Dr. Betty Shabazz;07;CTT;29;1;29.00;29;29
K298;P.S. 298 Dr. Betty Shabazz;08;GEN ED;23;1;23.00;23;23
K298;P.S. 298 Dr. Betty Shabazz;08;CTT;28;1;28.00;28;28
K298;P.S. 298 Dr. Betty Shabazz;0K-09;SPEC ED;19;2;9.50;9;10
K298;P.S. 298 Dr. Betty Shabazz;0K-09;SPEC ED;18;2;9.00;7;11
K298;P.S. 298 Dr. Betty Shabazz;MS Core;GEN ED;87;3;29.00;21;34
K298;P.S. 298 Dr. Betty Shabazz;MS Core;GEN ED;87;3;29.00;21;34
K298;P.S. 298 Dr. Betty Shabazz;MS Core;GEN ED;87;3;29.00;21;34
K298;P.S. 298 Dr. Betty Shabazz;MS Core;GEN ED;87;3;29.00;21;34
K298;P.S. 298 Dr. Betty Shabazz;MS Core;CTT;87;3;29.00;27;31
K298;P.S. 298 Dr. Betty Shabazz;MS Core;CTT;87;3;29.00;27;31
K298;P.S. 298 Dr. Betty Shabazz;MS Core;CTT;87;3;29.00;27;31
K298;P.S. 298 Dr. Betty Shabazz;MS Core;CTT;87;3;29.00;27;31
K298;P.S. 298 Dr. Betty Shabazz;;;0;0;.00;0;0
