SCHOOL CODE;SCHOOL NAME;GRADE ;PROGRAM TYPE;NUMBER OF STUDENTS   SEATS FILLED;NUMBER OF SECTIONS;AVERAGE CLASS SIZE;SIZE OF SMALLEST CLASS;SIZE OF LARGEST CLASS
K299;P.S. 299 Thomas Warren Field;0K;GEN ED;53;3;17.70;17;18
K299;P.S. 299 Thomas Warren Field;01;GEN ED;56;3;18.70;18;20
K299;P.S. 299 Thomas Warren Field;02;GEN ED;68;4;17.00;13;19
K299;P.S. 299 Thomas Warren Field;03;GEN ED;64;3;21.30;21;22
K299;P.S. 299 Thomas Warren Field;04;GEN ED;58;2;29.00;28;30
K299;P.S. 299 Thomas Warren Field;05;GEN ED;47;2;23.50;23;24
K299;P.S. 299 Thomas Warren Field;0K-09;SPEC ED;19;2;9.50;9;10
K299;P.S. 299 Thomas Warren Field;0K-09;SPEC ED;45;4;11.30;10;12
K299;P.S. 299 Thomas Warren Field;;;0;0;.00;0;0
