SCHOOL CODE;SCHOOL NAME;GRADE ;PROGRAM TYPE;NUMBER OF STUDENTS   SEATS FILLED;NUMBER OF SECTIONS;AVERAGE CLASS SIZE;SIZE OF SMALLEST CLASS;SIZE OF LARGEST CLASS
K302;J.H.S. 302 Rafael Cordero;06;GEN ED;277;11;25.20;20;29
K302;J.H.S. 302 Rafael Cordero;07;GEN ED;265;10;26.50;19;32
K302;J.H.S. 302 Rafael Cordero;07;CTT;28;1;28.00;28;28
K302;J.H.S. 302 Rafael Cordero;08;GEN ED;348;13;26.80;6;32
K302;J.H.S. 302 Rafael Cordero;0K-09;SPEC ED;35;3;11.70;11;12
K302;J.H.S. 302 Rafael Cordero;0K-09;SPEC ED;36;3;12.00;12;12
K302;J.H.S. 302 Rafael Cordero;MS Core;GEN ED;719;26;27.70;22;34
K302;J.H.S. 302 Rafael Cordero;MS Core;GEN ED;855;33;25.90;16;34
K302;J.H.S. 302 Rafael Cordero;MS Core;GEN ED;855;33;25.90;16;34
K302;J.H.S. 302 Rafael Cordero;MS Core;GEN ED;762;28;27.20;20;34
K302;J.H.S. 302 Rafael Cordero;MS Core;CTT;27;1;27.00;27;27
K302;J.H.S. 302 Rafael Cordero;MS Core;CTT;27;1;27.00;27;27
K302;J.H.S. 302 Rafael Cordero;MS Core;CTT;27;1;27.00;27;27
K302;J.H.S. 302 Rafael Cordero;MS Core;CTT;27;1;27.00;27;27
K302;J.H.S. 302 Rafael Cordero;MS Core;SPEC ED;67;6;11.20;9;12
K302;J.H.S. 302 Rafael Cordero;MS Core;SPEC ED;88;8;11.00;9;12
K302;J.H.S. 302 Rafael Cordero;MS Core;SPEC ED;80;7;11.40;9;12
K302;J.H.S. 302 Rafael Cordero;MS Core;SPEC ED;68;6;11.30;9;12
K302;J.H.S. 302 Rafael Cordero;09-12;SPEC ED;23;2;11.50;11;12
K302;J.H.S. 302 Rafael Cordero;;;0;0;.00;0;0
