SCHOOL CODE;SCHOOL NAME;GRADE ;PROGRAM TYPE;NUMBER OF STUDENTS   SEATS FILLED;NUMBER OF SECTIONS;AVERAGE CLASS SIZE;SIZE OF SMALLEST CLASS;SIZE OF LARGEST CLASS
K303;I.S. 303 Herbert S. Eisenberg;06;GEN ED;182;6;30.30;28;33
K303;I.S. 303 Herbert S. Eisenberg;06;CTT;31;1;31.00;31;31
K303;I.S. 303 Herbert S. Eisenberg;07;GEN ED;85;3;28.30;27;30
K303;I.S. 303 Herbert S. Eisenberg;07;CTT;26;1;26.00;26;26
K303;I.S. 303 Herbert S. Eisenberg;07;G&T;102;4;25.50;23;27
K303;I.S. 303 Herbert S. Eisenberg;08;GEN ED;56;2;28.00;27;29
K303;I.S. 303 Herbert S. Eisenberg;08;G&T;186;6;31.00;27;35
K303;I.S. 303 Herbert S. Eisenberg;0K-09;SPEC ED;38;4;9.50;7;13
K303;I.S. 303 Herbert S. Eisenberg;0K-09;SPEC ED;21;3;7.00;3;9
K303;I.S. 303 Herbert S. Eisenberg;MS Core;GEN ED;558;19;29.40;24;35
K303;I.S. 303 Herbert S. Eisenberg;MS Core;GEN ED;427;15;28.50;24;34
K303;I.S. 303 Herbert S. Eisenberg;MS Core;GEN ED;102;3;34.00;33;35
K303;I.S. 303 Herbert S. Eisenberg;MS Core;GEN ED;29;1;29.00;29;29
K303;I.S. 303 Herbert S. Eisenberg;MS Core;GEN ED;427;15;28.50;24;34
K303;I.S. 303 Herbert S. Eisenberg;MS Core;GEN ED;131;4;32.80;29;35
K303;I.S. 303 Herbert S. Eisenberg;MS Core;GEN ED;558;19;29.40;24;35
K303;I.S. 303 Herbert S. Eisenberg;MS Core;CTT;120;3;40.00;26;64
K303;I.S. 303 Herbert S. Eisenberg;MS Core;CTT;120;3;40.00;26;64
K303;I.S. 303 Herbert S. Eisenberg;MS Core;CTT;120;3;40.00;26;64
K303;I.S. 303 Herbert S. Eisenberg;MS Core;CTT;120;3;40.00;26;64
K303;I.S. 303 Herbert S. Eisenberg;MS Core;SPEC ED;10;1;10.00;10;10
K303;I.S. 303 Herbert S. Eisenberg;MS Core;SPEC ED;10;1;10.00;10;10
K303;I.S. 303 Herbert S. Eisenberg;MS Core;SPEC ED;10;1;10.00;10;10
K303;I.S. 303 Herbert S. Eisenberg;MS Core;SPEC ED;10;1;10.00;10;10
K303;I.S. 303 Herbert S. Eisenberg;09-12;GEN ED;92;3;30.70;28;33
K303;I.S. 303 Herbert S. Eisenberg;09-12;GEN ED;93;3;31.00;25;34
K303;I.S. 303 Herbert S. Eisenberg;;;0;0;.00;0;0
