SCHOOL CODE;SCHOOL NAME;GRADE ;PROGRAM TYPE;NUMBER OF STUDENTS   SEATS FILLED;NUMBER OF SECTIONS;AVERAGE CLASS SIZE;SIZE OF SMALLEST CLASS;SIZE OF LARGEST CLASS
K305;P.S. 305 Dr. Peter Ray;0K;GEN ED;21;1;21.00;21;21
K305;P.S. 305 Dr. Peter Ray;0K;CTT;21;1;21.00;21;21
K305;P.S. 305 Dr. Peter Ray;01;GEN ED;37;2;18.50;18;19
K305;P.S. 305 Dr. Peter Ray;01;CTT;18;1;18.00;18;18
K305;P.S. 305 Dr. Peter Ray;02;GEN ED;53;3;17.70;17;18
K305;P.S. 305 Dr. Peter Ray;03;GEN ED;63;3;21.00;20;22
K305;P.S. 305 Dr. Peter Ray;04;GEN ED;24;1;24.00;24;24
K305;P.S. 305 Dr. Peter Ray;04;CTT;24;1;24.00;24;24
K305;P.S. 305 Dr. Peter Ray;05;GEN ED;50;2;25.00;25;25
K305;P.S. 305 Dr. Peter Ray;0K-09;SPEC ED;12;1;12.00;12;12
K305;P.S. 305 Dr. Peter Ray;;;0;0;.00;0;0
