SCHOOL CODE;SCHOOL NAME;GRADE ;PROGRAM TYPE;NUMBER OF STUDENTS   SEATS FILLED;NUMBER OF SECTIONS;AVERAGE CLASS SIZE;SIZE OF SMALLEST CLASS;SIZE OF LARGEST CLASS
K306;P.S. 306 Ethan Allen;0K;GEN ED;64;3;21.30;20;23
K306;P.S. 306 Ethan Allen;01;GEN ED;67;2;33.50;33;34
K306;P.S. 306 Ethan Allen;02;GEN ED;60;2;30.00;30;30
K306;P.S. 306 Ethan Allen;03;GEN ED;66;3;22.00;21;23
K306;P.S. 306 Ethan Allen;04;GEN ED;45;2;22.50;21;24
K306;P.S. 306 Ethan Allen;04;CTT;24;1;24.00;24;24
K306;P.S. 306 Ethan Allen;05;GEN ED;54;2;27.00;26;28
K306;P.S. 306 Ethan Allen;06;GEN ED;55;2;27.50;27;28
K306;P.S. 306 Ethan Allen;07;GEN ED;28;1;28.00;28;28
K306;P.S. 306 Ethan Allen;07;CTT;28;1;28.00;28;28
K306;P.S. 306 Ethan Allen;08;GEN ED;56;2;28.00;27;29
K306;P.S. 306 Ethan Allen;0K-09;SPEC ED;24;2;12.00;11;13
K306;P.S. 306 Ethan Allen;0K-09;SPEC ED;51;5;10.20;7;12
K306;P.S. 306 Ethan Allen;MS Core;GEN ED;82;3;27.30;27;28
K306;P.S. 306 Ethan Allen;MS Core;GEN ED;82;3;27.30;27;28
K306;P.S. 306 Ethan Allen;MS Core;GEN ED;82;3;27.30;27;28
K306;P.S. 306 Ethan Allen;MS Core;GEN ED;82;3;27.30;27;28
K306;P.S. 306 Ethan Allen;;;0;0;.00;0;0
