SCHOOL CODE;SCHOOL NAME;GRADE ;PROGRAM TYPE;NUMBER OF STUDENTS   SEATS FILLED;NUMBER OF SECTIONS;AVERAGE CLASS SIZE;SIZE OF SMALLEST CLASS;SIZE OF LARGEST CLASS
K307;P.S. 307 Daniel Hale Williams;0K;GEN ED;23;1;23.00;23;23
K307;P.S. 307 Daniel Hale Williams;0K;CTT;25;1;25.00;25;25
K307;P.S. 307 Daniel Hale Williams;01;GEN ED;21;1;21.00;21;21
K307;P.S. 307 Daniel Hale Williams;01;CTT;21;1;21.00;21;21
K307;P.S. 307 Daniel Hale Williams;02;GEN ED;17;1;17.00;17;17
K307;P.S. 307 Daniel Hale Williams;02;CTT;16;1;16.00;16;16
K307;P.S. 307 Daniel Hale Williams;03;GEN ED;19;1;19.00;19;19
K307;P.S. 307 Daniel Hale Williams;03;CTT;19;1;19.00;19;19
K307;P.S. 307 Daniel Hale Williams;04;GEN ED;23;1;23.00;23;23
K307;P.S. 307 Daniel Hale Williams;04;CTT;21;1;21.00;21;21
K307;P.S. 307 Daniel Hale Williams;05;GEN ED;20;1;20.00;20;20
K307;P.S. 307 Daniel Hale Williams;05;CTT;20;1;20.00;20;20
K307;P.S. 307 Daniel Hale Williams;0K-09;SPEC ED;23;2;11.50;11;12
K307;P.S. 307 Daniel Hale Williams;0K-09;SPEC ED;6;1;6.00;6;6
K307;P.S. 307 Daniel Hale Williams;;;0;0;.00;0;0
