SCHOOL CODE;SCHOOL NAME;GRADE ;PROGRAM TYPE;NUMBER OF STUDENTS   SEATS FILLED;NUMBER OF SECTIONS;AVERAGE CLASS SIZE;SIZE OF SMALLEST CLASS;SIZE OF LARGEST CLASS
K308;P.S. 308 Clara Cardwell;0K;GEN ED;36;2;18.00;17;19
K308;P.S. 308 Clara Cardwell;01;GEN ED;42;3;14.00;13;15
K308;P.S. 308 Clara Cardwell;02;GEN ED;63;3;21.00;19;24
K308;P.S. 308 Clara Cardwell;03;GEN ED;41;2;20.50;18;23
K308;P.S. 308 Clara Cardwell;03;CTT;18;1;18.00;18;18
K308;P.S. 308 Clara Cardwell;04;GEN ED;69;3;23.00;22;24
K308;P.S. 308 Clara Cardwell;04;CTT;13;1;13.00;13;13
K308;P.S. 308 Clara Cardwell;05;GEN ED;59;2;29.50;28;31
K308;P.S. 308 Clara Cardwell;05;CTT;14;1;14.00;14;14
K308;P.S. 308 Clara Cardwell;06;GEN ED;70;3;23.30;21;27
K308;P.S. 308 Clara Cardwell;06;CTT;14;1;14.00;14;14
K308;P.S. 308 Clara Cardwell;07;GEN ED;55;2;27.50;26;29
K308;P.S. 308 Clara Cardwell;07;CTT;13;1;13.00;13;13
K308;P.S. 308 Clara Cardwell;08;GEN ED;66;3;22.00;20;24
K308;P.S. 308 Clara Cardwell;0K-09;SPEC ED;62;7;8.90;2;11
K308;P.S. 308 Clara Cardwell;MS Core;GEN ED;192;8;24.00;19;29
K308;P.S. 308 Clara Cardwell;MS Core;GEN ED;165;7;23.60;19;29
K308;P.S. 308 Clara Cardwell;MS Core;GEN ED;27;1;27.00;27;27
K308;P.S. 308 Clara Cardwell;MS Core;GEN ED;165;7;23.60;19;29
K308;P.S. 308 Clara Cardwell;MS Core;GEN ED;27;1;27.00;27;27
K308;P.S. 308 Clara Cardwell;MS Core;GEN ED;211;9;23.40;19;29
K308;P.S. 308 Clara Cardwell;MS Core;SPEC ED;31;3;10.30;10;11
K308;P.S. 308 Clara Cardwell;MS Core;SPEC ED;31;3;10.30;10;11
K308;P.S. 308 Clara Cardwell;MS Core;SPEC ED;31;3;10.30;10;11
K308;P.S. 308 Clara Cardwell;MS Core;SPEC ED;31;3;10.30;10;11
K308;P.S. 308 Clara Cardwell;09-12;GEN ED;217;8;27.10;19;45
K308;P.S. 308 Clara Cardwell;09-12;SPEC ED;21;2;10.50;10;11
K308;P.S. 308 Clara Cardwell;;;0;0;.00;0;0
