SCHOOL CODE;SCHOOL NAME;GRADE ;PROGRAM TYPE;NUMBER OF STUDENTS   SEATS FILLED;NUMBER OF SECTIONS;AVERAGE CLASS SIZE;SIZE OF SMALLEST CLASS;SIZE OF LARGEST CLASS
K309;P.S. 309 The George E. Wibecan Preparatory Academy;0K;GEN ED;22;1;22.00;22;22
K309;P.S. 309 The George E. Wibecan Preparatory Academy;0K;CTT;25;1;25.00;25;25
K309;P.S. 309 The George E. Wibecan Preparatory Academy;01;GEN ED;22;1;22.00;22;22
K309;P.S. 309 The George E. Wibecan Preparatory Academy;01;CTT;25;1;25.00;25;25
K309;P.S. 309 The George E. Wibecan Preparatory Academy;02;GEN ED;41;2;20.50;20;21
K309;P.S. 309 The George E. Wibecan Preparatory Academy;02;CTT;18;1;18.00;18;18
K309;P.S. 309 The George E. Wibecan Preparatory Academy;03;GEN ED;33;2;16.50;16;17
K309;P.S. 309 The George E. Wibecan Preparatory Academy;04;GEN ED;51;2;25.50;25;26
K309;P.S. 309 The George E. Wibecan Preparatory Academy;05;GEN ED;37;2;18.50;17;20
K309;P.S. 309 The George E. Wibecan Preparatory Academy;0K-09;SPEC ED;29;3;9.70;9;11
K309;P.S. 309 The George E. Wibecan Preparatory Academy;;;0;0;.00;0;0
