SCHOOL CODE;SCHOOL NAME;GRADE ;PROGRAM TYPE;NUMBER OF STUDENTS   SEATS FILLED;NUMBER OF SECTIONS;AVERAGE CLASS SIZE;SIZE OF SMALLEST CLASS;SIZE OF LARGEST CLASS
K311;Essence School;06;GEN ED;69;3;23.00;21;24
K311;Essence School;07;GEN ED;52;2;26.00;25;27
K311;Essence School;07;CTT;21;1;21.00;21;21
K311;Essence School;08;GEN ED;79;4;19.80;19;20
K311;Essence School;MS Core;GEN ED;372;17;21.90;18;26
K311;Essence School;MS Core;GEN ED;220;10;22.00;18;26
K311;Essence School;MS Core;GEN ED;220;10;22.00;18;26
K311;Essence School;MS Core;GEN ED;220;10;22.00;18;26
K311;Essence School;;;0;0;.00;0;0
