SCHOOL CODE;SCHOOL NAME;GRADE ;PROGRAM TYPE;NUMBER OF STUDENTS   SEATS FILLED;NUMBER OF SECTIONS;AVERAGE CLASS SIZE;SIZE OF SMALLEST CLASS;SIZE OF LARGEST CLASS
K312;P.S. 312 Bergen Beach;0K;GEN ED;104;5;20.80;20;22
K312;P.S. 312 Bergen Beach;0K;CTT;15;1;15.00;15;15
K312;P.S. 312 Bergen Beach;01;GEN ED;109;5;21.80;21;23
K312;P.S. 312 Bergen Beach;01;CTT;22;1;22.00;22;22
K312;P.S. 312 Bergen Beach;02;GEN ED;105;4;26.30;25;28
K312;P.S. 312 Bergen Beach;02;CTT;21;1;21.00;21;21
K312;P.S. 312 Bergen Beach;02;G&T;25;1;25.00;25;25
K312;P.S. 312 Bergen Beach;03;GEN ED;94;4;23.50;22;26
K312;P.S. 312 Bergen Beach;03;CTT;25;1;25.00;25;25
K312;P.S. 312 Bergen Beach;03;G&T;27;1;27.00;27;27
K312;P.S. 312 Bergen Beach;04;GEN ED;88;3;29.30;26;31
K312;P.S. 312 Bergen Beach;04;CTT;27;1;27.00;27;27
K312;P.S. 312 Bergen Beach;04;G&T;31;1;31.00;31;31
K312;P.S. 312 Bergen Beach;05;GEN ED;79;3;26.30;26;27
K312;P.S. 312 Bergen Beach;05;CTT;23;1;23.00;23;23
K312;P.S. 312 Bergen Beach;05;G&T;28;1;28.00;28;28
K312;P.S. 312 Bergen Beach;0K-09;SPEC ED;34;3;11.30;11;12
K312;P.S. 312 Bergen Beach;;;0;0;.00;0;0
