SCHOOL CODE;SCHOOL NAME;GRADE ;PROGRAM TYPE;NUMBER OF STUDENTS   SEATS FILLED;NUMBER OF SECTIONS;AVERAGE CLASS SIZE;SIZE OF SMALLEST CLASS;SIZE OF LARGEST CLASS
K313;Satellite West Middle School;06;GEN ED;39;2;19.50;18;21
K313;Satellite West Middle School;07;GEN ED;22;1;22.00;22;22
K313;Satellite West Middle School;07;CTT;21;1;21.00;21;21
K313;Satellite West Middle School;08;GEN ED;67;3;22.30;21;24
K313;Satellite West Middle School;0K-09;SPEC ED;24;2;12.00;12;12
K313;Satellite West Middle School;MS Core;GEN ED;254;12;21.20;19;24
K313;Satellite West Middle School;MS Core;GEN ED;194;9;21.60;19;24
K313;Satellite West Middle School;MS Core;GEN ED;127;6;21.20;19;24
K313;Satellite West Middle School;MS Core;GEN ED;127;6;21.20;19;24
K313;Satellite West Middle School;MS Core;CTT;44;2;22.00;22;22
K313;Satellite West Middle School;MS Core;CTT;22;1;22.00;22;22
K313;Satellite West Middle School;MS Core;CTT;22;1;22.00;22;22
K313;Satellite West Middle School;MS Core;CTT;22;1;22.00;22;22
K313;Satellite West Middle School;MS Core;SPEC ED;48;4;12.00;12;12
K313;Satellite West Middle School;MS Core;SPEC ED;48;4;12.00;12;12
K313;Satellite West Middle School;MS Core;SPEC ED;24;2;12.00;12;12
K313;Satellite West Middle School;MS Core;SPEC ED;24;2;12.00;12;12
K313;Satellite West Middle School;;;0;0;.00;0;0
