SCHOOL CODE;SCHOOL NAME;GRADE ;PROGRAM TYPE;NUMBER OF STUDENTS   SEATS FILLED;NUMBER OF SECTIONS;AVERAGE CLASS SIZE;SIZE OF SMALLEST CLASS;SIZE OF LARGEST CLASS
K315;P.S. K315;0K;GEN ED;98;4;24.50;24;25
K315;P.S. K315;0K;CTT;24;1;24.00;24;24
K315;P.S. K315;01;GEN ED;81;3;27.00;27;27
K315;P.S. K315;01;CTT;24;1;24.00;24;24
K315;P.S. K315;01;G&T;25;1;25.00;25;25
K315;P.S. K315;02;GEN ED;94;3;31.30;30;32
K315;P.S. K315;02;CTT;31;1;31.00;31;31
K315;P.S. K315;03;GEN ED;55;2;27.50;26;29
K315;P.S. K315;03;CTT;26;1;26.00;26;26
K315;P.S. K315;03;G&T;28;1;28.00;28;28
K315;P.S. K315;04;GEN ED;78;3;26.00;25;27
K315;P.S. K315;04;G&T;52;2;26.00;25;27
K315;P.S. K315;05;GEN ED;127;5;25.40;24;28
K315;P.S. K315;0K-09;SPEC ED;21;2;10.50;8;13
K315;P.S. K315;;;0;0;.00;0;0
