SCHOOL CODE;SCHOOL NAME;GRADE ;PROGRAM TYPE;NUMBER OF STUDENTS   SEATS FILLED;NUMBER OF SECTIONS;AVERAGE CLASS SIZE;SIZE OF SMALLEST CLASS;SIZE OF LARGEST CLASS
K316;P.S. 316 Elijah Stroud;0K;GEN ED;19;1;19.00;19;19
K316;P.S. 316 Elijah Stroud;0K;CTT;14;1;14.00;14;14
K316;P.S. 316 Elijah Stroud;01;GEN ED;23;1;23.00;23;23
K316;P.S. 316 Elijah Stroud;01;CTT;20;1;20.00;20;20
K316;P.S. 316 Elijah Stroud;02;GEN ED;23;1;23.00;23;23
K316;P.S. 316 Elijah Stroud;02;CTT;21;1;21.00;21;21
K316;P.S. 316 Elijah Stroud;03;GEN ED;24;1;24.00;24;24
K316;P.S. 316 Elijah Stroud;03;CTT;26;1;26.00;26;26
K316;P.S. 316 Elijah Stroud;04;GEN ED;23;1;23.00;23;23
K316;P.S. 316 Elijah Stroud;04;CTT;24;1;24.00;24;24
K316;P.S. 316 Elijah Stroud;05;GEN ED;15;1;15.00;15;15
K316;P.S. 316 Elijah Stroud;05;CTT;18;1;18.00;18;18
K316;P.S. 316 Elijah Stroud;;;0;0;.00;0;0
