SCHOOL CODE;SCHOOL NAME;GRADE ;PROGRAM TYPE;NUMBER OF STUDENTS   SEATS FILLED;NUMBER OF SECTIONS;AVERAGE CLASS SIZE;SIZE OF SMALLEST CLASS;SIZE OF LARGEST CLASS
K318;I.S. 318 Eugenio Maria De Hostos;06;GEN ED;521;18;28.90;23;34
K318;I.S. 318 Eugenio Maria De Hostos;07;GEN ED;534;17;31.40;27;35
K318;I.S. 318 Eugenio Maria De Hostos;08;GEN ED;528;17;31.10;29;33
K318;I.S. 318 Eugenio Maria De Hostos;0K-09;SPEC ED;47;4;11.80;11;12
K318;I.S. 318 Eugenio Maria De Hostos;0K-09;SPEC ED;47;4;11.80;10;13
K318;I.S. 318 Eugenio Maria De Hostos;MS Core;GEN ED;124;4;31.00;28;32
K318;I.S. 318 Eugenio Maria De Hostos;;;0;0;.00;0;0
