SCHOOL CODE;SCHOOL NAME;GRADE ;PROGRAM TYPE;NUMBER OF STUDENTS   SEATS FILLED;NUMBER OF SECTIONS;AVERAGE CLASS SIZE;SIZE OF SMALLEST CLASS;SIZE OF LARGEST CLASS
K321;P.S. 321 William Penn;0K;GEN ED;197;8;24.60;24;26
K321;P.S. 321 William Penn;0K;CTT;49;2;24.50;24;25
K321;P.S. 321 William Penn;01;GEN ED;199;9;22.10;21;23
K321;P.S. 321 William Penn;01;CTT;24;1;24.00;24;24
K321;P.S. 321 William Penn;02;GEN ED;221;9;24.60;24;25
K321;P.S. 321 William Penn;02;CTT;26;1;26.00;26;26
K321;P.S. 321 William Penn;03;GEN ED;184;7;26.30;25;27
K321;P.S. 321 William Penn;03;CTT;26;1;26.00;26;26
K321;P.S. 321 William Penn;04;GEN ED;165;6;27.50;26;28
K321;P.S. 321 William Penn;04;CTT;28;1;28.00;28;28
K321;P.S. 321 William Penn;05;GEN ED;182;6;30.30;30;31
K321;P.S. 321 William Penn;05;CTT;28;1;28.00;28;28
K321;P.S. 321 William Penn;0K-09;SPEC ED;30;3;10.00;7;12
K321;P.S. 321 William Penn;;;0;0;.00;0;0
