SCHOOL CODE;SCHOOL NAME;GRADE ;PROGRAM TYPE;NUMBER OF STUDENTS   SEATS FILLED;NUMBER OF SECTIONS;AVERAGE CLASS SIZE;SIZE OF SMALLEST CLASS;SIZE OF LARGEST CLASS
K322;Foundations Academy;09-12;GEN ED;25;1;25.00;25;25
K322;Foundations Academy;09-12;GEN ED;21;1;21.00;21;21
K322;Foundations Academy;09-12;GEN ED;18;1;18.00;18;18
K322;Foundations Academy;09-12;GEN ED;50;3;16.70;12;20
K322;Foundations Academy;09-12;GEN ED;47;2;23.50;19;28
K322;Foundations Academy;09-12;GEN ED;28;2;14.00;12;16
K322;Foundations Academy;09-12;GEN ED;24;1;24.00;24;24
K322;Foundations Academy;09-12;GEN ED;60;3;20.00;15;28
K322;Foundations Academy;09-12;GEN ED;54;3;18.00;16;20
K322;Foundations Academy;09-12;GEN ED;50;2;25.00;22;28
K322;Foundations Academy;09-12;GEN ED;17;1;17.00;17;17
K322;Foundations Academy;09-12;GEN ED;50;2;25.00;21;29
K322;Foundations Academy;09-12;CTT;12;1;12.00;12;12
K322;Foundations Academy;09-12;CTT;29;1;29.00;29;29
K322;Foundations Academy;09-12;CTT;40;2;20.00;17;23
K322;Foundations Academy;09-12;CTT;20;1;20.00;20;20
K322;Foundations Academy;09-12;CTT;59;4;14.80;11;19
K322;Foundations Academy;09-12;CTT;17;1;17.00;17;17
K322;Foundations Academy;09-12;CTT;37;2;18.50;11;26
K322;Foundations Academy;09-12;CTT;41;2;20.50;13;28
K322;Foundations Academy;09-12;CTT;34;2;17.00;16;18
K322;Foundations Academy;;;0;0;.00;0;0
