SCHOOL CODE;SCHOOL NAME;GRADE ;PROGRAM TYPE;NUMBER OF STUDENTS   SEATS FILLED;NUMBER OF SECTIONS;AVERAGE CLASS SIZE;SIZE OF SMALLEST CLASS;SIZE OF LARGEST CLASS
K323;P.S./I.S. 323;0K;GEN ED;36;2;18.00;18;18
K323;P.S./I.S. 323;01;GEN ED;41;2;20.50;20;21
K323;P.S./I.S. 323;02;GEN ED;51;3;17.00;15;20
K323;P.S./I.S. 323;03;GEN ED;51;2;25.50;24;27
K323;P.S./I.S. 323;03;CTT;23;1;23.00;23;23
K323;P.S./I.S. 323;04;GEN ED;47;2;23.50;20;27
K323;P.S./I.S. 323;05;GEN ED;32;2;16.00;16;16
K323;P.S./I.S. 323;06;GEN ED;41;2;20.50;20;21
K323;P.S./I.S. 323;07;GEN ED;56;2;28.00;27;29
K323;P.S./I.S. 323;08;GEN ED;63;3;21.00;20;22
K323;P.S./I.S. 323;0K-09;SPEC ED;26;3;8.70;6;11
K323;P.S./I.S. 323;0K-09;SPEC ED;28;3;9.30;7;11
K323;P.S./I.S. 323;MS Core;GEN ED;157;7;22.40;19;28
K323;P.S./I.S. 323;MS Core;GEN ED;157;7;22.40;19;28
K323;P.S./I.S. 323;MS Core;GEN ED;93;4;23.30;19;28
K323;P.S./I.S. 323;MS Core;GEN ED;64;3;21.30;20;23
K323;P.S./I.S. 323;MS Core;GEN ED;54;2;27.00;26;28
K323;P.S./I.S. 323;MS Core;GEN ED;103;5;20.60;19;23
K323;P.S./I.S. 323;MS Core;SPEC ED;10;1;10.00;10;10
K323;P.S./I.S. 323;MS Core;SPEC ED;10;1;10.00;10;10
K323;P.S./I.S. 323;MS Core;SPEC ED;10;1;10.00;10;10
K323;P.S./I.S. 323;MS Core;SPEC ED;10;1;10.00;10;10
K323;P.S./I.S. 323;;;0;0;.00;0;0
