SCHOOL CODE;SCHOOL NAME;GRADE ;PROGRAM TYPE;NUMBER OF STUDENTS   SEATS FILLED;NUMBER OF SECTIONS;AVERAGE CLASS SIZE;SIZE OF SMALLEST CLASS;SIZE OF LARGEST CLASS
K327;P.S. 327 Dr. Rose B. English;0K;GEN ED;60;3;20.00;18;22
K327;P.S. 327 Dr. Rose B. English;01;GEN ED;74;3;24.70;24;26
K327;P.S. 327 Dr. Rose B. English;02;GEN ED;80;3;26.70;24;30
K327;P.S. 327 Dr. Rose B. English;03;GEN ED;81;3;27.00;25;28
K327;P.S. 327 Dr. Rose B. English;04;GEN ED;82;3;27.30;22;30
K327;P.S. 327 Dr. Rose B. English;05;GEN ED;55;2;27.50;25;30
K327;P.S. 327 Dr. Rose B. English;05;CTT;24;1;24.00;24;24
K327;P.S. 327 Dr. Rose B. English;06;GEN ED;56;2;28.00;26;30
K327;P.S. 327 Dr. Rose B. English;07;GEN ED;73;3;24.30;22;28
K327;P.S. 327 Dr. Rose B. English;08;GEN ED;68;3;22.70;16;27
K327;P.S. 327 Dr. Rose B. English;0K-09;SPEC ED;53;5;10.60;7;12
K327;P.S. 327 Dr. Rose B. English;0K-09;SPEC ED;22;3;7.30;5;11
K327;P.S. 327 Dr. Rose B. English;MS Core;GEN ED;192;8;24.00;16;30
K327;P.S. 327 Dr. Rose B. English;MS Core;GEN ED;192;8;24.00;16;30
K327;P.S. 327 Dr. Rose B. English;MS Core;GEN ED;192;8;24.00;16;30
K327;P.S. 327 Dr. Rose B. English;MS Core;GEN ED;192;8;24.00;16;30
K327;P.S. 327 Dr. Rose B. English;MS Core;SPEC ED;23;2;11.50;11;12
K327;P.S. 327 Dr. Rose B. English;MS Core;SPEC ED;23;2;11.50;11;12
K327;P.S. 327 Dr. Rose B. English;MS Core;SPEC ED;23;2;11.50;11;12
K327;P.S. 327 Dr. Rose B. English;MS Core;SPEC ED;23;2;11.50;11;12
K327;P.S. 327 Dr. Rose B. English;;;0;0;.00;0;0
