SCHOOL CODE;SCHOOL NAME;GRADE ;PROGRAM TYPE;NUMBER OF STUDENTS   SEATS FILLED;NUMBER OF SECTIONS;AVERAGE CLASS SIZE;SIZE OF SMALLEST CLASS;SIZE OF LARGEST CLASS
K328;P.S. 328 Phyllis Wheatley;0K;GEN ED;44;2;22.00;21;23
K328;P.S. 328 Phyllis Wheatley;01;GEN ED;60;3;20.00;17;22
K328;P.S. 328 Phyllis Wheatley;02;GEN ED;46;3;15.30;14;16
K328;P.S. 328 Phyllis Wheatley;03;GEN ED;44;2;22.00;21;23
K328;P.S. 328 Phyllis Wheatley;03;CTT;24;1;24.00;24;24
K328;P.S. 328 Phyllis Wheatley;04;GEN ED;40;2;20.00;20;20
K328;P.S. 328 Phyllis Wheatley;05;GEN ED;22;1;22.00;22;22
K328;P.S. 328 Phyllis Wheatley;05;CTT;27;1;27.00;27;27
K328;P.S. 328 Phyllis Wheatley;06;GEN ED;48;2;24.00;23;25
K328;P.S. 328 Phyllis Wheatley;07;GEN ED;39;2;19.50;19;20
K328;P.S. 328 Phyllis Wheatley;08;GEN ED;43;2;21.50;21;22
K328;P.S. 328 Phyllis Wheatley;0K-09;SPEC ED;30;3;10.00;8;12
K328;P.S. 328 Phyllis Wheatley;MS Core;GEN ED;153;7;21.90;17;24
K328;P.S. 328 Phyllis Wheatley;MS Core;GEN ED;81;4;20.30;17;24
K328;P.S. 328 Phyllis Wheatley;MS Core;GEN ED;93;4;23.30;21;24
K328;P.S. 328 Phyllis Wheatley;MS Core;GEN ED;36;2;18.00;17;19
K328;P.S. 328 Phyllis Wheatley;MS Core;GEN ED;48;2;24.00;24;24
K328;P.S. 328 Phyllis Wheatley;MS Core;GEN ED;81;4;20.30;17;24
K328;P.S. 328 Phyllis Wheatley;MS Core;SPEC ED;37;3;12.30;12;13
K328;P.S. 328 Phyllis Wheatley;MS Core;SPEC ED;13;1;13.00;13;13
K328;P.S. 328 Phyllis Wheatley;MS Core;SPEC ED;25;2;12.50;12;13
K328;P.S. 328 Phyllis Wheatley;MS Core;SPEC ED;25;2;12.50;12;13
K328;P.S. 328 Phyllis Wheatley;;;0;0;.00;0;0
