SCHOOL CODE;SCHOOL NAME;GRADE ;PROGRAM TYPE;NUMBER OF STUDENTS   SEATS FILLED;NUMBER OF SECTIONS;AVERAGE CLASS SIZE;SIZE OF SMALLEST CLASS;SIZE OF LARGEST CLASS
K329;P.S. 329 Surfside;0K;GEN ED;71;3;23.70;21;25
K329;P.S. 329 Surfside;01;GEN ED;68;3;22.70;18;26
K329;P.S. 329 Surfside;02;GEN ED;53;3;17.70;17;19
K329;P.S. 329 Surfside;02;CTT;17;1;17.00;17;17
K329;P.S. 329 Surfside;03;GEN ED;39;2;19.50;18;21
K329;P.S. 329 Surfside;03;CTT;21;1;21.00;21;21
K329;P.S. 329 Surfside;03;G&T;19;1;19.00;19;19
K329;P.S. 329 Surfside;04;GEN ED;29;1;29.00;29;29
K329;P.S. 329 Surfside;04;CTT;28;1;28.00;28;28
K329;P.S. 329 Surfside;04;G&T;17;1;17.00;17;17
K329;P.S. 329 Surfside;05;GEN ED;23;1;23.00;23;23
K329;P.S. 329 Surfside;05;CTT;25;1;25.00;25;25
K329;P.S. 329 Surfside;05;G&T;19;1;19.00;19;19
K329;P.S. 329 Surfside;0K-09;SPEC ED;48;5;9.60;7;12
K329;P.S. 329 Surfside;;;0;0;.00;0;0
