SCHOOL CODE;SCHOOL NAME;GRADE ;PROGRAM TYPE;NUMBER OF STUDENTS   SEATS FILLED;NUMBER OF SECTIONS;AVERAGE CLASS SIZE;SIZE OF SMALLEST CLASS;SIZE OF LARGEST CLASS
K330;The Urban Assembly School for the Urban Environment;06;GEN ED;33;2;16.50;13;20
K330;The Urban Assembly School for the Urban Environment;07;CTT;37;2;18.50;18;19
K330;The Urban Assembly School for the Urban Environment;08;GEN ED;44;2;22.00;22;22
K330;The Urban Assembly School for the Urban Environment;0K-09;SPEC ED;7;1;7.00;7;7
K330;The Urban Assembly School for the Urban Environment;0K-09;SPEC ED;11;1;11.00;11;11
K330;The Urban Assembly School for the Urban Environment;;;0;0;.00;0;0
