SCHOOL CODE;SCHOOL NAME;GRADE ;PROGRAM TYPE;NUMBER OF STUDENTS   SEATS FILLED;NUMBER OF SECTIONS;AVERAGE CLASS SIZE;SIZE OF SMALLEST CLASS;SIZE OF LARGEST CLASS
K332;P.S. 332 Charles H. Houston;0K;GEN ED;25;1;25.00;25;25
K332;P.S. 332 Charles H. Houston;01;GEN ED;43;2;21.50;21;22
K332;P.S. 332 Charles H. Houston;02;GEN ED;48;2;24.00;24;24
K332;P.S. 332 Charles H. Houston;03;GEN ED;48;2;24.00;24;24
K332;P.S. 332 Charles H. Houston;04;GEN ED;31;1;31.00;31;31
K332;P.S. 332 Charles H. Houston;04;CTT;19;1;19.00;19;19
K332;P.S. 332 Charles H. Houston;05;GEN ED;29;2;14.50;14;15
K332;P.S. 332 Charles H. Houston;06;GEN ED;31;2;15.50;10;21
K332;P.S. 332 Charles H. Houston;07;GEN ED;36;2;18.00;14;22
K332;P.S. 332 Charles H. Houston;08;GEN ED;36;1;36.00;36;36
K332;P.S. 332 Charles H. Houston;0K-09;SPEC ED;4;1;4.00;4;4
K332;P.S. 332 Charles H. Houston;0K-09;SPEC ED;49;5;9.80;6;12
K332;P.S. 332 Charles H. Houston;MS Core;GEN ED;90;4;22.50;15;35
K332;P.S. 332 Charles H. Houston;MS Core;GEN ED;91;4;22.80;15;35
K332;P.S. 332 Charles H. Houston;MS Core;GEN ED;91;4;22.80;15;35
K332;P.S. 332 Charles H. Houston;MS Core;GEN ED;56;3;18.70;15;21
K332;P.S. 332 Charles H. Houston;MS Core;GEN ED;35;1;35.00;35;35
K332;P.S. 332 Charles H. Houston;;;0;0;.00;0;0
