SCHOOL CODE;SCHOOL NAME;GRADE ;PROGRAM TYPE;NUMBER OF STUDENTS   SEATS FILLED;NUMBER OF SECTIONS;AVERAGE CLASS SIZE;SIZE OF SMALLEST CLASS;SIZE OF LARGEST CLASS
K334;Middle School for Academic and Social Excellence;06;GEN ED;57;3;19.00;16;24
K334;Middle School for Academic and Social Excellence;07;GEN ED;58;2;29.00;27;31
K334;Middle School for Academic and Social Excellence;07;CTT;24;1;24.00;24;24
K334;Middle School for Academic and Social Excellence;08;GEN ED;43;2;21.50;19;24
K334;Middle School for Academic and Social Excellence;08;CTT;22;1;22.00;22;22
K334;Middle School for Academic and Social Excellence;0K-09;SPEC ED;20;2;10.00;9;11
K334;Middle School for Academic and Social Excellence;MS Core;GEN ED;156;7;22.30;15;28
K334;Middle School for Academic and Social Excellence;MS Core;GEN ED;156;7;22.30;15;28
K334;Middle School for Academic and Social Excellence;MS Core;GEN ED;156;7;22.30;15;28
K334;Middle School for Academic and Social Excellence;MS Core;GEN ED;156;7;22.30;15;28
K334;Middle School for Academic and Social Excellence;MS Core;CTT;44;2;22.00;22;22
K334;Middle School for Academic and Social Excellence;MS Core;CTT;44;2;22.00;22;22
K334;Middle School for Academic and Social Excellence;MS Core;CTT;44;2;22.00;22;22
K334;Middle School for Academic and Social Excellence;MS Core;CTT;44;2;22.00;22;22
K334;Middle School for Academic and Social Excellence;MS Core;SPEC ED;10;1;10.00;10;10
K334;Middle School for Academic and Social Excellence;MS Core;SPEC ED;10;1;10.00;10;10
K334;Middle School for Academic and Social Excellence;MS Core;SPEC ED;10;1;10.00;10;10
K334;Middle School for Academic and Social Excellence;MS Core;SPEC ED;10;1;10.00;10;10
K334;Middle School for Academic and Social Excellence;;;0;0;.00;0;0
