SCHOOL CODE;SCHOOL NAME;GRADE ;PROGRAM TYPE;NUMBER OF STUDENTS   SEATS FILLED;NUMBER OF SECTIONS;AVERAGE CLASS SIZE;SIZE OF SMALLEST CLASS;SIZE OF LARGEST CLASS
K335;P.S. 335 Granville T. Woods;0K;GEN ED;29;1;29.00;29;29
K335;P.S. 335 Granville T. Woods;0K;CTT;28;1;28.00;28;28
K335;P.S. 335 Granville T. Woods;01;GEN ED;45;2;22.50;22;23
K335;P.S. 335 Granville T. Woods;01;CTT;17;1;17.00;17;17
K335;P.S. 335 Granville T. Woods;02;GEN ED;40;2;20.00;19;21
K335;P.S. 335 Granville T. Woods;02;CTT;18;1;18.00;18;18
K335;P.S. 335 Granville T. Woods;03;GEN ED;47;3;15.70;15;16
K335;P.S. 335 Granville T. Woods;04;GEN ED;46;2;23.00;22;24
K335;P.S. 335 Granville T. Woods;04;CTT;23;1;23.00;23;23
K335;P.S. 335 Granville T. Woods;05;GEN ED;48;2;24.00;24;24
K335;P.S. 335 Granville T. Woods;05;CTT;22;1;22.00;22;22
K335;P.S. 335 Granville T. Woods;0K-09;SPEC ED;41;4;10.30;7;12
K335;P.S. 335 Granville T. Woods;;;0;0;.00;0;0
