SCHOOL CODE;SCHOOL NAME;GRADE ;PROGRAM TYPE;NUMBER OF STUDENTS   SEATS FILLED;NUMBER OF SECTIONS;AVERAGE CLASS SIZE;SIZE OF SMALLEST CLASS;SIZE OF LARGEST CLASS
K336;Academy of Business and Community Development;06;GEN ED;26;1;26.00;26;26
K336;Academy of Business and Community Development;06;CTT;20;1;20.00;20;20
K336;Academy of Business and Community Development;07;GEN ED;41;2;20.50;20;21
K336;Academy of Business and Community Development;08;GEN ED;34;2;17.00;10;24
K336;Academy of Business and Community Development;0K-09;SPEC ED;10;1;10.00;10;10
K336;Academy of Business and Community Development;MS Core;GEN ED;25;1;25.00;25;25
K336;Academy of Business and Community Development;MS Core;CTT;20;1;20.00;20;20
K336;Academy of Business and Community Development;09-12;GEN ED;23;1;23.00;23;23
K336;Academy of Business and Community Development;09-12;GEN ED;28;1;28.00;28;28
K336;Academy of Business and Community Development;09-12;GEN ED;11;1;11.00;11;11
K336;Academy of Business and Community Development;09-12;GEN ED;27;1;27.00;27;27
K336;Academy of Business and Community Development;09-12;GEN ED;13;1;13.00;13;13
K336;Academy of Business and Community Development;09-12;GEN ED;23;2;11.50;11;12
K336;Academy of Business and Community Development;09-12;GEN ED;85;3;28.30;26;30
K336;Academy of Business and Community Development;09-12;GEN ED;57;2;28.50;28;29
K336;Academy of Business and Community Development;09-12;CTT;29;1;29.00;29;29
K336;Academy of Business and Community Development;09-12;CTT;44;2;22.00;15;29
K336;Academy of Business and Community Development;09-12;CTT;44;2;22.00;22;22
K336;Academy of Business and Community Development;09-12;CTT;25;1;25.00;25;25
K336;Academy of Business and Community Development;;;0;0;.00;0;0
