SCHOOL CODE;SCHOOL NAME;GRADE ;PROGRAM TYPE;NUMBER OF STUDENTS   SEATS FILLED;NUMBER OF SECTIONS;AVERAGE CLASS SIZE;SIZE OF SMALLEST CLASS;SIZE OF LARGEST CLASS
K337;International High School at Lafayette;09-12;GEN ED;49;4;12.30;10;15
K337;International High School at Lafayette;09-12;GEN ED;73;6;12.20;11;14
K337;International High School at Lafayette;09-12;GEN ED;85;4;21.30;21;22
K337;International High School at Lafayette;09-12;GEN ED;64;3;21.30;20;22
K337;International High School at Lafayette;09-12;GEN ED;13;1;13.00;13;13
K337;International High School at Lafayette;09-12;GEN ED;206;14;14.70;10;22
K337;International High School at Lafayette;09-12;GEN ED;85;4;21.30;21;22
K337;International High School at Lafayette;09-12;GEN ED;85;4;21.30;21;22
K337;International High School at Lafayette;09-12;GEN ED;284;22;12.90;10;17
K337;International High School at Lafayette;09-12;GEN ED;64;3;21.30;20;22
K337;International High School at Lafayette;09-12;GEN ED;142;11;12.90;10;17
K337;International High School at Lafayette;09-12;GEN ED;85;4;21.30;21;22
K337;International High School at Lafayette;09-12;GEN ED;64;3;21.30;20;22
K337;International High School at Lafayette;09-12;GEN ED;16;1;16.00;16;16
K337;International High School at Lafayette;09-12;GEN ED;15;1;15.00;15;15
K337;International High School at Lafayette;;;0;0;.00;0;0
