SCHOOL CODE;SCHOOL NAME;GRADE ;PROGRAM TYPE;NUMBER OF STUDENTS   SEATS FILLED;NUMBER OF SECTIONS;AVERAGE CLASS SIZE;SIZE OF SMALLEST CLASS;SIZE OF LARGEST CLASS
K340;I.S. 340;06;GEN ED;72;3;24.00;23;25
K340;I.S. 340;06;G&T;26;1;26.00;26;26
K340;I.S. 340;07;GEN ED;79;3;26.30;23;29
K340;I.S. 340;08;GEN ED;80;3;26.70;20;30
K340;I.S. 340;0K-09;SPEC ED;17;2;8.50;6;11
K340;I.S. 340;MS Core;GEN ED;257;10;25.70;20;30
K340;I.S. 340;MS Core;GEN ED;257;10;25.70;20;30
K340;I.S. 340;MS Core;GEN ED;60;2;30.00;30;30
K340;I.S. 340;MS Core;GEN ED;355;14;25.40;20;30
K340;I.S. 340;MS Core;GEN ED;60;1;60.00;60;60
K340;I.S. 340;MS Core;GEN ED;257;10;25.70;20;30
K340;I.S. 340;09-12;GEN ED;159;6;26.50;20;30
K340;I.S. 340;09-12;GEN ED;257;10;25.70;20;30
K340;I.S. 340;;;0;0;.00;0;0
