SCHOOL CODE;SCHOOL NAME;GRADE ;PROGRAM TYPE;NUMBER OF STUDENTS   SEATS FILLED;NUMBER OF SECTIONS;AVERAGE CLASS SIZE;SIZE OF SMALLEST CLASS;SIZE OF LARGEST CLASS
K344;Rachel Carson High School for Coastal Studies;09-12;GEN ED;97;4;24.30;14;29
K344;Rachel Carson High School for Coastal Studies;09-12;GEN ED;116;4;29.00;16;34
K344;Rachel Carson High School for Coastal Studies;09-12;GEN ED;56;2;28.00;22;34
K344;Rachel Carson High School for Coastal Studies;09-12;GEN ED;80;3;26.70;24;29
K344;Rachel Carson High School for Coastal Studies;09-12;GEN ED;63;3;21.00;13;33
K344;Rachel Carson High School for Coastal Studies;09-12;GEN ED;134;5;26.80;19;32
K344;Rachel Carson High School for Coastal Studies;09-12;GEN ED;166;6;27.70;15;34
K344;Rachel Carson High School for Coastal Studies;09-12;GEN ED;27;1;27.00;27;27
K344;Rachel Carson High School for Coastal Studies;09-12;GEN ED;18;1;18.00;18;18
K344;Rachel Carson High School for Coastal Studies;09-12;GEN ED;174;6;29.00;23;33
K344;Rachel Carson High School for Coastal Studies;09-12;GEN ED;270;10;27.00;20;32
K344;Rachel Carson High School for Coastal Studies;09-12;GEN ED;104;4;26.00;19;33
K344;Rachel Carson High School for Coastal Studies;09-12;GEN ED;26;2;13.00;13;13
K344;Rachel Carson High School for Coastal Studies;09-12;GEN ED;169;7;24.10;14;34
K344;Rachel Carson High School for Coastal Studies;09-12;GEN ED;246;8;30.80;22;35
K344;Rachel Carson High School for Coastal Studies;09-12;GEN ED;66;2;33.00;33;33
K344;Rachel Carson High School for Coastal Studies;09-12;GEN ED;88;3;29.30;27;33
K344;Rachel Carson High School for Coastal Studies;09-12;CTT;28;1;28.00;28;28
K344;Rachel Carson High School for Coastal Studies;09-12;CTT;95;3;31.70;28;34
K344;Rachel Carson High School for Coastal Studies;09-12;CTT;66;2;33.00;33;33
K344;Rachel Carson High School for Coastal Studies;09-12;CTT;65;2;32.50;31;34
K344;Rachel Carson High School for Coastal Studies;09-12;CTT;33;1;33.00;33;33
K344;Rachel Carson High School for Coastal Studies;;;0;0;.00;0;0
