SCHOOL CODE;SCHOOL NAME;GRADE ;PROGRAM TYPE;NUMBER OF STUDENTS   SEATS FILLED;NUMBER OF SECTIONS;AVERAGE CLASS SIZE;SIZE OF SMALLEST CLASS;SIZE OF LARGEST CLASS
K345;P.S. 345 Patrolman Robert Bolden;0K;GEN ED;98;5;19.60;18;20
K345;P.S. 345 Patrolman Robert Bolden;01;GEN ED;97;5;19.40;18;21
K345;P.S. 345 Patrolman Robert Bolden;02;GEN ED;95;4;23.80;22;25
K345;P.S. 345 Patrolman Robert Bolden;03;GEN ED;87;5;17.40;17;18
K345;P.S. 345 Patrolman Robert Bolden;04;GEN ED;86;4;21.50;20;22
K345;P.S. 345 Patrolman Robert Bolden;04;CTT;21;1;21.00;21;21
K345;P.S. 345 Patrolman Robert Bolden;05;GEN ED;83;4;20.80;20;21
K345;P.S. 345 Patrolman Robert Bolden;0K-09;SPEC ED;43;4;10.80;10;12
K345;P.S. 345 Patrolman Robert Bolden;;;0;0;.00;0;0
