SCHOOL CODE;SCHOOL NAME;GRADE ;PROGRAM TYPE;NUMBER OF STUDENTS   SEATS FILLED;NUMBER OF SECTIONS;AVERAGE CLASS SIZE;SIZE OF SMALLEST CLASS;SIZE OF LARGEST CLASS
K346;P.S. 346 Abe Stark;;;0;0;.00;0;0
K346;P.S. 346 Abe Stark;0K;GEN ED;91;5;18.20;17;20
K346;P.S. 346 Abe Stark;01;GEN ED;110;5;22.00;20;24
K346;P.S. 346 Abe Stark;02;GEN ED;99;5;19.80;17;21
K346;P.S. 346 Abe Stark;03;GEN ED;114;5;22.80;21;24
K346;P.S. 346 Abe Stark;04;GEN ED;119;5;23.80;23;26
K346;P.S. 346 Abe Stark;05;GEN ED;114;6;19.00;16;22
K346;P.S. 346 Abe Stark;0K-09;SPEC ED;12;1;12.00;12;12
K346;P.S. 346 Abe Stark;0K-09;SPEC ED;42;4;10.50;8;13
