SCHOOL CODE;SCHOOL NAME;GRADE ;PROGRAM TYPE;NUMBER OF STUDENTS   SEATS FILLED;NUMBER OF SECTIONS;AVERAGE CLASS SIZE;SIZE OF SMALLEST CLASS;SIZE OF LARGEST CLASS
K347;I.S. 347 School of Humanities;06;GEN ED;110;4;27.50;24;30
K347;I.S. 347 School of Humanities;06;CTT;22;1;22.00;22;22
K347;I.S. 347 School of Humanities;07;GEN ED;149;5;29.80;27;32
K347;I.S. 347 School of Humanities;07;CTT;28;1;28.00;28;28
K347;I.S. 347 School of Humanities;08;GEN ED;117;4;29.30;28;30
K347;I.S. 347 School of Humanities;08;CTT;28;1;28.00;28;28
K347;I.S. 347 School of Humanities;0K-09;SPEC ED;14;2;7.00;6;8
K347;I.S. 347 School of Humanities;0K-09;SPEC ED;14;2;7.00;3;11
K347;I.S. 347 School of Humanities;MS Core;GEN ED;351;12;29.30;25;32
K347;I.S. 347 School of Humanities;MS Core;GEN ED;321;11;29.20;25;32
K347;I.S. 347 School of Humanities;MS Core;GEN ED;237;8;29.60;25;32
K347;I.S. 347 School of Humanities;MS Core;GEN ED;199;7;28.40;25;30
K347;I.S. 347 School of Humanities;MS Core;CTT;69;3;23.00;20;26
K347;I.S. 347 School of Humanities;MS Core;CTT;43;2;21.50;20;23
K347;I.S. 347 School of Humanities;MS Core;CTT;20;1;20.00;20;20
K347;I.S. 347 School of Humanities;;;0;0;.00;0;0
