SCHOOL CODE;SCHOOL NAME;GRADE ;PROGRAM TYPE;NUMBER OF STUDENTS   SEATS FILLED;NUMBER OF SECTIONS;AVERAGE CLASS SIZE;SIZE OF SMALLEST CLASS;SIZE OF LARGEST CLASS
K348;High School of Sports Management;09-12;GEN ED;68;3;22.70;18;25
K348;High School of Sports Management;09-12;GEN ED;109;4;27.30;25;30
K348;High School of Sports Management;09-12;GEN ED;31;1;31.00;31;31
K348;High School of Sports Management;09-12;GEN ED;58;3;19.30;16;22
K348;High School of Sports Management;09-12;GEN ED;94;3;31.30;29;35
K348;High School of Sports Management;09-12;GEN ED;36;1;36.00;36;36
K348;High School of Sports Management;09-12;GEN ED;166;6;27.70;25;29
K348;High School of Sports Management;09-12;GEN ED;133;6;22.20;18;26
K348;High School of Sports Management;09-12;GEN ED;48;2;24.00;24;24
K348;High School of Sports Management;09-12;GEN ED;38;2;19.00;19;19
K348;High School of Sports Management;09-12;GEN ED;150;6;25.00;20;34
K348;High School of Sports Management;09-12;GEN ED;30;1;30.00;30;30
K348;High School of Sports Management;09-12;GEN ED;28;1;28.00;28;28
K348;High School of Sports Management;09-12;GEN ED;26;1;26.00;26;26
K348;High School of Sports Management;09-12;CTT;22;1;22.00;22;22
K348;High School of Sports Management;09-12;CTT;80;3;26.70;25;29
K348;High School of Sports Management;09-12;CTT;60;2;30.00;29;31
K348;High School of Sports Management;09-12;CTT;49;2;24.50;19;30
K348;High School of Sports Management;09-12;CTT;31;1;31.00;31;31
K348;High School of Sports Management;09-12;CTT;43;2;21.50;19;24
K348;High School of Sports Management;09-12;CTT;58;2;29.00;25;33
K348;High School of Sports Management;09-12;CTT;56;2;28.00;28;28
K348;High School of Sports Management;09-12;CTT;40;2;20.00;20;20
K348;High School of Sports Management;09-12;CTT;57;2;28.50;28;29
K348;High School of Sports Management;09-12;CTT;23;1;23.00;23;23
K348;High School of Sports Management;09-12;CTT;55;2;27.50;26;29
K348;High School of Sports Management;09-12;CTT;63;2;31.50;28;35
K348;High School of Sports Management;09-12;CTT;18;1;18.00;18;18
K348;High School of Sports Management;;;0;0;.00;0;0
