SCHOOL CODE;SCHOOL NAME;GRADE ;PROGRAM TYPE;NUMBER OF STUDENTS   SEATS FILLED;NUMBER OF SECTIONS;AVERAGE CLASS SIZE;SIZE OF SMALLEST CLASS;SIZE OF LARGEST CLASS
K349;I.S. 349 Math, Science & Tech.;06;GEN ED;144;5;28.80;24;31
K349;I.S. 349 Math, Science & Tech.;06;CTT;21;1;21.00;21;21
K349;I.S. 349 Math, Science & Tech.;07;GEN ED;152;6;25.30;18;29
K349;I.S. 349 Math, Science & Tech.;08;GEN ED;186;7;26.60;17;32
K349;I.S. 349 Math, Science & Tech.;0K-09;SPEC ED;30;4;7.50;5;10
K349;I.S. 349 Math, Science & Tech.;;;0;0;.00;0;0
