SCHOOL CODE;SCHOOL NAME;GRADE ;PROGRAM TYPE;NUMBER OF STUDENTS   SEATS FILLED;NUMBER OF SECTIONS;AVERAGE CLASS SIZE;SIZE OF SMALLEST CLASS;SIZE OF LARGEST CLASS
K350;Urban Assembly High School of Music and Art at Water's Edge;09-12;GEN ED;68;3;22.70;21;25
K350;Urban Assembly High School of Music and Art at Water's Edge;09-12;GEN ED;78;3;26.00;25;27
K350;Urban Assembly High School of Music and Art at Water's Edge;09-12;GEN ED;62;3;20.70;19;22
K350;Urban Assembly High School of Music and Art at Water's Edge;09-12;GEN ED;74;4;18.50;14;25
K350;Urban Assembly High School of Music and Art at Water's Edge;09-12;GEN ED;67;3;22.30;21;24
K350;Urban Assembly High School of Music and Art at Water's Edge;09-12;GEN ED;61;3;20.30;20;21
K350;Urban Assembly High School of Music and Art at Water's Edge;09-12;GEN ED;80;3;26.70;26;28
K350;Urban Assembly High School of Music and Art at Water's Edge;09-12;GEN ED;76;4;19.00;15;25
K350;Urban Assembly High School of Music and Art at Water's Edge;09-12;GEN ED;146;6;24.30;21;27
K350;Urban Assembly High School of Music and Art at Water's Edge;09-12;GEN ED;207;8;25.90;14;72
K350;Urban Assembly High School of Music and Art at Water's Edge;09-12;GEN ED;147;6;24.50;21;28
K350;Urban Assembly High School of Music and Art at Water's Edge;09-12;GEN ED;75;4;18.80;14;22
K350;Urban Assembly High School of Music and Art at Water's Edge;09-12;GEN ED;74;4;18.50;14;25
K350;Urban Assembly High School of Music and Art at Water's Edge;09-12;CTT;17;1;17.00;17;17
K350;Urban Assembly High School of Music and Art at Water's Edge;09-12;CTT;29;1;29.00;29;29
K350;Urban Assembly High School of Music and Art at Water's Edge;09-12;CTT;25;1;25.00;25;25
K350;Urban Assembly High School of Music and Art at Water's Edge;09-12;CTT;17;1;17.00;17;17
K350;Urban Assembly High School of Music and Art at Water's Edge;09-12;CTT;25;1;25.00;25;25
K350;Urban Assembly High School of Music and Art at Water's Edge;09-12;CTT;28;1;28.00;28;28
K350;Urban Assembly High School of Music and Art at Water's Edge;09-12;CTT;46;2;23.00;17;29
K350;Urban Assembly High School of Music and Art at Water's Edge;09-12;CTT;111;2;55.50;24;87
K350;Urban Assembly High School of Music and Art at Water's Edge;09-12;CTT;47;2;23.50;18;29
K350;Urban Assembly High School of Music and Art at Water's Edge;09-12;CTT;25;1;25.00;25;25
K350;Urban Assembly High School of Music and Art at Water's Edge;09-12;SPEC ED;11;1;11.00;11;11
K350;Urban Assembly High School of Music and Art at Water's Edge;09-12;SPEC ED;11;1;11.00;11;11
K350;Urban Assembly High School of Music and Art at Water's Edge;09-12;SPEC ED;11;1;11.00;11;11
K350;Urban Assembly High School of Music and Art at Water's Edge;09-12;SPEC ED;11;1;11.00;11;11
K350;Urban Assembly High School of Music and Art at Water's Edge;;;0;0;.00;0;0
