SCHOOL CODE;SCHOOL NAME;GRADE ;PROGRAM TYPE;NUMBER OF STUDENTS   SEATS FILLED;NUMBER OF SECTIONS;AVERAGE CLASS SIZE;SIZE OF SMALLEST CLASS;SIZE OF LARGEST CLASS
K352;Ebbets Field Middle School;06;GEN ED;78;3;26.00;22;28
K352;Ebbets Field Middle School;06;CTT;26;1;26.00;26;26
K352;Ebbets Field Middle School;07;GEN ED;91;3;30.30;29;32
K352;Ebbets Field Middle School;07;CTT;25;1;25.00;25;25
K352;Ebbets Field Middle School;08;GEN ED;99;3;33.00;31;34
K352;Ebbets Field Middle School;08;CTT;26;1;26.00;26;26
K352;Ebbets Field Middle School;0K-09;SPEC ED;18;2;9.00;7;11
K352;Ebbets Field Middle School;0K-09;SPEC ED;12;2;6.00;2;10
K352;Ebbets Field Middle School;MS Core;GEN ED;395;13;30.40;24;35
K352;Ebbets Field Middle School;MS Core;GEN ED;331;11;30.10;24;35
K352;Ebbets Field Middle School;MS Core;GEN ED;331;11;30.10;24;35
K352;Ebbets Field Middle School;MS Core;GEN ED;331;11;30.10;24;35
K352;Ebbets Field Middle School;MS Core;CTT;51;2;25.50;23;28
K352;Ebbets Field Middle School;MS Core;CTT;51;2;25.50;23;28
K352;Ebbets Field Middle School;MS Core;CTT;51;2;25.50;23;28
K352;Ebbets Field Middle School;MS Core;CTT;51;2;25.50;23;28
K352;Ebbets Field Middle School;MS Core;SPEC ED;22;2;11.00;11;11
K352;Ebbets Field Middle School;MS Core;SPEC ED;33;3;11.00;11;11
K352;Ebbets Field Middle School;MS Core;SPEC ED;22;2;11.00;11;11
K352;Ebbets Field Middle School;MS Core;SPEC ED;22;2;11.00;11;11
K352;Ebbets Field Middle School;;;0;0;.00;0;0
