SCHOOL CODE;SCHOOL NAME;GRADE ;PROGRAM TYPE;NUMBER OF STUDENTS   SEATS FILLED;NUMBER OF SECTIONS;AVERAGE CLASS SIZE;SIZE OF SMALLEST CLASS;SIZE OF LARGEST CLASS
K353;Elijah Stroud Middle School;06;GEN ED;46;2;23.00;22;24
K353;Elijah Stroud Middle School;07;GEN ED;30;2;15.00;14;16
K353;Elijah Stroud Middle School;08;GEN ED;39;2;19.50;19;20
K353;Elijah Stroud Middle School;0K-09;SPEC ED;33;4;8.30;3;12
K353;Elijah Stroud Middle School;MS Core;GEN ED;113;6;18.80;13;23
K353;Elijah Stroud Middle School;MS Core;GEN ED;93;5;18.60;13;23
K353;Elijah Stroud Middle School;MS Core;GEN ED;19;1;19.00;19;19
K353;Elijah Stroud Middle School;MS Core;GEN ED;113;6;18.80;13;23
K353;Elijah Stroud Middle School;MS Core;GEN ED;113;6;18.80;13;23
K353;Elijah Stroud Middle School;MS Core;SPEC ED;31;3;10.30;9;12
K353;Elijah Stroud Middle School;MS Core;SPEC ED;31;3;10.30;9;12
K353;Elijah Stroud Middle School;MS Core;SPEC ED;31;3;10.30;9;12
K353;Elijah Stroud Middle School;MS Core;SPEC ED;31;3;10.30;9;12
K353;Elijah Stroud Middle School;09-12;GEN ED;68;4;17.00;13;20
K353;Elijah Stroud Middle School;09-12;GEN ED;19;1;19.00;19;19
K353;Elijah Stroud Middle School;09-12;SPEC ED;9;1;9.00;9;9
K353;Elijah Stroud Middle School;;;0;0;.00;0;0
