SCHOOL CODE;SCHOOL NAME;GRADE ;PROGRAM TYPE;NUMBER OF STUDENTS   SEATS FILLED;NUMBER OF SECTIONS;AVERAGE CLASS SIZE;SIZE OF SMALLEST CLASS;SIZE OF LARGEST CLASS
K354;The School of Integrated Learning;06;GEN ED;57;2;28.50;28;29
K354;The School of Integrated Learning;06;CTT;20;1;20.00;20;20
K354;The School of Integrated Learning;07;GEN ED;54;2;27.00;26;28
K354;The School of Integrated Learning;07;CTT;22;1;22.00;22;22
K354;The School of Integrated Learning;08;GEN ED;58;2;29.00;29;29
K354;The School of Integrated Learning;08;CTT;15;1;15.00;15;15
K354;The School of Integrated Learning;0K-09;SPEC ED;21;2;10.50;9;12
K354;The School of Integrated Learning;0K-09;SPEC ED;12;1;12.00;12;12
K354;The School of Integrated Learning;MS Core;GEN ED;169;6;28.20;28;29
K354;The School of Integrated Learning;MS Core;GEN ED;224;8;28.00;27;29
K354;The School of Integrated Learning;MS Core;GEN ED;14;1;14.00;14;14
K354;The School of Integrated Learning;MS Core;GEN ED;169;6;28.20;28;29
K354;The School of Integrated Learning;MS Core;GEN ED;169;6;28.20;28;29
K354;The School of Integrated Learning;MS Core;CTT;55;3;18.30;15;21
K354;The School of Integrated Learning;MS Core;CTT;95;5;19.00;15;21
K354;The School of Integrated Learning;MS Core;CTT;55;3;18.30;15;21
K354;The School of Integrated Learning;MS Core;CTT;55;3;18.30;15;21
K354;The School of Integrated Learning;MS Core;SPEC ED;24;2;12.00;12;12
K354;The School of Integrated Learning;MS Core;SPEC ED;24;2;12.00;12;12
K354;The School of Integrated Learning;MS Core;SPEC ED;24;2;12.00;12;12
K354;The School of Integrated Learning;MS Core;SPEC ED;24;2;12.00;12;12
K354;The School of Integrated Learning;09-12;GEN ED;112;4;28.00;28;28
K354;The School of Integrated Learning;09-12;GEN ED;14;1;14.00;14;14
K354;The School of Integrated Learning;09-12;CTT;19;1;19.00;19;19
K354;The School of Integrated Learning;09-12;SPEC ED;12;1;12.00;12;12
K354;The School of Integrated Learning;;;0;0;.00;0;0
