SCHOOL CODE;SCHOOL NAME;GRADE ;PROGRAM TYPE;NUMBER OF STUDENTS   SEATS FILLED;NUMBER OF SECTIONS;AVERAGE CLASS SIZE;SIZE OF SMALLEST CLASS;SIZE OF LARGEST CLASS
K361;P.S. 361 East Flatbush Early Childhood School;0K;GEN ED;142;6;23.70;22;25
K361;P.S. 361 East Flatbush Early Childhood School;0K;CTT;21;1;21.00;21;21
K361;P.S. 361 East Flatbush Early Childhood School;01;GEN ED;162;7;23.10;22;24
K361;P.S. 361 East Flatbush Early Childhood School;01;CTT;20;1;20.00;20;20
K361;P.S. 361 East Flatbush Early Childhood School;02;GEN ED;154;6;25.70;24;27
K361;P.S. 361 East Flatbush Early Childhood School;02;CTT;24;1;24.00;24;24
K361;P.S. 361 East Flatbush Early Childhood School;0K-09;SPEC ED;30;3;10.00;9;12
K361;P.S. 361 East Flatbush Early Childhood School;;;0;0;.00;0;0
