SCHOOL CODE;SCHOOL NAME;GRADE ;PROGRAM TYPE;NUMBER OF STUDENTS   SEATS FILLED;NUMBER OF SECTIONS;AVERAGE CLASS SIZE;SIZE OF SMALLEST CLASS;SIZE OF LARGEST CLASS
K364;I.S. 364 Gateway;06;GEN ED;114;4;28.50;27;30
K364;I.S. 364 Gateway;07;GEN ED;121;4;30.30;28;31
K364;I.S. 364 Gateway;08;GEN ED;138;5;27.60;22;30
K364;I.S. 364 Gateway;0K-09;SPEC ED;25;3;8.30;7;9
K364;I.S. 364 Gateway;MS Core;GEN ED;371;13;28.50;21;31
K364;I.S. 364 Gateway;MS Core;GEN ED;371;13;28.50;21;31
K364;I.S. 364 Gateway;MS Core;GEN ED;371;13;28.50;21;31
K364;I.S. 364 Gateway;MS Core;GEN ED;371;13;28.50;21;31
K364;I.S. 364 Gateway;09-12;GEN ED;29;1;29.00;29;29
K364;I.S. 364 Gateway;09-12;GEN ED;259;9;28.80;21;31
K364;I.S. 364 Gateway;;;0;0;.00;0;0
