SCHOOL CODE;SCHOOL NAME;GRADE ;PROGRAM TYPE;NUMBER OF STUDENTS   SEATS FILLED;NUMBER OF SECTIONS;AVERAGE CLASS SIZE;SIZE OF SMALLEST CLASS;SIZE OF LARGEST CLASS
K366;THE SCIENCE AND MEDICINE MIDDLE SCHOOL;06;GEN ED;63;2;31.50;30;33
K366;THE SCIENCE AND MEDICINE MIDDLE SCHOOL;06;CTT;31;1;31.00;31;31
K366;THE SCIENCE AND MEDICINE MIDDLE SCHOOL;07;GEN ED;74;3;24.70;19;28
K366;THE SCIENCE AND MEDICINE MIDDLE SCHOOL;07;CTT;25;1;25.00;25;25
K366;THE SCIENCE AND MEDICINE MIDDLE SCHOOL;0K-09;SPEC ED;10;2;5.00;2;8
K366;THE SCIENCE AND MEDICINE MIDDLE SCHOOL;MS Core;GEN ED;137;5;27.40;19;33
K366;THE SCIENCE AND MEDICINE MIDDLE SCHOOL;MS Core;GEN ED;137;5;27.40;19;33
K366;THE SCIENCE AND MEDICINE MIDDLE SCHOOL;MS Core;CTT;56;2;28.00;25;31
K366;THE SCIENCE AND MEDICINE MIDDLE SCHOOL;MS Core;CTT;56;2;28.00;25;31
K366;THE SCIENCE AND MEDICINE MIDDLE SCHOOL;MS Core;SPEC ED;8;1;8.00;8;8
K366;THE SCIENCE AND MEDICINE MIDDLE SCHOOL;MS Core;SPEC ED;8;1;8.00;8;8
K366;THE SCIENCE AND MEDICINE MIDDLE SCHOOL;;;0;0;.00;0;0
