SCHOOL CODE;SCHOOL NAME;GRADE ;PROGRAM TYPE;NUMBER OF STUDENTS   SEATS FILLED;NUMBER OF SECTIONS;AVERAGE CLASS SIZE;SIZE OF SMALLEST CLASS;SIZE OF LARGEST CLASS
K375;P.S. 375 Jackie-Robinson School;0K;GEN ED;48;2;24.00;24;24
K375;P.S. 375 Jackie-Robinson School;0K;CTT;22;1;22.00;22;22
K375;P.S. 375 Jackie-Robinson School;01;GEN ED;42;2;21.00;21;21
K375;P.S. 375 Jackie-Robinson School;01;CTT;22;1;22.00;22;22
K375;P.S. 375 Jackie-Robinson School;02;GEN ED;54;2;27.00;27;27
K375;P.S. 375 Jackie-Robinson School;02;CTT;24;1;24.00;24;24
K375;P.S. 375 Jackie-Robinson School;03;GEN ED;45;2;22.50;22;23
K375;P.S. 375 Jackie-Robinson School;03;CTT;21;1;21.00;21;21
K375;P.S. 375 Jackie-Robinson School;03;G&T;22;1;22.00;22;22
K375;P.S. 375 Jackie-Robinson School;04;GEN ED;68;3;22.70;22;24
K375;P.S. 375 Jackie-Robinson School;04;G&T;23;1;23.00;23;23
K375;P.S. 375 Jackie-Robinson School;05;GEN ED;50;2;25.00;24;26
K375;P.S. 375 Jackie-Robinson School;05;CTT;27;1;27.00;27;27
K375;P.S. 375 Jackie-Robinson School;05;G&T;25;1;25.00;25;25
K375;P.S. 375 Jackie-Robinson School;0K-09;SPEC ED;42;4;10.50;6;13
K375;P.S. 375 Jackie-Robinson School;;;0;0;.00;0;0
