SCHOOL CODE;SCHOOL NAME;GRADE ;PROGRAM TYPE;NUMBER OF STUDENTS   SEATS FILLED;NUMBER OF SECTIONS;AVERAGE CLASS SIZE;SIZE OF SMALLEST CLASS;SIZE OF LARGEST CLASS
K377;P.S. 377 Alejandrina B. De Gautier;0K;GEN ED;25;1;25.00;25;25
K377;P.S. 377 Alejandrina B. De Gautier;0K;CTT;22;1;22.00;22;22
K377;P.S. 377 Alejandrina B. De Gautier;01;GEN ED;46;2;23.00;18;28
K377;P.S. 377 Alejandrina B. De Gautier;01;CTT;25;1;25.00;25;25
K377;P.S. 377 Alejandrina B. De Gautier;02;GEN ED;75;3;25.00;24;26
K377;P.S. 377 Alejandrina B. De Gautier;03;GEN ED;51;2;25.50;25;26
K377;P.S. 377 Alejandrina B. De Gautier;03;CTT;25;1;25.00;25;25
K377;P.S. 377 Alejandrina B. De Gautier;04;GEN ED;58;2;29.00;28;30
K377;P.S. 377 Alejandrina B. De Gautier;04;CTT;26;1;26.00;26;26
K377;P.S. 377 Alejandrina B. De Gautier;05;GEN ED;56;2;28.00;28;28
K377;P.S. 377 Alejandrina B. De Gautier;05;CTT;25;1;25.00;25;25
K377;P.S. 377 Alejandrina B. De Gautier;06;GEN ED;62;2;31.00;30;32
K377;P.S. 377 Alejandrina B. De Gautier;06;CTT;29;1;29.00;29;29
K377;P.S. 377 Alejandrina B. De Gautier;07;GEN ED;61;2;30.50;30;31
K377;P.S. 377 Alejandrina B. De Gautier;07;CTT;31;1;31.00;31;31
K377;P.S. 377 Alejandrina B. De Gautier;08;GEN ED;79;3;26.30;25;28
K377;P.S. 377 Alejandrina B. De Gautier;0K-09;SPEC ED;3;1;3.00;3;3
K377;P.S. 377 Alejandrina B. De Gautier;0K-09;SPEC ED;22;2;11.00;10;12
K377;P.S. 377 Alejandrina B. De Gautier;MS Core;GEN ED;203;7;29.00;24;32
K377;P.S. 377 Alejandrina B. De Gautier;MS Core;GEN ED;203;7;29.00;24;32
K377;P.S. 377 Alejandrina B. De Gautier;MS Core;GEN ED;203;7;29.00;24;32
K377;P.S. 377 Alejandrina B. De Gautier;MS Core;GEN ED;203;7;29.00;24;32
K377;P.S. 377 Alejandrina B. De Gautier;MS Core;CTT;60;2;30.00;29;31
K377;P.S. 377 Alejandrina B. De Gautier;MS Core;CTT;60;2;30.00;29;31
K377;P.S. 377 Alejandrina B. De Gautier;MS Core;CTT;60;2;30.00;29;31
K377;P.S. 377 Alejandrina B. De Gautier;MS Core;CTT;60;2;30.00;29;31
K377;P.S. 377 Alejandrina B. De Gautier;MS Core;SPEC ED;12;1;12.00;12;12
K377;P.S. 377 Alejandrina B. De Gautier;MS Core;SPEC ED;12;1;12.00;12;12
K377;P.S. 377 Alejandrina B. De Gautier;09-12;GEN ED;62;2;31.00;30;32
K377;P.S. 377 Alejandrina B. De Gautier;09-12;CTT;29;1;29.00;29;29
K377;P.S. 377 Alejandrina B. De Gautier;;;0;0;.00;0;0
