SCHOOL CODE;SCHOOL NAME;GRADE ;PROGRAM TYPE;NUMBER OF STUDENTS   SEATS FILLED;NUMBER OF SECTIONS;AVERAGE CLASS SIZE;SIZE OF SMALLEST CLASS;SIZE OF LARGEST CLASS
K380;P.S. 380 John Wayne Elementary;0K;GEN ED;74;4;18.50;17;20
K380;P.S. 380 John Wayne Elementary;01;GEN ED;86;4;21.50;21;22
K380;P.S. 380 John Wayne Elementary;02;GEN ED;79;4;19.80;19;21
K380;P.S. 380 John Wayne Elementary;03;GEN ED;87;4;21.80;21;22
K380;P.S. 380 John Wayne Elementary;04;GEN ED;68;3;22.70;22;23
K380;P.S. 380 John Wayne Elementary;05;GEN ED;74;3;24.70;24;25
K380;P.S. 380 John Wayne Elementary;0K-09;SPEC ED;61;6;10.20;8;12
K380;P.S. 380 John Wayne Elementary;;;0;0;.00;0;0
