SCHOOL CODE;SCHOOL NAME;GRADE ;PROGRAM TYPE;NUMBER OF STUDENTS   SEATS FILLED;NUMBER OF SECTIONS;AVERAGE CLASS SIZE;SIZE OF SMALLEST CLASS;SIZE OF LARGEST CLASS
K381;I. S. 381;06;GEN ED;108;4;27.00;22;31
K381;I. S. 381;06;CTT;28;1;28.00;28;28
K381;I. S. 381;07;GEN ED;105;4;26.30;23;28
K381;I. S. 381;07;CTT;27;1;27.00;27;27
K381;I. S. 381;08;GEN ED;106;4;26.50;18;30
K381;I. S. 381;08;CTT;28;1;28.00;28;28
K381;I. S. 381;0K-09;SPEC ED;12;1;12.00;12;12
K381;I. S. 381;MS Core;GEN ED;324;12;27.00;18;31
K381;I. S. 381;MS Core;GEN ED;324;12;27.00;18;31
K381;I. S. 381;MS Core;GEN ED;324;12;27.00;18;31
K381;I. S. 381;MS Core;GEN ED;324;12;27.00;18;31
K381;I. S. 381;MS Core;CTT;81;3;27.00;26;28
K381;I. S. 381;MS Core;CTT;81;3;27.00;26;28
K381;I. S. 381;MS Core;CTT;81;3;27.00;26;28
K381;I. S. 381;MS Core;CTT;81;3;27.00;26;28
K381;I. S. 381;;;0;0;.00;0;0
