SCHOOL CODE;SCHOOL NAME;GRADE ;PROGRAM TYPE;NUMBER OF STUDENTS   SEATS FILLED;NUMBER OF SECTIONS;AVERAGE CLASS SIZE;SIZE OF SMALLEST CLASS;SIZE OF LARGEST CLASS
K382;Academy for College Preparation and Career Exploration: A College Board School;06;GEN ED;49;3;16.30;14;19
K382;Academy for College Preparation and Career Exploration: A College Board School;06;CTT;7;1;7.00;7;7
K382;Academy for College Preparation and Career Exploration: A College Board School;07;GEN ED;76;3;25.30;23;27
K382;Academy for College Preparation and Career Exploration: A College Board School;08;GEN ED;74;3;24.70;22;27
K382;Academy for College Preparation and Career Exploration: A College Board School;0K-09;SPEC ED;8;3;2.70;2;4
K382;Academy for College Preparation and Career Exploration: A College Board School;MS Core;GEN ED;187;8;23.40;16;27
K382;Academy for College Preparation and Career Exploration: A College Board School;MS Core;GEN ED;194;8;24.30;16;28
K382;Academy for College Preparation and Career Exploration: A College Board School;MS Core;GEN ED;194;8;24.30;16;28
K382;Academy for College Preparation and Career Exploration: A College Board School;MS Core;GEN ED;194;8;24.30;16;29
K382;Academy for College Preparation and Career Exploration: A College Board School;MS Core;CTT;21;1;21.00;21;21
K382;Academy for College Preparation and Career Exploration: A College Board School;MS Core;CTT;21;1;21.00;21;21
K382;Academy for College Preparation and Career Exploration: A College Board School;MS Core;CTT;20;1;20.00;20;20
K382;Academy for College Preparation and Career Exploration: A College Board School;MS Core;CTT;20;1;20.00;20;20
K382;Academy for College Preparation and Career Exploration: A College Board School;09-12;GEN ED;30;1;30.00;30;30
K382;Academy for College Preparation and Career Exploration: A College Board School;09-12;GEN ED;84;3;28.00;23;34
K382;Academy for College Preparation and Career Exploration: A College Board School;09-12;GEN ED;87;4;21.80;15;35
K382;Academy for College Preparation and Career Exploration: A College Board School;09-12;GEN ED;73;3;24.30;20;30
K382;Academy for College Preparation and Career Exploration: A College Board School;09-12;GEN ED;21;1;21.00;21;21
K382;Academy for College Preparation and Career Exploration: A College Board School;09-12;GEN ED;126;5;25.20;23;31
K382;Academy for College Preparation and Career Exploration: A College Board School;09-12;GEN ED;104;3;34.70;33;36
K382;Academy for College Preparation and Career Exploration: A College Board School;09-12;GEN ED;59;2;29.50;29;30
K382;Academy for College Preparation and Career Exploration: A College Board School;09-12;GEN ED;18;1;18.00;18;18
K382;Academy for College Preparation and Career Exploration: A College Board School;09-12;GEN ED;127;5;25.40;21;29
K382;Academy for College Preparation and Career Exploration: A College Board School;09-12;GEN ED;292;15;19.50;11;29
K382;Academy for College Preparation and Career Exploration: A College Board School;09-12;GEN ED;13;1;13.00;13;13
K382;Academy for College Preparation and Career Exploration: A College Board School;09-12;GEN ED;174;6;29.00;21;33
K382;Academy for College Preparation and Career Exploration: A College Board School;09-12;GEN ED;97;4;24.30;19;30
K382;Academy for College Preparation and Career Exploration: A College Board School;09-12;GEN ED;57;2;28.50;24;33
K382;Academy for College Preparation and Career Exploration: A College Board School;09-12;CTT;46;2;23.00;20;26
K382;Academy for College Preparation and Career Exploration: A College Board School;09-12;CTT;24;1;24.00;24;24
K382;Academy for College Preparation and Career Exploration: A College Board School;09-12;CTT;41;2;20.50;20;21
K382;Academy for College Preparation and Career Exploration: A College Board School;09-12;CTT;32;1;32.00;32;32
K382;Academy for College Preparation and Career Exploration: A College Board School;09-12;CTT;122;4;30.50;29;32
K382;Academy for College Preparation and Career Exploration: A College Board School;09-12;CTT;58;2;29.00;24;34
K382;Academy for College Preparation and Career Exploration: A College Board School;;;0;0;.00;0;0
