SCHOOL CODE;SCHOOL NAME;GRADE ;PROGRAM TYPE;NUMBER OF STUDENTS   SEATS FILLED;NUMBER OF SECTIONS;AVERAGE CLASS SIZE;SIZE OF SMALLEST CLASS;SIZE OF LARGEST CLASS
K383;J.H.S. 383 Philippa Schuyler;05;G&T;101;3;33.70;32;35
K383;J.H.S. 383 Philippa Schuyler;06;G&T;257;9;28.60;27;30
K383;J.H.S. 383 Philippa Schuyler;07;G&T;242;9;26.90;23;29
K383;J.H.S. 383 Philippa Schuyler;08;G&T;326;11;29.60;27;31
K383;J.H.S. 383 Philippa Schuyler;0K-09;SPEC ED;33;3;11.00;10;12
K383;J.H.S. 383 Philippa Schuyler;MS Core;GEN ED;927;33;28.10;21;35
K383;J.H.S. 383 Philippa Schuyler;MS Core;GEN ED;1109;44;25.20;12;35
K383;J.H.S. 383 Philippa Schuyler;MS Core;GEN ED;869;31;28.00;21;35
K383;J.H.S. 383 Philippa Schuyler;MS Core;GEN ED;27;1;27.00;27;27
K383;J.H.S. 383 Philippa Schuyler;MS Core;GEN ED;31;1;31.00;31;31
K383;J.H.S. 383 Philippa Schuyler;MS Core;GEN ED;927;33;28.10;22;35
K383;J.H.S. 383 Philippa Schuyler;MS Core;SPEC ED;33;3;11.00;10;12
K383;J.H.S. 383 Philippa Schuyler;MS Core;SPEC ED;66;6;11.00;10;12
K383;J.H.S. 383 Philippa Schuyler;MS Core;SPEC ED;33;3;11.00;10;12
K383;J.H.S. 383 Philippa Schuyler;MS Core;SPEC ED;33;3;11.00;10;12
K383;J.H.S. 383 Philippa Schuyler;09-12;GEN ED;358;12;29.80;28;35
K383;J.H.S. 383 Philippa Schuyler;09-12;GEN ED;213;8;26.60;22;32
K383;J.H.S. 383 Philippa Schuyler;09-12;GEN ED;182;11;16.50;12;27
K383;J.H.S. 383 Philippa Schuyler;09-12;GEN ED;54;2;27.00;27;27
K383;J.H.S. 383 Philippa Schuyler;09-12;GEN ED;62;2;31.00;31;31
K383;J.H.S. 383 Philippa Schuyler;09-12;GEN ED;59;2;29.50;29;30
K383;J.H.S. 383 Philippa Schuyler;09-12;SPEC ED;10;1;10.00;10;10
K383;J.H.S. 383 Philippa Schuyler;09-12;SPEC ED;23;2;11.50;11;12
K383;J.H.S. 383 Philippa Schuyler;;;0;0;.00;0;0
