SCHOOL CODE;SCHOOL NAME;GRADE ;PROGRAM TYPE;NUMBER OF STUDENTS   SEATS FILLED;NUMBER OF SECTIONS;AVERAGE CLASS SIZE;SIZE OF SMALLEST CLASS;SIZE OF LARGEST CLASS
K384;P.S. /I.S. 384 Frances E. Carter;0K;GEN ED;72;3;24.00;23;25
K384;P.S. /I.S. 384 Frances E. Carter;01;GEN ED;82;4;20.50;17;23
K384;P.S. /I.S. 384 Frances E. Carter;02;GEN ED;86;4;21.50;19;25
K384;P.S. /I.S. 384 Frances E. Carter;03;GEN ED;81;3;27.00;26;28
K384;P.S. /I.S. 384 Frances E. Carter;04;GEN ED;57;2;28.50;28;29
K384;P.S. /I.S. 384 Frances E. Carter;04;CTT;28;1;28.00;28;28
K384;P.S. /I.S. 384 Frances E. Carter;05;GEN ED;57;2;28.50;28;29
K384;P.S. /I.S. 384 Frances E. Carter;06;GEN ED;63;3;21.00;17;26
K384;P.S. /I.S. 384 Frances E. Carter;07;GEN ED;51;2;25.50;24;27
K384;P.S. /I.S. 384 Frances E. Carter;08;GEN ED;29;1;29.00;29;29
K384;P.S. /I.S. 384 Frances E. Carter;08;CTT;25;1;25.00;25;25
K384;P.S. /I.S. 384 Frances E. Carter;0K-09;SPEC ED;57;6;9.50;7;13
K384;P.S. /I.S. 384 Frances E. Carter;;;0;0;.00;0;0
