SCHOOL CODE;SCHOOL NAME;GRADE ;PROGRAM TYPE;NUMBER OF STUDENTS   SEATS FILLED;NUMBER OF SECTIONS;AVERAGE CLASS SIZE;SIZE OF SMALLEST CLASS;SIZE OF LARGEST CLASS
K385;School of Business, Finance and Entrepreneurship;;;0;0;.00;0;0
K385;School of Business, Finance and Entrepreneurship;06;GEN ED;43;2;21.50;21;22
K385;School of Business, Finance and Entrepreneurship;06;CTT;17;1;17.00;17;17
K385;School of Business, Finance and Entrepreneurship;07;GEN ED;36;2;18.00;15;21
K385;School of Business, Finance and Entrepreneurship;07;CTT;18;1;18.00;18;18
K385;School of Business, Finance and Entrepreneurship;08;GEN ED;43;2;21.50;19;24
K385;School of Business, Finance and Entrepreneurship;08;CTT;17;1;17.00;17;17
K385;School of Business, Finance and Entrepreneurship;0K-09;SPEC ED;12;1;12.00;12;12
K385;School of Business, Finance and Entrepreneurship;0K-09;SPEC ED;32;3;10.70;10;12
