SCHOOL CODE;SCHOOL NAME;GRADE ;PROGRAM TYPE;NUMBER OF STUDENTS   SEATS FILLED;NUMBER OF SECTIONS;AVERAGE CLASS SIZE;SIZE OF SMALLEST CLASS;SIZE OF LARGEST CLASS
K392;I.S. 392;08;GEN ED;84;3;28.00;26;30
K392;I.S. 392;05;GEN ED;21;1;21.00;21;21
K392;I.S. 392;06;GEN ED;76;3;25.30;25;26
K392;I.S. 392;07;GEN ED;102;4;25.50;22;28
K392;I.S. 392;0K-09;SPEC ED;10;2;5.00;5;5
K392;I.S. 392;MS Core;GEN ED;283;11;25.70;21;30
K392;I.S. 392;MS Core;GEN ED;227;9;25.20;21;28
K392;I.S. 392;MS Core;GEN ED;56;2;28.00;26;30
K392;I.S. 392;MS Core;GEN ED;283;11;25.70;21;30
K392;I.S. 392;MS Core;GEN ED;283;11;25.70;21;30
K392;I.S. 392;;;0;0;.00;0;0
