SCHOOL CODE;SCHOOL NAME;GRADE ;PROGRAM TYPE;NUMBER OF STUDENTS   SEATS FILLED;NUMBER OF SECTIONS;AVERAGE CLASS SIZE;SIZE OF SMALLEST CLASS;SIZE OF LARGEST CLASS
K393;Frederick Douglass Academy IV Secondary School;06;GEN ED;37;2;18.50;18;19
K393;Frederick Douglass Academy IV Secondary School;06;CTT;19;1;19.00;19;19
K393;Frederick Douglass Academy IV Secondary School;07;GEN ED;47;2;23.50;22;25
K393;Frederick Douglass Academy IV Secondary School;07;CTT;23;1;23.00;23;23
K393;Frederick Douglass Academy IV Secondary School;08;GEN ED;46;2;23.00;21;25
K393;Frederick Douglass Academy IV Secondary School;08;CTT;23;1;23.00;23;23
K393;Frederick Douglass Academy IV Secondary School;MS Core;GEN ED;198;9;22.00;19;26
K393;Frederick Douglass Academy IV Secondary School;MS Core;GEN ED;131;6;21.80;19;26
K393;Frederick Douglass Academy IV Secondary School;MS Core;GEN ED;131;6;21.80;19;26
K393;Frederick Douglass Academy IV Secondary School;MS Core;GEN ED;131;6;21.80;19;26
K393;Frederick Douglass Academy IV Secondary School;MS Core;CTT;106;5;21.20;18;23
K393;Frederick Douglass Academy IV Secondary School;MS Core;CTT;62;3;20.70;18;23
K393;Frederick Douglass Academy IV Secondary School;MS Core;CTT;62;3;20.70;18;23
K393;Frederick Douglass Academy IV Secondary School;MS Core;CTT;62;3;20.70;18;23
K393;Frederick Douglass Academy IV Secondary School;09-12;GEN ED;48;2;24.00;21;27
K393;Frederick Douglass Academy IV Secondary School;09-12;GEN ED;54;2;27.00;23;31
K393;Frederick Douglass Academy IV Secondary School;09-12;GEN ED;44;2;22.00;15;29
K393;Frederick Douglass Academy IV Secondary School;09-12;GEN ED;52;2;26.00;18;34
K393;Frederick Douglass Academy IV Secondary School;09-12;GEN ED;138;6;23.00;12;29
K393;Frederick Douglass Academy IV Secondary School;09-12;GEN ED;43;2;21.50;20;23
K393;Frederick Douglass Academy IV Secondary School;09-12;GEN ED;53;3;17.70;10;23
K393;Frederick Douglass Academy IV Secondary School;09-12;GEN ED;123;6;20.50;12;29
K393;Frederick Douglass Academy IV Secondary School;09-12;GEN ED;66;3;22.00;18;26
K393;Frederick Douglass Academy IV Secondary School;09-12;GEN ED;61;3;20.30;13;27
K393;Frederick Douglass Academy IV Secondary School;09-12;GEN ED;48;2;24.00;21;27
K393;Frederick Douglass Academy IV Secondary School;09-12;GEN ED;227;10;22.70;17;28
K393;Frederick Douglass Academy IV Secondary School;09-12;GEN ED;77;4;19.30;11;31
K393;Frederick Douglass Academy IV Secondary School;09-12;CTT;26;1;26.00;26;26
K393;Frederick Douglass Academy IV Secondary School;09-12;CTT;27;1;27.00;27;27
K393;Frederick Douglass Academy IV Secondary School;09-12;CTT;18;1;18.00;18;18
K393;Frederick Douglass Academy IV Secondary School;09-12;CTT;25;1;25.00;25;25
K393;Frederick Douglass Academy IV Secondary School;09-12;CTT;67;3;22.30;16;26
K393;Frederick Douglass Academy IV Secondary School;09-12;CTT;57;3;19.00;11;27
K393;Frederick Douglass Academy IV Secondary School;09-12;CTT;45;2;22.50;19;26
K393;Frederick Douglass Academy IV Secondary School;09-12;CTT;54;2;27.00;26;28
K393;Frederick Douglass Academy IV Secondary School;09-12;CTT;28;1;28.00;28;28
K393;Frederick Douglass Academy IV Secondary School;09-12;CTT;121;5;24.20;12;28
K393;Frederick Douglass Academy IV Secondary School;;;0;0;.00;0;0
