SCHOOL CODE;SCHOOL NAME;GRADE ;PROGRAM TYPE;NUMBER OF STUDENTS   SEATS FILLED;NUMBER OF SECTIONS;AVERAGE CLASS SIZE;SIZE OF SMALLEST CLASS;SIZE OF LARGEST CLASS
K394;M.S. K394;0K;GEN ED;63;3;21.00;19;22
K394;M.S. K394;01;GEN ED;59;3;19.70;18;22
K394;M.S. K394;02;GEN ED;77;3;25.70;25;27
K394;M.S. K394;03;GEN ED;67;3;22.30;22;23
K394;M.S. K394;04;GEN ED;58;2;29.00;29;29
K394;M.S. K394;05;GEN ED;24;1;24.00;24;24
K394;M.S. K394;05;CTT;26;1;26.00;26;26
K394;M.S. K394;06;GEN ED;57;2;28.50;28;29
K394;M.S. K394;06;CTT;29;1;29.00;29;29
K394;M.S. K394;07;GEN ED;53;2;26.50;26;27
K394;M.S. K394;07;CTT;23;1;23.00;23;23
K394;M.S. K394;08;GEN ED;50;2;25.00;24;26
K394;M.S. K394;08;CTT;25;1;25.00;25;25
K394;M.S. K394;0K-09;SPEC ED;23;2;11.50;11;12
K394;M.S. K394;MS Core;GEN ED;313;12;26.10;24;29
K394;M.S. K394;MS Core;GEN ED;338;13;26.00;24;29
K394;M.S. K394;MS Core;GEN ED;24;1;24.00;24;24
K394;M.S. K394;MS Core;GEN ED;157;6;26.20;24;29
K394;M.S. K394;MS Core;GEN ED;24;1;24.00;24;24
K394;M.S. K394;MS Core;GEN ED;157;6;26.20;24;29
K394;M.S. K394;MS Core;CTT;152;6;25.30;23;29
K394;M.S. K394;MS Core;CTT;152;6;25.30;23;29
K394;M.S. K394;MS Core;CTT;76;3;25.30;23;29
K394;M.S. K394;MS Core;CTT;76;3;25.30;23;29
K394;M.S. K394;09-12;GEN ED;57;2;28.50;28;29
K394;M.S. K394;09-12;CTT;24;1;24.00;24;24
K394;M.S. K394;;;0;0;.00;0;0
