SCHOOL CODE;SCHOOL NAME;GRADE ;PROGRAM TYPE;NUMBER OF STUDENTS   SEATS FILLED;NUMBER OF SECTIONS;AVERAGE CLASS SIZE;SIZE OF SMALLEST CLASS;SIZE OF LARGEST CLASS
K397;P.S. 397 Foster-Laurie;0K;GEN ED;48;2;24.00;23;25
K397;P.S. 397 Foster-Laurie;01;GEN ED;52;3;17.30;16;18
K397;P.S. 397 Foster-Laurie;02;GEN ED;69;3;23.00;23;23
K397;P.S. 397 Foster-Laurie;03;GEN ED;50;2;25.00;25;25
K397;P.S. 397 Foster-Laurie;03;CTT;27;1;27.00;27;27
K397;P.S. 397 Foster-Laurie;04;GEN ED;60;3;20.00;19;21
K397;P.S. 397 Foster-Laurie;05;GEN ED;49;2;24.50;24;25
K397;P.S. 397 Foster-Laurie;05;CTT;24;1;24.00;24;24
K397;P.S. 397 Foster-Laurie;;;0;0;.00;0;0
