SCHOOL CODE;SCHOOL NAME;GRADE ;PROGRAM TYPE;NUMBER OF STUDENTS   SEATS FILLED;NUMBER OF SECTIONS;AVERAGE CLASS SIZE;SIZE OF SMALLEST CLASS;SIZE OF LARGEST CLASS
K398;P.S. 398 Walter Weaver;0K;GEN ED;38;2;19.00;18;20
K398;P.S. 398 Walter Weaver;01;GEN ED;45;3;15.00;14;17
K398;P.S. 398 Walter Weaver;02;GEN ED;39;2;19.50;15;24
K398;P.S. 398 Walter Weaver;02;CTT;23;1;23.00;23;23
K398;P.S. 398 Walter Weaver;03;GEN ED;24;1;24.00;24;24
K398;P.S. 398 Walter Weaver;03;CTT;20;1;20.00;20;20
K398;P.S. 398 Walter Weaver;04;GEN ED;45;2;22.50;22;23
K398;P.S. 398 Walter Weaver;05;GEN ED;19;1;19.00;19;19
K398;P.S. 398 Walter Weaver;05;CTT;20;1;20.00;20;20
K398;P.S. 398 Walter Weaver;0K-09;SPEC ED;49;5;9.80;9;11
K398;P.S. 398 Walter Weaver;;;0;0;.00;0;0
