SCHOOL CODE;SCHOOL NAME;GRADE ;PROGRAM TYPE;NUMBER OF STUDENTS   SEATS FILLED;NUMBER OF SECTIONS;AVERAGE CLASS SIZE;SIZE OF SMALLEST CLASS;SIZE OF LARGEST CLASS
K399;P.S. 399 Stanley Eugene Clark;0K;GEN ED;75;3;25.00;24;26
K399;P.S. 399 Stanley Eugene Clark;01;GEN ED;86;3;28.70;28;29
K399;P.S. 399 Stanley Eugene Clark;02;GEN ED;78;3;26.00;25;28
K399;P.S. 399 Stanley Eugene Clark;03;GEN ED;86;3;28.70;26;32
K399;P.S. 399 Stanley Eugene Clark;04;GEN ED;96;3;32.00;31;34
K399;P.S. 399 Stanley Eugene Clark;05;GEN ED;94;3;31.30;30;32
K399;P.S. 399 Stanley Eugene Clark;0K-09;SPEC ED;9;1;9.00;9;9
K399;P.S. 399 Stanley Eugene Clark;;;0;0;.00;0;0
