SCHOOL CODE;SCHOOL NAME;GRADE ;PROGRAM TYPE;NUMBER OF STUDENTS   SEATS FILLED;NUMBER OF SECTIONS;AVERAGE CLASS SIZE;SIZE OF SMALLEST CLASS;SIZE OF LARGEST CLASS
K403;Academy for Environmental Leadership;09-12;GEN ED;127;6;21.20;17;26
K403;Academy for Environmental Leadership;09-12;GEN ED;20;1;20.00;20;20
K403;Academy for Environmental Leadership;09-12;GEN ED;11;1;11.00;11;11
K403;Academy for Environmental Leadership;09-12;GEN ED;45;2;22.50;18;27
K403;Academy for Environmental Leadership;09-12;GEN ED;62;3;20.70;18;25
K403;Academy for Environmental Leadership;09-12;GEN ED;122;5;24.40;18;32
K403;Academy for Environmental Leadership;09-12;GEN ED;28;1;28.00;28;28
K403;Academy for Environmental Leadership;09-12;GEN ED;146;7;20.90;13;29
K403;Academy for Environmental Leadership;09-12;GEN ED;12;1;12.00;12;12
K403;Academy for Environmental Leadership;09-12;GEN ED;98;4;24.50;19;31
K403;Academy for Environmental Leadership;09-12;GEN ED;192;8;24.00;18;31
K403;Academy for Environmental Leadership;09-12;GEN ED;34;1;34.00;34;34
K403;Academy for Environmental Leadership;09-12;GEN ED;53;2;26.50;22;31
K403;Academy for Environmental Leadership;09-12;GEN ED;82;4;20.50;16;27
K403;Academy for Environmental Leadership;09-12;GEN ED;99;4;24.80;13;32
K403;Academy for Environmental Leadership;09-12;GEN ED;141;6;23.50;18;34
K403;Academy for Environmental Leadership;09-12;CTT;25;1;25.00;25;25
K403;Academy for Environmental Leadership;09-12;CTT;18;1;18.00;18;18
K403;Academy for Environmental Leadership;09-12;CTT;18;1;18.00;18;18
K403;Academy for Environmental Leadership;09-12;CTT;33;1;33.00;33;33
K403;Academy for Environmental Leadership;09-12;CTT;21;1;21.00;21;21
K403;Academy for Environmental Leadership;09-12;CTT;18;1;18.00;18;18
K403;Academy for Environmental Leadership;09-12;CTT;31;1;31.00;31;31
K403;Academy for Environmental Leadership;09-12;CTT;29;1;29.00;29;29
K403;Academy for Environmental Leadership;09-12;CTT;30;1;30.00;30;30
K403;Academy for Environmental Leadership;09-12;CTT;20;1;20.00;20;20
K403;Academy for Environmental Leadership;09-12;SPEC ED;11;1;11.00;11;11
K403;Academy for Environmental Leadership;09-12;SPEC ED;14;1;14.00;14;14
K403;Academy for Environmental Leadership;09-12;SPEC ED;11;1;11.00;11;11
K403;Academy for Environmental Leadership;09-12;SPEC ED;25;2;12.50;12;13
K403;Academy for Environmental Leadership;;;0;0;.00;0;0
