SCHOOL CODE;SCHOOL NAME;GRADE ;PROGRAM TYPE;NUMBER OF STUDENTS   SEATS FILLED;NUMBER OF SECTIONS;AVERAGE CLASS SIZE;SIZE OF SMALLEST CLASS;SIZE OF LARGEST CLASS
K404;Academy for Young Writers;09-12;GEN ED;80;3;26.70;25;29
K404;Academy for Young Writers;09-12;GEN ED;90;4;22.50;20;26
K404;Academy for Young Writers;09-12;GEN ED;89;4;22.30;19;26
K404;Academy for Young Writers;09-12;GEN ED;71;3;23.70;18;28
K404;Academy for Young Writers;09-12;GEN ED;95;6;15.80;14;17
K404;Academy for Young Writers;09-12;GEN ED;193;8;24.10;20;29
K404;Academy for Young Writers;09-12;GEN ED;62;3;20.70;17;25
K404;Academy for Young Writers;09-12;GEN ED;72;3;24.00;16;29
K404;Academy for Young Writers;09-12;GEN ED;89;4;22.30;20;25
K404;Academy for Young Writers;09-12;GEN ED;126;5;25.20;20;30
K404;Academy for Young Writers;09-12;GEN ED;61;3;20.30;12;26
K404;Academy for Young Writers;09-12;GEN ED;243;10;24.30;16;29
K404;Academy for Young Writers;09-12;GEN ED;105;5;21.00;15;27
K404;Academy for Young Writers;09-12;CTT;36;2;18.00;11;25
K404;Academy for Young Writers;09-12;CTT;26;1;26.00;26;26
K404;Academy for Young Writers;09-12;CTT;78;3;26.00;21;30
K404;Academy for Young Writers;09-12;CTT;25;1;25.00;25;25
K404;Academy for Young Writers;;;0;0;.00;0;0
