SCHOOL CODE;SCHOOL NAME;GRADE ;PROGRAM TYPE;NUMBER OF STUDENTS   SEATS FILLED;NUMBER OF SECTIONS;AVERAGE CLASS SIZE;SIZE OF SMALLEST CLASS;SIZE OF LARGEST CLASS
K405;Midwood High School;09-12;GEN ED;904;28;32.30;26;34
K405;Midwood High School;09-12;GEN ED;939;28;33.50;32;34
K405;Midwood High School;09-12;GEN ED;907;28;32.40;28;34
K405;Midwood High School;09-12;GEN ED;847;26;32.60;24;37
K405;Midwood High School;09-12;GEN ED;203;7;29.00;13;34
K405;Midwood High School;09-12;GEN ED;757;25;30.30;18;34
K405;Midwood High School;09-12;GEN ED;1101;34;32.40;23;34
K405;Midwood High School;09-12;GEN ED;834;25;33.40;26;35
K405;Midwood High School;09-12;GEN ED;146;5;29.20;22;32
K405;Midwood High School;09-12;GEN ED;828;25;33.10;24;35
K405;Midwood High School;09-12;GEN ED;1133;36;31.50;13;34
K405;Midwood High School;09-12;GEN ED;773;23;33.60;32;34
K405;Midwood High School;09-12;GEN ED;1431;42;34.10;33;37
K405;Midwood High School;09-12;GEN ED;1105;34;32.50;26;34
K405;Midwood High School;09-12;GEN ED;1357;44;30.80;10;36
K405;Midwood High School;09-12;GEN ED;1891;57;33.20;18;34
K405;Midwood High School;09-12;GEN ED;1489;46;32.40;14;35
K405;Midwood High School;09-12;GEN ED;276;9;30.70;28;33
K405;Midwood High School;09-12;GEN ED;454;15;30.30;16;34
K405;Midwood High School;09-12;CTT;31;1;31.00;31;31
K405;Midwood High School;09-12;CTT;100;3;33.30;32;34
K405;Midwood High School;09-12;CTT;64;2;32.00;32;32
K405;Midwood High School;09-12;CTT;34;1;34.00;34;34
K405;Midwood High School;09-12;CTT;141;6;23.50;10;33
K405;Midwood High School;09-12;CTT;76;3;25.30;13;32
K405;Midwood High School;09-12;CTT;32;1;32.00;32;32
K405;Midwood High School;09-12;CTT;62;2;31.00;30;32
K405;Midwood High School;09-12;CTT;99;3;33.00;32;34
K405;Midwood High School;09-12;CTT;28;1;28.00;28;28
K405;Midwood High School;09-12;CTT;67;2;33.50;33;34
K405;Midwood High School;09-12;CTT;163;5;32.60;32;33
K405;Midwood High School;09-12;CTT;62;2;31.00;30;32
K405;Midwood High School;09-12;CTT;34;1;34.00;34;34
K405;Midwood High School;09-12;CTT;28;2;14.00;14;14
K405;Midwood High School;09-12;SPEC ED;9;1;9.00;9;9
K405;Midwood High School;09-12;SPEC ED;39;3;13.00;12;15
K405;Midwood High School;09-12;SPEC ED;24;2;12.00;12;12
K405;Midwood High School;09-12;SPEC ED;14;1;14.00;14;14
K405;Midwood High School;09-12;SPEC ED;51;4;12.80;11;14
K405;Midwood High School;09-12;SPEC ED;10;2;5.00;5;5
K405;Midwood High School;09-12;SPEC ED;21;2;10.50;9;12
K405;Midwood High School;09-12;SPEC ED;42;3;14.00;13;15
K405;Midwood High School;09-12;SPEC ED;10;1;10.00;10;10
K405;Midwood High School;09-12;SPEC ED;63;5;12.60;11;14
K405;Midwood High School;09-12;SPEC ED;38;3;12.70;11;15
K405;Midwood High School;;;0;0;.00;0;0
