SCHOOL CODE;SCHOOL NAME;GRADE ;PROGRAM TYPE;NUMBER OF STUDENTS   SEATS FILLED;NUMBER OF SECTIONS;AVERAGE CLASS SIZE;SIZE OF SMALLEST CLASS;SIZE OF LARGEST CLASS
K408;Academy of Hospitality and Tourism;09-12;GEN ED;50;2;25.00;23;27
K408;Academy of Hospitality and Tourism;09-12;GEN ED;73;3;24.30;12;32
K408;Academy of Hospitality and Tourism;09-12;GEN ED;92;4;23.00;13;28
K408;Academy of Hospitality and Tourism;09-12;GEN ED;70;3;23.30;20;30
K408;Academy of Hospitality and Tourism;09-12;GEN ED;196;10;19.60;10;31
K408;Academy of Hospitality and Tourism;09-12;GEN ED;95;3;31.70;29;33
K408;Academy of Hospitality and Tourism;09-12;GEN ED;193;7;27.60;17;34
K408;Academy of Hospitality and Tourism;09-12;GEN ED;56;2;28.00;22;34
K408;Academy of Hospitality and Tourism;09-12;GEN ED;148;6;24.70;22;28
K408;Academy of Hospitality and Tourism;09-12;GEN ED;87;4;21.80;10;33
K408;Academy of Hospitality and Tourism;09-12;GEN ED;89;3;29.70;28;33
K408;Academy of Hospitality and Tourism;09-12;GEN ED;69;3;23.00;20;27
K408;Academy of Hospitality and Tourism;09-12;CTT;18;1;18.00;18;18
K408;Academy of Hospitality and Tourism;09-12;CTT;16;1;16.00;16;16
K408;Academy of Hospitality and Tourism;09-12;CTT;34;1;34.00;34;34
K408;Academy of Hospitality and Tourism;09-12;CTT;100;4;25.00;20;30
K408;Academy of Hospitality and Tourism;09-12;CTT;94;3;31.30;27;34
K408;Academy of Hospitality and Tourism;;;0;0;.00;0;0
