SCHOOL CODE;SCHOOL NAME;GRADE ;PROGRAM TYPE;NUMBER OF STUDENTS   SEATS FILLED;NUMBER OF SECTIONS;AVERAGE CLASS SIZE;SIZE OF SMALLEST CLASS;SIZE OF LARGEST CLASS
K409;East New York Family Academy;06;GEN ED;47;2;23.50;23;24
K409;East New York Family Academy;07;GEN ED;49;2;24.50;24;25
K409;East New York Family Academy;08;GEN ED;50;2;25.00;25;25
K409;East New York Family Academy;MS Core;GEN ED;147;6;24.50;24;25
K409;East New York Family Academy;MS Core;GEN ED;147;6;24.50;24;25
K409;East New York Family Academy;MS Core;GEN ED;147;6;24.50;24;25
K409;East New York Family Academy;MS Core;GEN ED;147;6;24.50;24;25
K409;East New York Family Academy;09-12;GEN ED;85;4;21.30;20;23
K409;East New York Family Academy;09-12;GEN ED;52;3;17.30;17;18
K409;East New York Family Academy;09-12;GEN ED;47;2;23.50;22;25
K409;East New York Family Academy;09-12;GEN ED;27;2;13.50;6;21
K409;East New York Family Academy;09-12;GEN ED;16;1;16.00;16;16
K409;East New York Family Academy;09-12;GEN ED;80;4;20.00;16;24
K409;East New York Family Academy;09-12;GEN ED;63;3;21.00;17;23
K409;East New York Family Academy;09-12;GEN ED;70;4;17.50;16;20
K409;East New York Family Academy;09-12;GEN ED;68;3;22.70;22;23
K409;East New York Family Academy;09-12;GEN ED;45;2;22.50;22;23
K409;East New York Family Academy;09-12;GEN ED;63;3;21.00;20;22
K409;East New York Family Academy;09-12;GEN ED;47;2;23.50;23;24
K409;East New York Family Academy;09-12;GEN ED;10;1;10.00;10;10
K409;East New York Family Academy;09-12;GEN ED;130;7;18.60;15;23
K409;East New York Family Academy;09-12;GEN ED;128;6;21.30;19;23
K409;East New York Family Academy;09-12;GEN ED;81;5;16.20;12;19
K409;East New York Family Academy;09-12;GEN ED;19;1;19.00;19;19
K409;East New York Family Academy;09-12;GEN ED;68;3;22.70;22;24
K409;East New York Family Academy;09-12;GEN ED;47;3;15.70;14;17
K409;East New York Family Academy;09-12;CTT;24;1;24.00;24;24
K409;East New York Family Academy;09-12;CTT;23;1;23.00;23;23
K409;East New York Family Academy;09-12;CTT;24;1;24.00;24;24
K409;East New York Family Academy;09-12;CTT;46;2;23.00;23;23
K409;East New York Family Academy;;;0;0;.00;0;0
