SCHOOL CODE;SCHOOL NAME;GRADE ;PROGRAM TYPE;NUMBER OF STUDENTS   SEATS FILLED;NUMBER OF SECTIONS;AVERAGE CLASS SIZE;SIZE OF SMALLEST CLASS;SIZE OF LARGEST CLASS
K410;Abraham Lincoln High School;09-12;GEN ED;189;7;27.00;15;34
K410;Abraham Lincoln High School;09-12;GEN ED;297;9;33.00;31;35
K410;Abraham Lincoln High School;09-12;GEN ED;533;20;26.70;11;34
K410;Abraham Lincoln High School;09-12;GEN ED;176;6;29.30;21;42
K410;Abraham Lincoln High School;09-12;GEN ED;661;23;28.70;19;35
K410;Abraham Lincoln High School;09-12;GEN ED;289;9;32.10;25;34
K410;Abraham Lincoln High School;09-12;GEN ED;599;21;28.50;15;35
K410;Abraham Lincoln High School;09-12;GEN ED;100;4;25.00;15;33
K410;Abraham Lincoln High School;09-12;GEN ED;140;5;28.00;14;33
K410;Abraham Lincoln High School;09-12;GEN ED;1191;38;31.30;25;34
K410;Abraham Lincoln High School;09-12;GEN ED;1062;43;24.70;10;34
K410;Abraham Lincoln High School;09-12;GEN ED;540;16;33.80;32;36
K410;Abraham Lincoln High School;09-12;GEN ED;200;8;25.00;13;34
K410;Abraham Lincoln High School;09-12;GEN ED;690;27;25.60;10;34
K410;Abraham Lincoln High School;09-12;GEN ED;536;19;28.20;12;37
K410;Abraham Lincoln High School;09-12;GEN ED;787;28;28.10;10;35
K410;Abraham Lincoln High School;09-12;GEN ED;45;3;15.00;10;21
K410;Abraham Lincoln High School;09-12;GEN ED;559;19;29.40;21;35
K410;Abraham Lincoln High School;09-12;GEN ED;105;4;26.30;20;34
K410;Abraham Lincoln High School;09-12;CTT;67;2;33.50;33;34
K410;Abraham Lincoln High School;09-12;CTT;24;1;24.00;24;24
K410;Abraham Lincoln High School;09-12;CTT;153;6;25.50;10;32
K410;Abraham Lincoln High School;09-12;CTT;32;1;32.00;32;32
K410;Abraham Lincoln High School;09-12;CTT;176;6;29.30;23;33
K410;Abraham Lincoln High School;09-12;CTT;293;12;24.40;12;28
K410;Abraham Lincoln High School;09-12;CTT;250;8;31.30;24;34
K410;Abraham Lincoln High School;09-12;CTT;131;5;26.20;20;29
K410;Abraham Lincoln High School;09-12;CTT;23;1;23.00;23;23
K410;Abraham Lincoln High School;09-12;CTT;171;5;34.20;23;43
K410;Abraham Lincoln High School;09-12;SPEC ED;31;3;10.30;10;11
K410;Abraham Lincoln High School;09-12;SPEC ED;13;1;13.00;13;13
K410;Abraham Lincoln High School;09-12;SPEC ED;15;1;15.00;15;15
K410;Abraham Lincoln High School;09-12;SPEC ED;13;1;13.00;13;13
K410;Abraham Lincoln High School;09-12;SPEC ED;78;7;11.10;10;13
K410;Abraham Lincoln High School;09-12;SPEC ED;25;2;12.50;10;15
K410;Abraham Lincoln High School;09-12;SPEC ED;82;6;13.70;13;14
K410;Abraham Lincoln High School;09-12;SPEC ED;57;5;11.40;11;12
K410;Abraham Lincoln High School;09-12;SPEC ED;14;1;14.00;14;14
K410;Abraham Lincoln High School;09-12;SPEC ED;45;4;11.30;11;12
K410;Abraham Lincoln High School;09-12;SPEC ED;15;1;15.00;15;15
K410;Abraham Lincoln High School;;;0;0;.00;0;0
