SCHOOL CODE;SCHOOL NAME;GRADE ;PROGRAM TYPE;NUMBER OF STUDENTS   SEATS FILLED;NUMBER OF SECTIONS;AVERAGE CLASS SIZE;SIZE OF SMALLEST CLASS;SIZE OF LARGEST CLASS
K412;Brooklyn Community High School of Communication, Arts and Media;09-12;GEN ED;115;4;28.80;22;35
K412;Brooklyn Community High School of Communication, Arts and Media;09-12;GEN ED;65;2;32.50;32;33
K412;Brooklyn Community High School of Communication, Arts and Media;09-12;GEN ED;45;3;15.00;12;18
K412;Brooklyn Community High School of Communication, Arts and Media;09-12;GEN ED;33;2;16.50;13;20
K412;Brooklyn Community High School of Communication, Arts and Media;09-12;GEN ED;113;6;18.80;12;24
K412;Brooklyn Community High School of Communication, Arts and Media;09-12;GEN ED;125;5;25.00;11;35
K412;Brooklyn Community High School of Communication, Arts and Media;09-12;GEN ED;28;1;28.00;28;28
K412;Brooklyn Community High School of Communication, Arts and Media;09-12;GEN ED;56;2;28.00;25;31
K412;Brooklyn Community High School of Communication, Arts and Media;09-12;GEN ED;20;1;20.00;20;20
K412;Brooklyn Community High School of Communication, Arts and Media;09-12;GEN ED;69;2;34.50;34;35
K412;Brooklyn Community High School of Communication, Arts and Media;09-12;GEN ED;105;4;26.30;13;33
K412;Brooklyn Community High School of Communication, Arts and Media;09-12;GEN ED;41;2;20.50;14;27
K412;Brooklyn Community High School of Communication, Arts and Media;09-12;GEN ED;135;4;33.80;32;35
K412;Brooklyn Community High School of Communication, Arts and Media;09-12;GEN ED;55;3;18.30;10;27
K412;Brooklyn Community High School of Communication, Arts and Media;09-12;GEN ED;32;1;32.00;32;32
K412;Brooklyn Community High School of Communication, Arts and Media;09-12;CTT;23;2;11.50;11;12
K412;Brooklyn Community High School of Communication, Arts and Media;09-12;CTT;63;2;31.50;31;32
K412;Brooklyn Community High School of Communication, Arts and Media;09-12;CTT;40;2;20.00;17;23
K412;Brooklyn Community High School of Communication, Arts and Media;09-12;CTT;57;2;28.50;28;29
K412;Brooklyn Community High School of Communication, Arts and Media;09-12;CTT;25;2;12.50;12;13
K412;Brooklyn Community High School of Communication, Arts and Media;09-12;CTT;100;3;33.30;31;35
K412;Brooklyn Community High School of Communication, Arts and Media;09-12;CTT;58;2;29.00;25;33
K412;Brooklyn Community High School of Communication, Arts and Media;09-12;CTT;68;2;34.00;34;34
K412;Brooklyn Community High School of Communication, Arts and Media;09-12;CTT;93;3;31.00;30;32
K412;Brooklyn Community High School of Communication, Arts and Media;09-12;CTT;24;1;24.00;24;24
K412;Brooklyn Community High School of Communication, Arts and Media;09-12;CTT;183;6;30.50;24;34
K412;Brooklyn Community High School of Communication, Arts and Media;09-12;CTT;73;3;24.30;24;25
K412;Brooklyn Community High School of Communication, Arts and Media;09-12;CTT;57;2;28.50;28;29
K412;Brooklyn Community High School of Communication, Arts and Media;;;0;0;.00;0;0
