SCHOOL CODE;SCHOOL NAME;GRADE ;PROGRAM TYPE;NUMBER OF STUDENTS   SEATS FILLED;NUMBER OF SECTIONS;AVERAGE CLASS SIZE;SIZE OF SMALLEST CLASS;SIZE OF LARGEST CLASS
K419;Science Skills Center High School at Water's Edge;09-12;GEN ED;107;5;21.40;12;29
K419;Science Skills Center High School at Water's Edge;09-12;GEN ED;136;5;27.20;19;34
K419;Science Skills Center High School at Water's Edge;09-12;GEN ED;120;6;20.00;10;31
K419;Science Skills Center High School at Water's Edge;09-12;GEN ED;111;4;27.80;21;34
K419;Science Skills Center High School at Water's Edge;09-12;GEN ED;21;1;21.00;21;21
K419;Science Skills Center High School at Water's Edge;09-12;GEN ED;116;5;23.20;16;32
K419;Science Skills Center High School at Water's Edge;09-12;GEN ED;140;5;28.00;11;34
K419;Science Skills Center High School at Water's Edge;09-12;GEN ED;182;7;26.00;19;34
K419;Science Skills Center High School at Water's Edge;09-12;GEN ED;118;5;23.60;13;34
K419;Science Skills Center High School at Water's Edge;09-12;GEN ED;128;4;32.00;28;34
K419;Science Skills Center High School at Water's Edge;09-12;GEN ED;204;6;34.00;34;34
K419;Science Skills Center High School at Water's Edge;09-12;GEN ED;300;10;30.00;24;34
K419;Science Skills Center High School at Water's Edge;09-12;GEN ED;29;1;29.00;29;29
K419;Science Skills Center High School at Water's Edge;09-12;GEN ED;359;14;25.60;17;32
K419;Science Skills Center High School at Water's Edge;09-12;GEN ED;329;10;32.90;29;34
K419;Science Skills Center High School at Water's Edge;09-12;GEN ED;148;5;29.60;15;34
K419;Science Skills Center High School at Water's Edge;09-12;GEN ED;144;5;28.80;21;34
K419;Science Skills Center High School at Water's Edge;09-12;GEN ED;144;5;28.80;23;32
K419;Science Skills Center High School at Water's Edge;09-12;CTT;33;1;33.00;33;33
K419;Science Skills Center High School at Water's Edge;09-12;CTT;30;1;30.00;30;30
K419;Science Skills Center High School at Water's Edge;09-12;CTT;34;1;34.00;34;34
K419;Science Skills Center High School at Water's Edge;09-12;CTT;68;2;34.00;34;34
K419;Science Skills Center High School at Water's Edge;09-12;CTT;66;2;33.00;33;33
K419;Science Skills Center High School at Water's Edge;09-12;CTT;27;1;27.00;27;27
K419;Science Skills Center High School at Water's Edge;09-12;CTT;92;3;30.70;25;34
K419;Science Skills Center High School at Water's Edge;09-12;SPEC ED;6;1;6.00;6;6
K419;Science Skills Center High School at Water's Edge;09-12;SPEC ED;11;1;11.00;11;11
K419;Science Skills Center High School at Water's Edge;09-12;SPEC ED;19;2;9.50;8;11
K419;Science Skills Center High School at Water's Edge;09-12;SPEC ED;22;2;11.00;11;11
K419;Science Skills Center High School at Water's Edge;09-12;SPEC ED;10;1;10.00;10;10
K419;Science Skills Center High School at Water's Edge;09-12;SPEC ED;12;1;12.00;12;12
K419;Science Skills Center High School at Water's Edge;;;0;0;.00;0;0
