SCHOOL CODE;SCHOOL NAME;GRADE ;PROGRAM TYPE;NUMBER OF STUDENTS   SEATS FILLED;NUMBER OF SECTIONS;AVERAGE CLASS SIZE;SIZE OF SMALLEST CLASS;SIZE OF LARGEST CLASS
K420;Franklin K. Lane High School;09-12;GEN ED;106;4;26.50;25;29
K420;Franklin K. Lane High School;09-12;GEN ED;23;1;23.00;23;23
K420;Franklin K. Lane High School;09-12;GEN ED;166;8;20.80;11;33
K420;Franklin K. Lane High School;09-12;GEN ED;21;2;10.50;10;11
K420;Franklin K. Lane High School;09-12;GEN ED;77;5;15.40;13;19
K420;Franklin K. Lane High School;09-12;GEN ED;26;1;26.00;26;26
K420;Franklin K. Lane High School;09-12;GEN ED;16;1;16.00;16;16
K420;Franklin K. Lane High School;09-12;GEN ED;27;2;13.50;13;14
K420;Franklin K. Lane High School;09-12;GEN ED;52;3;17.30;12;26
K420;Franklin K. Lane High School;09-12;GEN ED;40;2;20.00;20;20
K420;Franklin K. Lane High School;09-12;GEN ED;43;3;14.30;12;17
K420;Franklin K. Lane High School;09-12;GEN ED;48;2;24.00;20;28
K420;Franklin K. Lane High School;09-12;GEN ED;76;3;25.30;18;30
K420;Franklin K. Lane High School;09-12;GEN ED;21;1;21.00;21;21
K420;Franklin K. Lane High School;09-12;CTT;14;1;14.00;14;14
K420;Franklin K. Lane High School;09-12;SPEC ED;10;1;10.00;10;10
K420;Franklin K. Lane High School;;;0;0;.00;0;0
