SCHOOL CODE;SCHOOL NAME;GRADE ;PROGRAM TYPE;NUMBER OF STUDENTS   SEATS FILLED;NUMBER OF SECTIONS;AVERAGE CLASS SIZE;SIZE OF SMALLEST CLASS;SIZE OF LARGEST CLASS
K425;James Madison High School;09-12;GEN ED;537;16;33.60;31;34
K425;James Madison High School;09-12;GEN ED;598;18;33.20;25;34
K425;James Madison High School;09-12;GEN ED;594;18;33.00;28;37
K425;James Madison High School;09-12;GEN ED;745;23;32.40;28;34
K425;James Madison High School;09-12;GEN ED;25;1;25.00;25;25
K425;James Madison High School;09-12;GEN ED;809;25;32.40;23;34
K425;James Madison High School;09-12;GEN ED;862;27;31.90;23;34
K425;James Madison High School;09-12;GEN ED;570;20;28.50;13;34
K425;James Madison High School;09-12;GEN ED;1426;44;32.40;25;35
K425;James Madison High School;09-12;GEN ED;1319;42;31.40;26;34
K425;James Madison High School;09-12;GEN ED;1231;45;27.40;16;34
K425;James Madison High School;09-12;GEN ED;195;8;24.40;17;31
K425;James Madison High School;09-12;GEN ED;112;4;28.00;16;34
K425;James Madison High School;09-12;GEN ED;1180;36;32.80;26;35
K425;James Madison High School;09-12;GEN ED;684;21;32.60;28;34
K425;James Madison High School;09-12;GEN ED;150;5;30.00;26;33
K425;James Madison High School;09-12;GEN ED;499;17;29.40;13;34
K425;James Madison High School;09-12;GEN ED;579;19;30.50;16;34
K425;James Madison High School;09-12;CTT;142;6;23.70;12;34
K425;James Madison High School;09-12;CTT;114;4;28.50;16;33
K425;James Madison High School;09-12;CTT;102;3;34.00;34;34
K425;James Madison High School;09-12;CTT;67;2;33.50;33;34
K425;James Madison High School;09-12;CTT;429;14;30.60;15;34
K425;James Madison High School;09-12;CTT;293;10;29.30;13;34
K425;James Madison High School;09-12;CTT;330;10;33.00;31;34
K425;James Madison High School;09-12;CTT;375;12;31.30;11;34
K425;James Madison High School;09-12;CTT;164;5;32.80;30;34
K425;James Madison High School;09-12;SPEC ED;26;2;13.00;12;14
K425;James Madison High School;09-12;SPEC ED;27;2;13.50;12;15
K425;James Madison High School;09-12;SPEC ED;24;2;12.00;9;15
K425;James Madison High School;09-12;SPEC ED;40;3;13.30;12;14
K425;James Madison High School;09-12;SPEC ED;27;2;13.50;12;15
K425;James Madison High School;09-12;SPEC ED;30;2;15.00;14;16
K425;James Madison High School;09-12;SPEC ED;42;3;14.00;13;15
K425;James Madison High School;09-12;SPEC ED;29;2;14.50;14;15
K425;James Madison High School;09-12;SPEC ED;23;2;11.50;9;14
K425;James Madison High School;;;0;0;.00;0;0
