SCHOOL CODE;SCHOOL NAME;GRADE ;PROGRAM TYPE;NUMBER OF STUDENTS   SEATS FILLED;NUMBER OF SECTIONS;AVERAGE CLASS SIZE;SIZE OF SMALLEST CLASS;SIZE OF LARGEST CLASS
K429;Brooklyn School for Global Studies;06;GEN ED;20;1;20.00;20;20
K429;Brooklyn School for Global Studies;06;CTT;6;1;6.00;6;6
K429;Brooklyn School for Global Studies;07;GEN ED;25;2;12.50;12;13
K429;Brooklyn School for Global Studies;07;CTT;10;1;10.00;10;10
K429;Brooklyn School for Global Studies;08;GEN ED;36;2;18.00;18;18
K429;Brooklyn School for Global Studies;08;CTT;10;1;10.00;10;10
K429;Brooklyn School for Global Studies;0K-09;SPEC ED;6;1;6.00;6;6
K429;Brooklyn School for Global Studies;0K-09;SPEC ED;4;1;4.00;4;4
K429;Brooklyn School for Global Studies;MS Core;GEN ED;36;2;18.00;15;21
K429;Brooklyn School for Global Studies;MS Core;GEN ED;36;2;18.00;15;21
K429;Brooklyn School for Global Studies;MS Core;GEN ED;36;2;18.00;15;21
K429;Brooklyn School for Global Studies;MS Core;GEN ED;36;2;18.00;15;21
K429;Brooklyn School for Global Studies;MS Core;CTT;92;4;23.00;20;26
K429;Brooklyn School for Global Studies;MS Core;CTT;46;2;23.00;23;23
K429;Brooklyn School for Global Studies;MS Core;CTT;20;1;20.00;20;20
K429;Brooklyn School for Global Studies;MS Core;CTT;46;2;23.00;20;26
K429;Brooklyn School for Global Studies;MS Core;CTT;23;1;23.00;23;23
K429;Brooklyn School for Global Studies;MS Core;CTT;69;3;23.00;20;26
K429;Brooklyn School for Global Studies;09-12;GEN ED;31;1;31.00;31;31
K429;Brooklyn School for Global Studies;09-12;GEN ED;60;2;30.00;26;34
K429;Brooklyn School for Global Studies;09-12;GEN ED;49;2;24.50;22;27
K429;Brooklyn School for Global Studies;09-12;GEN ED;27;2;13.50;12;15
K429;Brooklyn School for Global Studies;09-12;GEN ED;45;2;22.50;16;29
K429;Brooklyn School for Global Studies;09-12;GEN ED;28;1;28.00;28;28
K429;Brooklyn School for Global Studies;09-12;GEN ED;50;2;25.00;19;31
K429;Brooklyn School for Global Studies;09-12;GEN ED;37;2;18.50;16;21
K429;Brooklyn School for Global Studies;09-12;GEN ED;29;1;29.00;29;29
K429;Brooklyn School for Global Studies;09-12;GEN ED;50;2;25.00;19;31
K429;Brooklyn School for Global Studies;09-12;GEN ED;76;3;25.30;12;34
K429;Brooklyn School for Global Studies;09-12;GEN ED;85;3;28.30;19;34
K429;Brooklyn School for Global Studies;09-12;GEN ED;30;1;30.00;30;30
K429;Brooklyn School for Global Studies;09-12;GEN ED;46;2;23.00;15;31
K429;Brooklyn School for Global Studies;09-12;CTT;33;1;33.00;33;33
K429;Brooklyn School for Global Studies;09-12;CTT;32;1;32.00;32;32
K429;Brooklyn School for Global Studies;09-12;CTT;44;2;22.00;22;22
K429;Brooklyn School for Global Studies;09-12;CTT;17;1;17.00;17;17
K429;Brooklyn School for Global Studies;09-12;CTT;57;2;28.50;24;33
K429;Brooklyn School for Global Studies;09-12;CTT;32;1;32.00;32;32
K429;Brooklyn School for Global Studies;09-12;CTT;33;1;33.00;33;33
K429;Brooklyn School for Global Studies;09-12;CTT;31;1;31.00;31;31
K429;Brooklyn School for Global Studies;09-12;CTT;33;1;33.00;33;33
K429;Brooklyn School for Global Studies;09-12;CTT;31;1;31.00;31;31
K429;Brooklyn School for Global Studies;09-12;CTT;26;1;26.00;26;26
K429;Brooklyn School for Global Studies;09-12;CTT;67;2;33.50;33;34
K429;Brooklyn School for Global Studies;09-12;CTT;33;1;33.00;33;33
K429;Brooklyn School for Global Studies;09-12;CTT;26;1;26.00;26;26
K429;Brooklyn School for Global Studies;09-12;SPEC ED;6;1;6.00;6;6
K429;Brooklyn School for Global Studies;09-12;SPEC ED;6;1;6.00;6;6
K429;Brooklyn School for Global Studies;09-12;SPEC ED;5;1;5.00;5;5
K429;Brooklyn School for Global Studies;09-12;SPEC ED;8;1;8.00;8;8
K429;Brooklyn School for Global Studies;09-12;SPEC ED;9;1;9.00;9;9
K429;Brooklyn School for Global Studies;09-12;SPEC ED;11;1;11.00;11;11
K429;Brooklyn School for Global Studies;09-12;SPEC ED;20;2;10.00;9;11
K429;Brooklyn School for Global Studies;09-12;SPEC ED;5;1;5.00;5;5
K429;Brooklyn School for Global Studies;09-12;SPEC ED;6;1;6.00;6;6
K429;Brooklyn School for Global Studies;09-12;SPEC ED;5;1;5.00;5;5
K429;Brooklyn School for Global Studies;;;0;0;.00;0;0
