SCHOOL CODE;SCHOOL NAME;GRADE ;PROGRAM TYPE;NUMBER OF STUDENTS   SEATS FILLED;NUMBER OF SECTIONS;AVERAGE CLASS SIZE;SIZE OF SMALLEST CLASS;SIZE OF LARGEST CLASS
K430;Brooklyn Technical High School;09-12;GEN ED;1354;42;32.20;28;34
K430;Brooklyn Technical High School;09-12;GEN ED;1337;40;33.40;32;34
K430;Brooklyn Technical High School;09-12;GEN ED;1277;39;32.70;31;34
K430;Brooklyn Technical High School;09-12;GEN ED;187;6;31.20;28;33
K430;Brooklyn Technical High School;09-12;GEN ED;947;29;32.70;27;34
K430;Brooklyn Technical High School;09-12;GEN ED;389;14;27.80;20;33
K430;Brooklyn Technical High School;09-12;GEN ED;1440;43;33.50;31;35
K430;Brooklyn Technical High School;09-12;GEN ED;1544;46;33.60;29;34
K430;Brooklyn Technical High School;09-12;GEN ED;1208;36;33.60;32;34
K430;Brooklyn Technical High School;09-12;GEN ED;371;11;33.70;32;34
K430;Brooklyn Technical High School;09-12;GEN ED;2453;77;31.90;25;34
K430;Brooklyn Technical High School;09-12;GEN ED;2937;100;29.40;23;34
K430;Brooklyn Technical High School;09-12;GEN ED;2965;90;32.90;27;34
K430;Brooklyn Technical High School;09-12;GEN ED;856;26;32.90;28;34
K430;Brooklyn Technical High School;09-12;GEN ED;2743;85;32.30;28;34
K430;Brooklyn Technical High School;09-12;GEN ED;1276;39;32.70;29;34
K430;Brooklyn Technical High School;09-12;GEN ED;335;10;33.50;31;34
K430;Brooklyn Technical High School;09-12;GEN ED;797;24;33.20;31;34
K430;Brooklyn Technical High School;09-12;GEN ED;836;25;33.40;31;34
K430;Brooklyn Technical High School;;;0;0;.00;0;0
