SCHOOL CODE;SCHOOL NAME;GRADE ;PROGRAM TYPE;NUMBER OF STUDENTS   SEATS FILLED;NUMBER OF SECTIONS;AVERAGE CLASS SIZE;SIZE OF SMALLEST CLASS;SIZE OF LARGEST CLASS
K439;Brooklyn International High School at Water's Edge;09-12;GEN ED;96;8;12.00;10;13
K439;Brooklyn International High School at Water's Edge;09-12;GEN ED;93;8;11.60;10;14
K439;Brooklyn International High School at Water's Edge;09-12;GEN ED;99;4;24.80;22;27
K439;Brooklyn International High School at Water's Edge;09-12;GEN ED;95;4;23.80;23;24
K439;Brooklyn International High School at Water's Edge;09-12;GEN ED;411;19;21.60;11;27
K439;Brooklyn International High School at Water's Edge;09-12;GEN ED;93;8;11.60;10;14
K439;Brooklyn International High School at Water's Edge;09-12;GEN ED;99;4;24.80;22;27
K439;Brooklyn International High School at Water's Edge;09-12;GEN ED;96;8;12.00;10;13
K439;Brooklyn International High School at Water's Edge;09-12;GEN ED;95;4;23.80;23;24
K439;Brooklyn International High School at Water's Edge;09-12;GEN ED;288;12;24.00;22;27
K439;Brooklyn International High School at Water's Edge;09-12;GEN ED;95;4;23.80;23;24
K439;Brooklyn International High School at Water's Edge;09-12;GEN ED;189;16;11.80;10;14
K439;Brooklyn International High School at Water's Edge;09-12;GEN ED;99;4;24.80;22;27
K439;Brooklyn International High School at Water's Edge;09-12;GEN ED;95;4;23.80;23;24
K439;Brooklyn International High School at Water's Edge;;;0;0;.00;0;0
