SCHOOL CODE;SCHOOL NAME;GRADE ;PROGRAM TYPE;NUMBER OF STUDENTS   SEATS FILLED;NUMBER OF SECTIONS;AVERAGE CLASS SIZE;SIZE OF SMALLEST CLASS;SIZE OF LARGEST CLASS
K442;New Horizons School;06;CTT;63;3;21.00;20;22
K442;New Horizons School;07;CTT;56;3;18.70;17;20
K442;New Horizons School;08;CTT;60;3;20.00;18;22
K442;New Horizons School;0K-09;SPEC ED;11;2;5.50;2;9
K442;New Horizons School;MS Core;CTT;297;15;19.80;17;23
K442;New Horizons School;MS Core;CTT;179;9;19.90;17;23
K442;New Horizons School;MS Core;CTT;179;9;19.90;17;23
K442;New Horizons School;MS Core;CTT;118;6;19.70;17;23
K442;New Horizons School;MS Core;CTT;179;9;19.90;17;23
K442;New Horizons School;;;0;0;.00;0;0
