SCHOOL CODE;SCHOOL NAME;GRADE ;PROGRAM TYPE;NUMBER OF STUDENTS   SEATS FILLED;NUMBER OF SECTIONS;AVERAGE CLASS SIZE;SIZE OF SMALLEST CLASS;SIZE OF LARGEST CLASS
K443;New Voices School of Academic & Creative Arts;06;GEN ED;120;4;30.00;29;31
K443;New Voices School of Academic & Creative Arts;06;CTT;58;2;29.00;28;30
K443;New Voices School of Academic & Creative Arts;07;GEN ED;133;5;26.60;24;32
K443;New Voices School of Academic & Creative Arts;07;CTT;23;1;23.00;23;23
K443;New Voices School of Academic & Creative Arts;08;GEN ED;121;4;30.30;29;31
K443;New Voices School of Academic & Creative Arts;08;CTT;30;1;30.00;30;30
K443;New Voices School of Academic & Creative Arts;MS Core;GEN ED;372;14;26.60;18;32
K443;New Voices School of Academic & Creative Arts;MS Core;GEN ED;311;12;25.90;15;32
K443;New Voices School of Academic & Creative Arts;MS Core;GEN ED;61;2;30.50;30;31
K443;New Voices School of Academic & Creative Arts;MS Core;GEN ED;372;13;28.60;24;32
K443;New Voices School of Academic & Creative Arts;MS Core;GEN ED;372;14;26.60;18;32
K443;New Voices School of Academic & Creative Arts;MS Core;CTT;110;4;27.50;23;30
K443;New Voices School of Academic & Creative Arts;MS Core;CTT;110;4;27.50;23;30
K443;New Voices School of Academic & Creative Arts;MS Core;CTT;110;4;27.50;23;30
K443;New Voices School of Academic & Creative Arts;MS Core;CTT;110;4;27.50;23;30
K443;New Voices School of Academic & Creative Arts;09-12;GEN ED;61;2;30.50;30;31
K443;New Voices School of Academic & Creative Arts;;;0;0;.00;0;0
