SCHOOL CODE;SCHOOL NAME;GRADE ;PROGRAM TYPE;NUMBER OF STUDENTS   SEATS FILLED;NUMBER OF SECTIONS;AVERAGE CLASS SIZE;SIZE OF SMALLEST CLASS;SIZE OF LARGEST CLASS
K445;New Utrecht High School;09-12;GEN ED;465;16;29.10;17;34
K445;New Utrecht High School;09-12;GEN ED;512;20;25.60;15;36
K445;New Utrecht High School;09-12;GEN ED;499;18;27.70;14;35
K445;New Utrecht High School;09-12;GEN ED;478;18;26.60;13;34
K445;New Utrecht High School;09-12;GEN ED;297;12;24.80;18;32
K445;New Utrecht High School;09-12;GEN ED;1193;41;29.10;16;38
K445;New Utrecht High School;09-12;GEN ED;672;21;32.00;18;40
K445;New Utrecht High School;09-12;GEN ED;346;11;31.50;21;38
K445;New Utrecht High School;09-12;GEN ED;187;7;26.70;18;35
K445;New Utrecht High School;09-12;GEN ED;805;28;28.80;18;35
K445;New Utrecht High School;09-12;GEN ED;1052;36;29.20;13;36
K445;New Utrecht High School;09-12;GEN ED;715;24;29.80;11;36
K445;New Utrecht High School;09-12;GEN ED;137;6;22.80;10;35
K445;New Utrecht High School;09-12;GEN ED;360;12;30.00;19;35
K445;New Utrecht High School;09-12;GEN ED;1390;42;33.10;16;43
K445;New Utrecht High School;09-12;GEN ED;1131;37;30.60;13;35
K445;New Utrecht High School;09-12;GEN ED;18;1;18.00;18;18
K445;New Utrecht High School;09-12;GEN ED;62;3;20.70;15;29
K445;New Utrecht High School;09-12;GEN ED;101;3;33.70;30;37
K445;New Utrecht High School;09-12;CTT;73;3;24.30;12;31
K445;New Utrecht High School;09-12;CTT;84;4;21.00;14;32
K445;New Utrecht High School;09-12;CTT;94;4;23.50;14;29
K445;New Utrecht High School;09-12;CTT;29;2;14.50;12;17
K445;New Utrecht High School;09-12;CTT;223;10;22.30;11;43
K445;New Utrecht High School;09-12;CTT;40;2;20.00;6;34
K445;New Utrecht High School;09-12;CTT;221;7;31.60;15;48
K445;New Utrecht High School;09-12;CTT;84;6;14.00;12;16
K445;New Utrecht High School;09-12;CTT;184;6;30.70;27;33
K445;New Utrecht High School;09-12;CTT;103;3;34.30;31;40
K445;New Utrecht High School;09-12;CTT;85;3;28.30;17;34
K445;New Utrecht High School;09-12;SPEC ED;42;4;10.50;5;14
K445;New Utrecht High School;09-12;SPEC ED;27;2;13.50;13;14
K445;New Utrecht High School;09-12;SPEC ED;18;2;9.00;7;11
K445;New Utrecht High School;09-12;SPEC ED;14;1;14.00;14;14
K445;New Utrecht High School;09-12;SPEC ED;7;1;7.00;7;7
K445;New Utrecht High School;09-12;SPEC ED;84;7;12.00;7;17
K445;New Utrecht High School;09-12;SPEC ED;6;1;6.00;6;6
K445;New Utrecht High School;09-12;SPEC ED;36;3;12.00;7;16
K445;New Utrecht High School;09-12;SPEC ED;66;7;9.40;5;14
K445;New Utrecht High School;09-12;SPEC ED;88;7;12.60;6;15
K445;New Utrecht High School;09-12;SPEC ED;39;4;9.80;7;13
K445;New Utrecht High School;09-12;SPEC ED;12;1;12.00;12;12
K445;New Utrecht High School;;;0;0;.00;0;0
