SCHOOL CODE;SCHOOL NAME;GRADE ;PROGRAM TYPE;NUMBER OF STUDENTS   SEATS FILLED;NUMBER OF SECTIONS;AVERAGE CLASS SIZE;SIZE OF SMALLEST CLASS;SIZE OF LARGEST CLASS
K447;The Math & Science Exploratory School;06;GEN ED;28;1;28.00;28;28
K447;The Math & Science Exploratory School;06;CTT;136;5;27.20;24;31
K447;The Math & Science Exploratory School;07;GEN ED;59;2;29.50;29;30
K447;The Math & Science Exploratory School;07;CTT;110;4;27.50;25;32
K447;The Math & Science Exploratory School;08;GEN ED;120;4;30.00;28;32
K447;The Math & Science Exploratory School;08;CTT;55;2;27.50;25;30
K447;The Math & Science Exploratory School;MS Core;GEN ED;232;8;29.00;25;32
K447;The Math & Science Exploratory School;MS Core;GEN ED;267;9;29.70;23;33
K447;The Math & Science Exploratory School;MS Core;GEN ED;63;2;31.50;30;33
K447;The Math & Science Exploratory School;MS Core;GEN ED;232;8;29.00;25;32
K447;The Math & Science Exploratory School;MS Core;GEN ED;232;8;29.00;25;32
K447;The Math & Science Exploratory School;MS Core;GEN ED;232;8;29.00;25;32
K447;The Math & Science Exploratory School;MS Core;GEN ED;20;1;20.00;20;20
K447;The Math & Science Exploratory School;MS Core;CTT;275;10;27.50;23;32
K447;The Math & Science Exploratory School;MS Core;CTT;177;7;25.30;19;34
K447;The Math & Science Exploratory School;MS Core;CTT;275;10;27.50;23;32
K447;The Math & Science Exploratory School;MS Core;CTT;275;10;27.50;23;32
K447;The Math & Science Exploratory School;MS Core;CTT;275;10;27.50;23;32
K447;The Math & Science Exploratory School;;;0;0;.00;0;0
