SCHOOL CODE;SCHOOL NAME;GRADE ;PROGRAM TYPE;NUMBER OF STUDENTS   SEATS FILLED;NUMBER OF SECTIONS;AVERAGE CLASS SIZE;SIZE OF SMALLEST CLASS;SIZE OF LARGEST CLASS
K448;Brooklyn Secondary School for Collaborative Studies;06;GEN ED;46;2;23.00;23;23
K448;Brooklyn Secondary School for Collaborative Studies;06;CTT;45;2;22.50;21;24
K448;Brooklyn Secondary School for Collaborative Studies;07;GEN ED;57;2;28.50;28;29
K448;Brooklyn Secondary School for Collaborative Studies;07;CTT;54;2;27.00;27;27
K448;Brooklyn Secondary School for Collaborative Studies;08;GEN ED;57;2;28.50;28;29
K448;Brooklyn Secondary School for Collaborative Studies;08;CTT;55;2;27.50;27;28
K448;Brooklyn Secondary School for Collaborative Studies;0K-09;SPEC ED;25;2;12.50;12;13
K448;Brooklyn Secondary School for Collaborative Studies;MS Core;GEN ED;158;6;26.30;22;29
K448;Brooklyn Secondary School for Collaborative Studies;MS Core;GEN ED;158;6;26.30;22;29
K448;Brooklyn Secondary School for Collaborative Studies;MS Core;GEN ED;158;6;26.30;22;29
K448;Brooklyn Secondary School for Collaborative Studies;MS Core;GEN ED;158;6;26.30;22;29
K448;Brooklyn Secondary School for Collaborative Studies;MS Core;CTT;156;6;26.00;22;28
K448;Brooklyn Secondary School for Collaborative Studies;MS Core;CTT;156;6;26.00;22;28
K448;Brooklyn Secondary School for Collaborative Studies;MS Core;CTT;155;6;25.80;22;28
K448;Brooklyn Secondary School for Collaborative Studies;MS Core;CTT;156;6;26.00;22;28
K448;Brooklyn Secondary School for Collaborative Studies;MS Core;SPEC ED;25;2;12.50;12;13
K448;Brooklyn Secondary School for Collaborative Studies;MS Core;SPEC ED;25;2;12.50;12;13
K448;Brooklyn Secondary School for Collaborative Studies;MS Core;SPEC ED;25;2;12.50;12;13
K448;Brooklyn Secondary School for Collaborative Studies;MS Core;SPEC ED;25;2;12.50;12;13
K448;Brooklyn Secondary School for Collaborative Studies;09-12;GEN ED;62;2;31.00;30;32
K448;Brooklyn Secondary School for Collaborative Studies;09-12;GEN ED;26;1;26.00;26;26
K448;Brooklyn Secondary School for Collaborative Studies;09-12;GEN ED;42;2;21.00;14;28
K448;Brooklyn Secondary School for Collaborative Studies;09-12;GEN ED;121;5;24.20;15;29
K448;Brooklyn Secondary School for Collaborative Studies;09-12;GEN ED;20;2;10.00;10;10
K448;Brooklyn Secondary School for Collaborative Studies;09-12;GEN ED;60;2;30.00;28;32
K448;Brooklyn Secondary School for Collaborative Studies;09-12;GEN ED;45;2;22.50;17;28
K448;Brooklyn Secondary School for Collaborative Studies;09-12;GEN ED;44;2;22.00;12;32
K448;Brooklyn Secondary School for Collaborative Studies;09-12;GEN ED;46;3;15.30;10;26
K448;Brooklyn Secondary School for Collaborative Studies;09-12;GEN ED;65;2;32.50;32;33
K448;Brooklyn Secondary School for Collaborative Studies;09-12;GEN ED;70;3;23.30;21;27
K448;Brooklyn Secondary School for Collaborative Studies;09-12;GEN ED;92;3;30.70;28;32
K448;Brooklyn Secondary School for Collaborative Studies;09-12;GEN ED;50;2;25.00;25;25
K448;Brooklyn Secondary School for Collaborative Studies;09-12;GEN ED;46;2;23.00;19;27
K448;Brooklyn Secondary School for Collaborative Studies;09-12;GEN ED;20;2;10.00;10;10
K448;Brooklyn Secondary School for Collaborative Studies;09-12;CTT;30;1;30.00;30;30
K448;Brooklyn Secondary School for Collaborative Studies;09-12;CTT;61;2;30.50;29;32
K448;Brooklyn Secondary School for Collaborative Studies;09-12;CTT;58;2;29.00;27;31
K448;Brooklyn Secondary School for Collaborative Studies;09-12;CTT;89;4;22.30;13;27
K448;Brooklyn Secondary School for Collaborative Studies;09-12;CTT;26;2;13.00;10;16
K448;Brooklyn Secondary School for Collaborative Studies;09-12;CTT;95;4;23.80;20;26
K448;Brooklyn Secondary School for Collaborative Studies;09-12;CTT;28;1;28.00;28;28
K448;Brooklyn Secondary School for Collaborative Studies;09-12;CTT;30;1;30.00;30;30
K448;Brooklyn Secondary School for Collaborative Studies;09-12;CTT;37;2;18.50;12;25
K448;Brooklyn Secondary School for Collaborative Studies;09-12;CTT;34;1;34.00;34;34
K448;Brooklyn Secondary School for Collaborative Studies;09-12;CTT;26;1;26.00;26;26
K448;Brooklyn Secondary School for Collaborative Studies;09-12;CTT;31;1;31.00;31;31
K448;Brooklyn Secondary School for Collaborative Studies;09-12;CTT;108;4;27.00;25;32
K448;Brooklyn Secondary School for Collaborative Studies;09-12;CTT;87;3;29.00;22;33
K448;Brooklyn Secondary School for Collaborative Studies;09-12;CTT;45;2;22.50;20;25
K448;Brooklyn Secondary School for Collaborative Studies;09-12;CTT;30;2;15.00;13;17
K448;Brooklyn Secondary School for Collaborative Studies;09-12;CTT;113;3;37.70;14;60
K448;Brooklyn Secondary School for Collaborative Studies;;;0;0;.00;0;0
