SCHOOL CODE;SCHOOL NAME;GRADE ;PROGRAM TYPE;NUMBER OF STUDENTS   SEATS FILLED;NUMBER OF SECTIONS;AVERAGE CLASS SIZE;SIZE OF SMALLEST CLASS;SIZE OF LARGEST CLASS
K449;Brooklyn Latin School, The;09-12;GEN ED;125;5;25.00;21;30
K449;Brooklyn Latin School, The;09-12;GEN ED;100;4;25.00;19;29
K449;Brooklyn Latin School, The;09-12;GEN ED;75;3;25.00;23;26
K449;Brooklyn Latin School, The;09-12;GEN ED;33;2;16.50;13;20
K449;Brooklyn Latin School, The;09-12;GEN ED;108;4;27.00;22;33
K449;Brooklyn Latin School, The;09-12;GEN ED;37;2;18.50;16;21
K449;Brooklyn Latin School, The;09-12;GEN ED;119;4;29.80;27;32
K449;Brooklyn Latin School, The;09-12;GEN ED;110;5;22.00;14;29
K449;Brooklyn Latin School, The;09-12;GEN ED;67;3;22.30;10;34
K449;Brooklyn Latin School, The;09-12;GEN ED;93;4;23.30;17;29
K449;Brooklyn Latin School, The;09-12;GEN ED;200;8;25.00;17;29
K449;Brooklyn Latin School, The;09-12;GEN ED;312;14;22.30;11;30
K449;Brooklyn Latin School, The;09-12;GEN ED;123;6;20.50;15;29
K449;Brooklyn Latin School, The;09-12;GEN ED;226;9;25.10;20;30
K449;Brooklyn Latin School, The;09-12;GEN ED;108;5;21.60;10;27
K449;Brooklyn Latin School, The;;;0;0;.00;0;0
