SCHOOL CODE;SCHOOL NAME;GRADE ;PROGRAM TYPE;NUMBER OF STUDENTS   SEATS FILLED;NUMBER OF SECTIONS;AVERAGE CLASS SIZE;SIZE OF SMALLEST CLASS;SIZE OF LARGEST CLASS
K452;Frederick Douglass Academy VIII Middle School;06;GEN ED;47;2;23.50;22;25
K452;Frederick Douglass Academy VIII Middle School;06;CTT;24;1;24.00;24;24
K452;Frederick Douglass Academy VIII Middle School;07;GEN ED;51;2;25.50;25;26
K452;Frederick Douglass Academy VIII Middle School;07;CTT;21;1;21.00;21;21
K452;Frederick Douglass Academy VIII Middle School;08;GEN ED;51;2;25.50;25;26
K452;Frederick Douglass Academy VIII Middle School;08;CTT;21;1;21.00;21;21
K452;Frederick Douglass Academy VIII Middle School;MS Core;GEN ED;165;8;20.60;10;26
K452;Frederick Douglass Academy VIII Middle School;MS Core;GEN ED;168;7;24.00;21;26
K452;Frederick Douglass Academy VIII Middle School;MS Core;GEN ED;141;7;20.10;10;26
K452;Frederick Douglass Academy VIII Middle School;MS Core;GEN ED;24;1;24.00;24;24
K452;Frederick Douglass Academy VIII Middle School;MS Core;GEN ED;165;8;20.60;10;26
K452;Frederick Douglass Academy VIII Middle School;MS Core;CTT;44;2;22.00;20;24
K452;Frederick Douglass Academy VIII Middle School;MS Core;CTT;44;2;22.00;20;24
K452;Frederick Douglass Academy VIII Middle School;MS Core;CTT;44;2;22.00;20;24
K452;Frederick Douglass Academy VIII Middle School;MS Core;CTT;44;2;22.00;20;24
K452;Frederick Douglass Academy VIII Middle School;;;0;0;.00;0;0
