SCHOOL CODE;SCHOOL NAME;GRADE ;PROGRAM TYPE;NUMBER OF STUDENTS   SEATS FILLED;NUMBER OF SECTIONS;AVERAGE CLASS SIZE;SIZE OF SMALLEST CLASS;SIZE OF LARGEST CLASS
K454;Green School: An Academy for Environmental Careers;09-12;GEN ED;54;2;27.00;27;27
K454;Green School: An Academy for Environmental Careers;09-12;GEN ED;78;3;26.00;21;32
K454;Green School: An Academy for Environmental Careers;09-12;GEN ED;71;3;23.70;22;27
K454;Green School: An Academy for Environmental Careers;09-12;GEN ED;37;2;18.50;15;22
K454;Green School: An Academy for Environmental Careers;09-12;GEN ED;22;1;22.00;22;22
K454;Green School: An Academy for Environmental Careers;09-12;GEN ED;129;6;21.50;10;31
K454;Green School: An Academy for Environmental Careers;09-12;GEN ED;171;8;21.40;12;27
K454;Green School: An Academy for Environmental Careers;09-12;GEN ED;25;1;25.00;25;25
K454;Green School: An Academy for Environmental Careers;09-12;GEN ED;34;2;17.00;13;21
K454;Green School: An Academy for Environmental Careers;09-12;GEN ED;176;7;25.10;21;30
K454;Green School: An Academy for Environmental Careers;09-12;GEN ED;35;1;35.00;35;35
K454;Green School: An Academy for Environmental Careers;09-12;GEN ED;73;3;24.30;21;27
K454;Green School: An Academy for Environmental Careers;09-12;GEN ED;190;9;21.10;10;27
K454;Green School: An Academy for Environmental Careers;09-12;CTT;37;2;18.50;16;21
K454;Green School: An Academy for Environmental Careers;09-12;CTT;21;1;21.00;21;21
K454;Green School: An Academy for Environmental Careers;09-12;CTT;31;1;31.00;31;31
K454;Green School: An Academy for Environmental Careers;09-12;CTT;42;2;21.00;21;21
K454;Green School: An Academy for Environmental Careers;09-12;CTT;64;4;16.00;13;21
K454;Green School: An Academy for Environmental Careers;09-12;CTT;75;4;18.80;16;21
K454;Green School: An Academy for Environmental Careers;09-12;CTT;26;1;26.00;26;26
K454;Green School: An Academy for Environmental Careers;09-12;CTT;65;2;32.50;30;35
K454;Green School: An Academy for Environmental Careers;09-12;CTT;94;4;23.50;16;33
K454;Green School: An Academy for Environmental Careers;;;0;0;.00;0;0
