SCHOOL CODE;SCHOOL NAME;GRADE ;PROGRAM TYPE;NUMBER OF STUDENTS   SEATS FILLED;NUMBER OF SECTIONS;AVERAGE CLASS SIZE;SIZE OF SMALLEST CLASS;SIZE OF LARGEST CLASS
K455;Boys and Girls High School;09-12;GEN ED;456;22;20.70;13;25
K455;Boys and Girls High School;09-12;GEN ED;698;22;31.70;20;37
K455;Boys and Girls High School;09-12;GEN ED;339;10;33.90;31;38
K455;Boys and Girls High School;09-12;GEN ED;409;14;29.20;11;35
K455;Boys and Girls High School;09-12;GEN ED;60;2;30.00;27;33
K455;Boys and Girls High School;09-12;GEN ED;771;31;24.90;10;36
K455;Boys and Girls High School;09-12;GEN ED;719;31;23.20;10;35
K455;Boys and Girls High School;09-12;GEN ED;321;14;22.90;12;35
K455;Boys and Girls High School;09-12;GEN ED;104;4;26.00;16;38
K455;Boys and Girls High School;09-12;GEN ED;1059;38;27.90;15;37
K455;Boys and Girls High School;09-12;GEN ED;131;6;21.80;18;24
K455;Boys and Girls High School;09-12;GEN ED;103;4;25.80;21;34
K455;Boys and Girls High School;09-12;GEN ED;614;22;27.90;17;37
K455;Boys and Girls High School;09-12;GEN ED;706;24;29.40;11;36
K455;Boys and Girls High School;09-12;GEN ED;157;7;22.40;15;36
K455;Boys and Girls High School;09-12;CTT;36;2;18.00;18;18
K455;Boys and Girls High School;09-12;CTT;191;7;27.30;11;34
K455;Boys and Girls High School;09-12;CTT;69;2;34.50;34;35
K455;Boys and Girls High School;09-12;CTT;77;4;19.30;9;28
K455;Boys and Girls High School;09-12;CTT;59;2;29.50;25;34
K455;Boys and Girls High School;09-12;CTT;241;10;24.10;9;36
K455;Boys and Girls High School;09-12;CTT;195;6;32.50;27;37
K455;Boys and Girls High School;09-12;CTT;36;2;18.00;17;19
K455;Boys and Girls High School;09-12;CTT;321;12;26.80;10;43
K455;Boys and Girls High School;09-12;CTT;151;6;25.20;11;35
K455;Boys and Girls High School;09-12;CTT;151;5;30.20;24;35
K455;Boys and Girls High School;09-12;SPEC ED;104;7;14.90;12;20
K455;Boys and Girls High School;09-12;SPEC ED;22;2;11.00;7;15
K455;Boys and Girls High School;09-12;SPEC ED;51;4;12.80;9;15
K455;Boys and Girls High School;09-12;SPEC ED;17;2;8.50;8;9
K455;Boys and Girls High School;09-12;SPEC ED;27;3;9.00;6;14
K455;Boys and Girls High School;09-12;SPEC ED;155;13;11.90;8;17
K455;Boys and Girls High School;09-12;SPEC ED;99;7;14.10;11;19
K455;Boys and Girls High School;09-12;SPEC ED;11;1;11.00;11;11
K455;Boys and Girls High School;09-12;SPEC ED;131;10;13.10;7;19
K455;Boys and Girls High School;09-12;SPEC ED;14;1;14.00;14;14
K455;Boys and Girls High School;09-12;SPEC ED;73;5;14.60;12;20
K455;Boys and Girls High School;09-12;SPEC ED;73;7;10.40;8;14
K455;Boys and Girls High School;;;0;0;.00;0;0
