SCHOOL CODE;SCHOOL NAME;GRADE ;PROGRAM TYPE;NUMBER OF STUDENTS   SEATS FILLED;NUMBER OF SECTIONS;AVERAGE CLASS SIZE;SIZE OF SMALLEST CLASS;SIZE OF LARGEST CLASS
K462;Secondary School for Law;06;CTT;13;1;13.00;13;13
K462;Secondary School for Law;07;CTT;24;1;24.00;24;24
K462;Secondary School for Law;08;CTT;29;1;29.00;29;29
K462;Secondary School for Law;0K-09;SPEC ED;11;1;11.00;11;11
K462;Secondary School for Law;MS Core;CTT;66;3;22.00;13;29
K462;Secondary School for Law;MS Core;CTT;66;3;22.00;13;29
K462;Secondary School for Law;MS Core;CTT;66;3;22.00;13;29
K462;Secondary School for Law;MS Core;CTT;66;3;22.00;13;29
K462;Secondary School for Law;MS Core;SPEC ED;11;1;11.00;11;11
K462;Secondary School for Law;MS Core;SPEC ED;11;1;11.00;11;11
K462;Secondary School for Law;MS Core;SPEC ED;11;1;11.00;11;11
K462;Secondary School for Law;MS Core;SPEC ED;11;1;11.00;11;11
K462;Secondary School for Law;09-12;GEN ED;119;4;29.80;27;33
K462;Secondary School for Law;09-12;GEN ED;106;4;26.50;20;33
K462;Secondary School for Law;09-12;GEN ED;93;3;31.00;29;33
K462;Secondary School for Law;09-12;GEN ED;86;3;28.70;26;32
K462;Secondary School for Law;09-12;GEN ED;20;2;10.00;10;10
K462;Secondary School for Law;09-12;GEN ED;109;4;27.30;22;32
K462;Secondary School for Law;09-12;GEN ED;141;6;23.50;11;33
K462;Secondary School for Law;09-12;GEN ED;123;5;24.60;16;34
K462;Secondary School for Law;09-12;GEN ED;24;1;24.00;24;24
K462;Secondary School for Law;09-12;GEN ED;248;10;24.80;12;33
K462;Secondary School for Law;09-12;GEN ED;206;8;25.80;16;31
K462;Secondary School for Law;09-12;GEN ED;171;7;24.40;17;31
K462;Secondary School for Law;09-12;GEN ED;33;1;33.00;33;33
K462;Secondary School for Law;09-12;GEN ED;233;8;29.10;24;33
K462;Secondary School for Law;09-12;GEN ED;90;3;30.00;25;33
K462;Secondary School for Law;09-12;GEN ED;88;4;22.00;14;31
K462;Secondary School for Law;09-12;GEN ED;232;9;25.80;14;34
K462;Secondary School for Law;09-12;CTT;25;1;25.00;25;25
K462;Secondary School for Law;09-12;SPEC ED;10;1;10.00;10;10
K462;Secondary School for Law;;;0;0;.00;0;0
