SCHOOL CODE;SCHOOL NAME;GRADE ;PROGRAM TYPE;NUMBER OF STUDENTS   SEATS FILLED;NUMBER OF SECTIONS;AVERAGE CLASS SIZE;SIZE OF SMALLEST CLASS;SIZE OF LARGEST CLASS
K463;Secondary School for Journalism;06;GEN ED;14;1;14.00;14;14
K463;Secondary School for Journalism;07;GEN ED;17;1;17.00;17;17
K463;Secondary School for Journalism;08;GEN ED;27;1;27.00;27;27
K463;Secondary School for Journalism;0K-09;SPEC ED;11;3;3.70;2;5
K463;Secondary School for Journalism;MS Core;GEN ED;58;3;19.30;14;27
K463;Secondary School for Journalism;MS Core;GEN ED;58;3;19.30;14;27
K463;Secondary School for Journalism;MS Core;GEN ED;58;3;19.30;14;27
K463;Secondary School for Journalism;MS Core;GEN ED;58;3;19.30;14;27
K463;Secondary School for Journalism;MS Core;SPEC ED;5;1;5.00;5;5
K463;Secondary School for Journalism;MS Core;SPEC ED;5;1;5.00;5;5
K463;Secondary School for Journalism;MS Core;SPEC ED;5;1;5.00;5;5
K463;Secondary School for Journalism;MS Core;SPEC ED;5;1;5.00;5;5
K463;Secondary School for Journalism;09-12;GEN ED;59;2;29.50;27;32
K463;Secondary School for Journalism;09-12;GEN ED;76;3;25.30;24;26
K463;Secondary School for Journalism;09-12;GEN ED;67;4;16.80;13;21
K463;Secondary School for Journalism;09-12;GEN ED;83;3;27.70;20;32
K463;Secondary School for Journalism;09-12;GEN ED;92;4;23.00;14;29
K463;Secondary School for Journalism;09-12;GEN ED;88;4;22.00;12;29
K463;Secondary School for Journalism;09-12;GEN ED;87;4;21.80;15;30
K463;Secondary School for Journalism;09-12;GEN ED;19;1;19.00;19;19
K463;Secondary School for Journalism;09-12;GEN ED;166;6;27.70;25;30
K463;Secondary School for Journalism;09-12;GEN ED;127;4;31.80;31;32
K463;Secondary School for Journalism;09-12;GEN ED;113;6;18.80;11;27
K463;Secondary School for Journalism;09-12;GEN ED;131;5;26.20;19;29
K463;Secondary School for Journalism;09-12;GEN ED;68;4;17.00;13;23
K463;Secondary School for Journalism;09-12;GEN ED;79;3;26.30;23;29
K463;Secondary School for Journalism;09-12;CTT;26;2;13.00;13;13
K463;Secondary School for Journalism;09-12;SPEC ED;7;1;7.00;7;7
K463;Secondary School for Journalism;09-12;SPEC ED;6;1;6.00;6;6
K463;Secondary School for Journalism;09-12;SPEC ED;6;1;6.00;6;6
K463;Secondary School for Journalism;09-12;SPEC ED;6;1;6.00;6;6
K463;Secondary School for Journalism;09-12;SPEC ED;6;1;6.00;6;6
K463;Secondary School for Journalism;09-12;SPEC ED;6;1;6.00;6;6
K463;Secondary School for Journalism;09-12;SPEC ED;6;1;6.00;6;6
K463;Secondary School for Journalism;;;0;0;.00;0;0
