SCHOOL CODE;SCHOOL NAME;GRADE ;PROGRAM TYPE;NUMBER OF STUDENTS   SEATS FILLED;NUMBER OF SECTIONS;AVERAGE CLASS SIZE;SIZE OF SMALLEST CLASS;SIZE OF LARGEST CLASS
K464;Secondary School for Research;;;0;0;.00;0;0
K464;Secondary School for Research;06;GEN ED;23;1;23.00;23;23
K464;Secondary School for Research;07;GEN ED;22;1;22.00;22;22
K464;Secondary School for Research;08;GEN ED;22;1;22.00;22;22
K464;Secondary School for Research;0K-09;SPEC ED;11;1;11.00;11;11
K464;Secondary School for Research;0K-09;SPEC ED;13;1;13.00;13;13
K464;Secondary School for Research;MS Core;GEN ED;67;3;22.30;22;23
K464;Secondary School for Research;MS Core;GEN ED;67;3;22.30;22;23
K464;Secondary School for Research;MS Core;GEN ED;67;3;22.30;22;23
K464;Secondary School for Research;MS Core;GEN ED;67;3;22.30;22;23
K464;Secondary School for Research;MS Core;SPEC ED;24;2;12.00;11;13
K464;Secondary School for Research;MS Core;SPEC ED;24;2;12.00;11;13
K464;Secondary School for Research;MS Core;SPEC ED;24;2;12.00;11;13
K464;Secondary School for Research;MS Core;SPEC ED;24;2;12.00;11;13
K464;Secondary School for Research;09-12;GEN ED;95;3;31.70;31;32
K464;Secondary School for Research;09-12;GEN ED;45;2;22.50;20;25
K464;Secondary School for Research;09-12;GEN ED;85;3;28.30;25;31
K464;Secondary School for Research;09-12;GEN ED;75;3;25.00;24;27
K464;Secondary School for Research;09-12;GEN ED;91;3;30.30;28;32
K464;Secondary School for Research;09-12;GEN ED;61;2;30.50;30;31
K464;Secondary School for Research;09-12;GEN ED;74;3;24.70;19;29
K464;Secondary School for Research;09-12;GEN ED;46;3;15.30;14;17
K464;Secondary School for Research;09-12;GEN ED;30;1;30.00;30;30
K464;Secondary School for Research;09-12;GEN ED;95;3;31.70;28;35
K464;Secondary School for Research;09-12;GEN ED;50;2;25.00;24;26
K464;Secondary School for Research;09-12;GEN ED;28;1;28.00;28;28
K464;Secondary School for Research;09-12;GEN ED;95;4;23.80;23;25
K464;Secondary School for Research;09-12;GEN ED;150;5;30.00;26;33
K464;Secondary School for Research;09-12;GEN ED;84;3;28.00;23;32
K464;Secondary School for Research;09-12;GEN ED;69;3;23.00;18;26
K464;Secondary School for Research;09-12;SPEC ED;11;1;11.00;11;11
K464;Secondary School for Research;09-12;SPEC ED;12;1;12.00;12;12
K464;Secondary School for Research;09-12;SPEC ED;13;1;13.00;13;13
