SCHOOL CODE;SCHOOL NAME;GRADE ;PROGRAM TYPE;NUMBER OF STUDENTS   SEATS FILLED;NUMBER OF SECTIONS;AVERAGE CLASS SIZE;SIZE OF SMALLEST CLASS;SIZE OF LARGEST CLASS
K468;Kingsborough Early College School;06;GEN ED;53;3;17.70;15;21
K468;Kingsborough Early College School;06;CTT;21;1;21.00;21;21
K468;Kingsborough Early College School;07;GEN ED;55;3;18.30;18;19
K468;Kingsborough Early College School;07;CTT;21;1;21.00;21;21
K468;Kingsborough Early College School;08;GEN ED;67;3;22.30;21;25
K468;Kingsborough Early College School;08;CTT;19;1;19.00;19;19
K468;Kingsborough Early College School;MS Core;GEN ED;174;9;19.30;16;25
K468;Kingsborough Early College School;MS Core;GEN ED;127;7;18.10;16;20
K468;Kingsborough Early College School;MS Core;GEN ED;152;8;19.00;16;24
K468;Kingsborough Early College School;MS Core;GEN ED;108;6;18.00;16;20
K468;Kingsborough Early College School;MS Core;GEN ED;40;2;20.00;19;21
K468;Kingsborough Early College School;MS Core;CTT;63;3;21.00;20;22
K468;Kingsborough Early College School;MS Core;CTT;61;3;20.30;18;22
K468;Kingsborough Early College School;MS Core;CTT;85;4;21.30;20;22
K468;Kingsborough Early College School;MS Core;CTT;68;3;22.70;21;25
K468;Kingsborough Early College School;MS Core;CTT;21;1;21.00;21;21
K468;Kingsborough Early College School;09-12;GEN ED;54;2;27.00;27;27
K468;Kingsborough Early College School;09-12;GEN ED;76;3;25.30;22;28
K468;Kingsborough Early College School;09-12;GEN ED;108;6;18.00;16;20
K468;Kingsborough Early College School;09-12;GEN ED;76;3;25.30;24;27
K468;Kingsborough Early College School;09-12;GEN ED;89;3;29.70;29;30
K468;Kingsborough Early College School;09-12;GEN ED;21;1;21.00;21;21
K468;Kingsborough Early College School;09-12;GEN ED;75;3;25.00;21;29
K468;Kingsborough Early College School;09-12;GEN ED;86;4;21.50;14;32
K468;Kingsborough Early College School;09-12;GEN ED;106;4;26.50;23;30
K468;Kingsborough Early College School;09-12;GEN ED;27;1;27.00;27;27
K468;Kingsborough Early College School;09-12;CTT;31;1;31.00;31;31
K468;Kingsborough Early College School;09-12;CTT;43;2;21.50;21;22
K468;Kingsborough Early College School;09-12;CTT;25;1;25.00;25;25
K468;Kingsborough Early College School;09-12;CTT;30;1;30.00;30;30
K468;Kingsborough Early College School;09-12;CTT;29;1;29.00;29;29
K468;Kingsborough Early College School;;;0;0;.00;0;0
