SCHOOL CODE;SCHOOL NAME;GRADE ;PROGRAM TYPE;NUMBER OF STUDENTS   SEATS FILLED;NUMBER OF SECTIONS;AVERAGE CLASS SIZE;SIZE OF SMALLEST CLASS;SIZE OF LARGEST CLASS
K474;PROGRESS High School for Professional Careers;09-12;GEN ED;160;6;26.70;22;34
K474;PROGRESS High School for Professional Careers;09-12;GEN ED;169;6;28.20;20;34
K474;PROGRESS High School for Professional Careers;09-12;GEN ED;160;5;32.00;30;34
K474;PROGRESS High School for Professional Careers;09-12;GEN ED;138;5;27.60;17;33
K474;PROGRESS High School for Professional Careers;09-12;GEN ED;331;15;22.10;13;27
K474;PROGRESS High School for Professional Careers;09-12;GEN ED;275;11;25.00;15;32
K474;PROGRESS High School for Professional Careers;09-12;GEN ED;348;12;29.00;22;34
K474;PROGRESS High School for Professional Careers;09-12;GEN ED;116;4;29.00;20;34
K474;PROGRESS High School for Professional Careers;09-12;GEN ED;23;1;23.00;23;23
K474;PROGRESS High School for Professional Careers;09-12;GEN ED;651;24;27.10;14;33
K474;PROGRESS High School for Professional Careers;09-12;GEN ED;587;22;26.70;16;33
K474;PROGRESS High School for Professional Careers;09-12;GEN ED;110;5;22.00;18;25
K474;PROGRESS High School for Professional Careers;09-12;GEN ED;610;21;29.00;19;34
K474;PROGRESS High School for Professional Careers;09-12;GEN ED;46;3;15.30;15;16
K474;PROGRESS High School for Professional Careers;09-12;GEN ED;117;4;29.30;26;34
K474;PROGRESS High School for Professional Careers;09-12;GEN ED;150;7;21.40;10;35
K474;PROGRESS High School for Professional Careers;09-12;CTT;53;2;26.50;25;28
K474;PROGRESS High School for Professional Careers;09-12;CTT;59;2;29.50;28;31
K474;PROGRESS High School for Professional Careers;09-12;CTT;32;1;32.00;32;32
K474;PROGRESS High School for Professional Careers;09-12;CTT;31;1;31.00;31;31
K474;PROGRESS High School for Professional Careers;09-12;CTT;159;6;26.50;19;31
K474;PROGRESS High School for Professional Careers;09-12;CTT;131;5;26.20;23;30
K474;PROGRESS High School for Professional Careers;09-12;CTT;34;1;34.00;34;34
K474;PROGRESS High School for Professional Careers;09-12;CTT;156;6;26.00;23;30
K474;PROGRESS High School for Professional Careers;09-12;CTT;231;8;28.90;23;32
K474;PROGRESS High School for Professional Careers;09-12;CTT;19;1;19.00;19;19
K474;PROGRESS High School for Professional Careers;09-12;CTT;196;7;28.00;24;32
K474;PROGRESS High School for Professional Careers;09-12;CTT;12;1;12.00;12;12
K474;PROGRESS High School for Professional Careers;09-12;CTT;63;2;31.50;29;34
K474;PROGRESS High School for Professional Careers;09-12;CTT;20;1;20.00;20;20
K474;PROGRESS High School for Professional Careers;;;0;0;.00;0;0
