SCHOOL CODE;SCHOOL NAME;GRADE ;PROGRAM TYPE;NUMBER OF STUDENTS   SEATS FILLED;NUMBER OF SECTIONS;AVERAGE CLASS SIZE;SIZE OF SMALLEST CLASS;SIZE OF LARGEST CLASS
K477;School for Legal Studies;09-12;GEN ED;244;12;20.30;14;30
K477;School for Legal Studies;09-12;GEN ED;208;7;29.70;24;34
K477;School for Legal Studies;09-12;GEN ED;166;5;33.20;32;34
K477;School for Legal Studies;09-12;GEN ED;127;4;31.80;27;35
K477;School for Legal Studies;09-12;GEN ED;315;12;26.30;16;33
K477;School for Legal Studies;09-12;GEN ED;192;8;24.00;15;34
K477;School for Legal Studies;09-12;GEN ED;58;2;29.00;28;30
K477;School for Legal Studies;09-12;GEN ED;18;1;18.00;18;18
K477;School for Legal Studies;09-12;GEN ED;224;7;32.00;26;34
K477;School for Legal Studies;09-12;GEN ED;217;7;31.00;27;34
K477;School for Legal Studies;09-12;GEN ED;50;2;25.00;20;30
K477;School for Legal Studies;09-12;GEN ED;112;5;22.40;15;32
K477;School for Legal Studies;09-12;GEN ED;375;13;28.80;20;35
K477;School for Legal Studies;09-12;GEN ED;279;9;31.00;27;34
K477;School for Legal Studies;09-12;GEN ED;667;23;29.00;16;35
K477;School for Legal Studies;09-12;CTT;73;4;18.30;11;26
K477;School for Legal Studies;09-12;CTT;32;1;32.00;32;32
K477;School for Legal Studies;09-12;CTT;36;1;36.00;36;36
K477;School for Legal Studies;09-12;CTT;84;3;28.00;22;34
K477;School for Legal Studies;09-12;CTT;34;1;34.00;34;34
K477;School for Legal Studies;09-12;CTT;67;2;33.50;33;34
K477;School for Legal Studies;09-12;CTT;64;2;32.00;31;33
K477;School for Legal Studies;09-12;CTT;122;4;30.50;28;33
K477;School for Legal Studies;09-12;CTT;35;1;35.00;35;35
K477;School for Legal Studies;09-12;CTT;186;6;31.00;26;34
K477;School for Legal Studies;;;0;0;.00;0;0
