SCHOOL CODE;SCHOOL NAME;GRADE ;PROGRAM TYPE;NUMBER OF STUDENTS   SEATS FILLED;NUMBER OF SECTIONS;AVERAGE CLASS SIZE;SIZE OF SMALLEST CLASS;SIZE OF LARGEST CLASS
K478;The High School for Enterprise, Business and Technology;09-12;GEN ED;151;5;30.20;25;33
K478;The High School for Enterprise, Business and Technology;09-12;GEN ED;145;5;29.00;24;34
K478;The High School for Enterprise, Business and Technology;09-12;GEN ED;203;8;25.40;10;34
K478;The High School for Enterprise, Business and Technology;09-12;GEN ED;181;9;20.10;12;34
K478;The High School for Enterprise, Business and Technology;09-12;GEN ED;466;12;38.80;13;91
K478;The High School for Enterprise, Business and Technology;09-12;GEN ED;530;19;27.90;13;34
K478;The High School for Enterprise, Business and Technology;09-12;GEN ED;210;8;26.30;14;34
K478;The High School for Enterprise, Business and Technology;09-12;GEN ED;110;4;27.50;17;34
K478;The High School for Enterprise, Business and Technology;09-12;GEN ED;87;2;43.50;37;50
K478;The High School for Enterprise, Business and Technology;09-12;GEN ED;378;12;31.50;24;34
K478;The High School for Enterprise, Business and Technology;09-12;GEN ED;389;13;29.90;19;34
K478;The High School for Enterprise, Business and Technology;09-12;GEN ED;523;17;30.80;23;34
K478;The High School for Enterprise, Business and Technology;09-12;GEN ED;44;2;22.00;22;22
K478;The High School for Enterprise, Business and Technology;09-12;GEN ED;320;8;40.00;14;70
K478;The High School for Enterprise, Business and Technology;09-12;GEN ED;383;15;25.50;11;34
K478;The High School for Enterprise, Business and Technology;09-12;GEN ED;217;8;27.10;10;34
K478;The High School for Enterprise, Business and Technology;09-12;GEN ED;168;6;28.00;23;34
K478;The High School for Enterprise, Business and Technology;09-12;GEN ED;125;5;25.00;12;63
K478;The High School for Enterprise, Business and Technology;09-12;CTT;74;3;24.70;24;26
K478;The High School for Enterprise, Business and Technology;09-12;CTT;59;2;29.50;29;30
K478;The High School for Enterprise, Business and Technology;09-12;CTT;60;2;30.00;26;34
K478;The High School for Enterprise, Business and Technology;09-12;CTT;34;1;34.00;34;34
K478;The High School for Enterprise, Business and Technology;09-12;CTT;101;4;25.30;24;29
K478;The High School for Enterprise, Business and Technology;09-12;CTT;209;8;26.10;23;34
K478;The High School for Enterprise, Business and Technology;09-12;CTT;60;2;30.00;27;33
K478;The High School for Enterprise, Business and Technology;09-12;CTT;118;4;29.50;29;30
K478;The High School for Enterprise, Business and Technology;09-12;CTT;118;4;29.50;26;33
K478;The High School for Enterprise, Business and Technology;09-12;CTT;146;4;36.50;21;80
K478;The High School for Enterprise, Business and Technology;09-12;CTT;156;6;26.00;22;31
K478;The High School for Enterprise, Business and Technology;09-12;CTT;64;2;32.00;30;34
K478;The High School for Enterprise, Business and Technology;09-12;CTT;33;1;33.00;33;33
K478;The High School for Enterprise, Business and Technology;09-12;CTT;52;2;26.00;12;40
K478;The High School for Enterprise, Business and Technology;;;0;0;.00;0;0
