SCHOOL CODE;SCHOOL NAME;GRADE ;PROGRAM TYPE;NUMBER OF STUDENTS   SEATS FILLED;NUMBER OF SECTIONS;AVERAGE CLASS SIZE;SIZE OF SMALLEST CLASS;SIZE OF LARGEST CLASS
K483;The Urban Assembly School for Law and Justice;09-12;GEN ED;215;8;26.90;25;30
K483;The Urban Assembly School for Law and Justice;09-12;GEN ED;93;4;23.30;21;25
K483;The Urban Assembly School for Law and Justice;09-12;GEN ED;69;3;23.00;15;28
K483;The Urban Assembly School for Law and Justice;09-12;GEN ED;66;4;16.50;13;21
K483;The Urban Assembly School for Law and Justice;09-12;GEN ED;91;4;22.80;20;25
K483;The Urban Assembly School for Law and Justice;09-12;GEN ED;75;4;18.80;16;22
K483;The Urban Assembly School for Law and Justice;09-12;GEN ED;174;8;21.80;14;27
K483;The Urban Assembly School for Law and Justice;09-12;GEN ED;83;4;20.80;15;29
K483;The Urban Assembly School for Law and Justice;09-12;GEN ED;40;2;20.00;18;22
K483;The Urban Assembly School for Law and Justice;09-12;GEN ED;209;8;26.10;21;32
K483;The Urban Assembly School for Law and Justice;09-12;GEN ED;136;6;22.70;17;28
K483;The Urban Assembly School for Law and Justice;09-12;GEN ED;94;4;23.50;23;24
K483;The Urban Assembly School for Law and Justice;09-12;GEN ED;117;5;23.40;11;28
K483;The Urban Assembly School for Law and Justice;09-12;GEN ED;172;8;21.50;16;28
K483;The Urban Assembly School for Law and Justice;09-12;CTT;45;2;22.50;22;23
K483;The Urban Assembly School for Law and Justice;09-12;CTT;24;1;24.00;24;24
K483;The Urban Assembly School for Law and Justice;09-12;CTT;53;2;26.50;25;28
K483;The Urban Assembly School for Law and Justice;09-12;CTT;16;1;16.00;16;16
K483;The Urban Assembly School for Law and Justice;09-12;CTT;14;1;14.00;14;14
K483;The Urban Assembly School for Law and Justice;09-12;CTT;55;3;18.30;14;25
K483;The Urban Assembly School for Law and Justice;09-12;CTT;24;1;24.00;24;24
K483;The Urban Assembly School for Law and Justice;09-12;CTT;40;2;20.00;20;20
K483;The Urban Assembly School for Law and Justice;09-12;CTT;54;2;27.00;25;29
K483;The Urban Assembly School for Law and Justice;09-12;CTT;24;1;24.00;24;24
K483;The Urban Assembly School for Law and Justice;09-12;CTT;25;1;25.00;25;25
K483;The Urban Assembly School for Law and Justice;09-12;CTT;69;3;23.00;18;26
K483;The Urban Assembly School for Law and Justice;09-12;CTT;23;1;23.00;23;23
K483;The Urban Assembly School for Law and Justice;09-12;CTT;14;1;14.00;14;14
K483;The Urban Assembly School for Law and Justice;09-12;CTT;67;3;22.30;16;26
K483;The Urban Assembly School for Law and Justice;;;0;0;.00;0;0
