SCHOOL CODE;SCHOOL NAME;GRADE ;PROGRAM TYPE;NUMBER OF STUDENTS   SEATS FILLED;NUMBER OF SECTIONS;AVERAGE CLASS SIZE;SIZE OF SMALLEST CLASS;SIZE OF LARGEST CLASS
K484;Ronald Edmonds Learning Center II;06;GEN ED;45;2;22.50;22;23
K484;Ronald Edmonds Learning Center II;07;GEN ED;53;3;17.70;14;21
K484;Ronald Edmonds Learning Center II;08;GEN ED;41;2;20.50;18;23
K484;Ronald Edmonds Learning Center II;0K-09;SPEC ED;14;1;14.00;14;14
K484;Ronald Edmonds Learning Center II;MS Core;GEN ED;262;13;20.20;12;24
K484;Ronald Edmonds Learning Center II;MS Core;GEN ED;80;4;20.00;16;23
K484;Ronald Edmonds Learning Center II;MS Core;GEN ED;56;3;18.70;14;24
K484;Ronald Edmonds Learning Center II;MS Core;GEN ED;18;1;18.00;18;18
K484;Ronald Edmonds Learning Center II;MS Core;GEN ED;98;5;19.60;12;23
K484;Ronald Edmonds Learning Center II;MS Core;GEN ED;42;2;21.00;18;24
K484;Ronald Edmonds Learning Center II;MS Core;GEN ED;98;5;19.60;12;23
K484;Ronald Edmonds Learning Center II;MS Core;GEN ED;42;2;21.00;18;24
K484;Ronald Edmonds Learning Center II;MS Core;CTT;28;1;28.00;28;28
K484;Ronald Edmonds Learning Center II;MS Core;SPEC ED;22;2;11.00;10;12
K484;Ronald Edmonds Learning Center II;MS Core;SPEC ED;22;2;11.00;10;12
K484;Ronald Edmonds Learning Center II;MS Core;SPEC ED;22;2;11.00;10;12
K484;Ronald Edmonds Learning Center II;MS Core;SPEC ED;22;2;11.00;10;12
K484;Ronald Edmonds Learning Center II;;;0;0;.00;0;0
