SCHOOL CODE;SCHOOL NAME;GRADE ;PROGRAM TYPE;NUMBER OF STUDENTS   SEATS FILLED;NUMBER OF SECTIONS;AVERAGE CLASS SIZE;SIZE OF SMALLEST CLASS;SIZE OF LARGEST CLASS
K485;High School of Telecommunication Arts and Technology;09-12;GEN ED;234;8;29.30;20;34
K485;High School of Telecommunication Arts and Technology;09-12;GEN ED;209;7;29.90;26;34
K485;High School of Telecommunication Arts and Technology;09-12;GEN ED;238;8;29.80;23;34
K485;High School of Telecommunication Arts and Technology;09-12;GEN ED;241;8;30.10;10;34
K485;High School of Telecommunication Arts and Technology;09-12;GEN ED;281;10;28.10;16;34
K485;High School of Telecommunication Arts and Technology;09-12;GEN ED;273;10;27.30;21;35
K485;High School of Telecommunication Arts and Technology;09-12;GEN ED;302;11;27.50;15;34
K485;High School of Telecommunication Arts and Technology;09-12;GEN ED;295;9;32.80;29;34
K485;High School of Telecommunication Arts and Technology;09-12;GEN ED;97;3;32.30;30;34
K485;High School of Telecommunication Arts and Technology;09-12;GEN ED;395;12;32.90;32;34
K485;High School of Telecommunication Arts and Technology;09-12;GEN ED;364;12;30.30;20;34
K485;High School of Telecommunication Arts and Technology;09-12;GEN ED;471;16;29.40;20;34
K485;High School of Telecommunication Arts and Technology;09-12;GEN ED;132;4;33.00;33;33
K485;High School of Telecommunication Arts and Technology;09-12;GEN ED;319;10;31.90;27;36
K485;High School of Telecommunication Arts and Technology;09-12;GEN ED;633;21;30.10;20;34
K485;High School of Telecommunication Arts and Technology;09-12;GEN ED;238;8;29.80;24;34
K485;High School of Telecommunication Arts and Technology;09-12;GEN ED;250;8;31.30;22;34
K485;High School of Telecommunication Arts and Technology;09-12;GEN ED;160;5;32.00;27;37
K485;High School of Telecommunication Arts and Technology;09-12;CTT;94;3;31.30;31;32
K485;High School of Telecommunication Arts and Technology;09-12;CTT;95;3;31.70;29;34
K485;High School of Telecommunication Arts and Technology;09-12;CTT;58;2;29.00;27;31
K485;High School of Telecommunication Arts and Technology;09-12;CTT;86;3;28.70;26;30
K485;High School of Telecommunication Arts and Technology;09-12;CTT;172;6;28.70;16;34
K485;High School of Telecommunication Arts and Technology;09-12;CTT;174;7;24.90;12;33
K485;High School of Telecommunication Arts and Technology;09-12;CTT;66;2;33.00;32;34
K485;High School of Telecommunication Arts and Technology;09-12;CTT;130;4;32.50;32;33
K485;High School of Telecommunication Arts and Technology;09-12;CTT;270;9;30.00;16;33
K485;High School of Telecommunication Arts and Technology;09-12;CTT;164;5;32.80;32;34
K485;High School of Telecommunication Arts and Technology;09-12;CTT;269;9;29.90;16;34
K485;High School of Telecommunication Arts and Technology;09-12;CTT;58;2;29.00;27;31
K485;High School of Telecommunication Arts and Technology;09-12;CTT;53;2;26.50;24;29
K485;High School of Telecommunication Arts and Technology;09-12;CTT;82;3;27.30;16;34
K485;High School of Telecommunication Arts and Technology;09-12;SPEC ED;24;2;12.00;12;12
K485;High School of Telecommunication Arts and Technology;09-12;SPEC ED;22;2;11.00;11;11
K485;High School of Telecommunication Arts and Technology;09-12;SPEC ED;22;2;11.00;11;11
K485;High School of Telecommunication Arts and Technology;09-12;SPEC ED;10;1;10.00;10;10
K485;High School of Telecommunication Arts and Technology;;;0;0;.00;0;0
