SCHOOL CODE;SCHOOL NAME;GRADE ;PROGRAM TYPE;NUMBER OF STUDENTS   SEATS FILLED;NUMBER OF SECTIONS;AVERAGE CLASS SIZE;SIZE OF SMALLEST CLASS;SIZE OF LARGEST CLASS
K488;Brooklyn Preparatory High School;09-12;GEN ED;89;3;29.70;28;31
K488;Brooklyn Preparatory High School;09-12;GEN ED;81;3;27.00;21;32
K488;Brooklyn Preparatory High School;09-12;GEN ED;38;3;12.70;11;16
K488;Brooklyn Preparatory High School;09-12;GEN ED;58;4;14.50;12;18
K488;Brooklyn Preparatory High School;09-12;GEN ED;113;4;28.30;24;31
K488;Brooklyn Preparatory High School;09-12;GEN ED;105;4;26.30;21;28
K488;Brooklyn Preparatory High School;09-12;GEN ED;65;2;32.50;32;33
K488;Brooklyn Preparatory High School;09-12;GEN ED;49;2;24.50;22;27
K488;Brooklyn Preparatory High School;09-12;GEN ED;23;1;23.00;23;23
K488;Brooklyn Preparatory High School;09-12;GEN ED;170;6;28.30;21;32
K488;Brooklyn Preparatory High School;09-12;GEN ED;42;2;21.00;18;24
K488;Brooklyn Preparatory High School;09-12;GEN ED;52;2;26.00;22;30
K488;Brooklyn Preparatory High School;09-12;GEN ED;170;6;28.30;21;32
K488;Brooklyn Preparatory High School;09-12;GEN ED;114;6;19.00;14;27
K488;Brooklyn Preparatory High School;09-12;GEN ED;10;1;10.00;10;10
K488;Brooklyn Preparatory High School;09-12;CTT;30;1;30.00;30;30
K488;Brooklyn Preparatory High School;09-12;CTT;26;1;26.00;26;26
K488;Brooklyn Preparatory High School;09-12;CTT;34;2;17.00;12;22
K488;Brooklyn Preparatory High School;09-12;CTT;30;1;30.00;30;30
K488;Brooklyn Preparatory High School;09-12;CTT;56;2;28.00;26;30
K488;Brooklyn Preparatory High School;09-12;CTT;21;1;21.00;21;21
K488;Brooklyn Preparatory High School;09-12;CTT;92;4;23.00;16;30
K488;Brooklyn Preparatory High School;09-12;CTT;18;1;18.00;18;18
K488;Brooklyn Preparatory High School;09-12;CTT;26;1;26.00;26;26
K488;Brooklyn Preparatory High School;09-12;CTT;56;2;28.00;26;30
K488;Brooklyn Preparatory High School;09-12;CTT;24;1;24.00;24;24
K488;Brooklyn Preparatory High School;;;0;0;.00;0;0
