SCHOOL CODE;SCHOOL NAME;GRADE ;PROGRAM TYPE;NUMBER OF STUDENTS   SEATS FILLED;NUMBER OF SECTIONS;AVERAGE CLASS SIZE;SIZE OF SMALLEST CLASS;SIZE OF LARGEST CLASS
K489;W.E.B. Dubois Academic High School;09-12;GEN ED;50;2;25.00;25;25
K489;W.E.B. Dubois Academic High School;09-12;GEN ED;67;3;22.30;18;25
K489;W.E.B. Dubois Academic High School;09-12;GEN ED;87;4;21.80;10;30
K489;W.E.B. Dubois Academic High School;09-12;GEN ED;131;6;21.80;13;26
K489;W.E.B. Dubois Academic High School;09-12;GEN ED;40;2;20.00;15;25
K489;W.E.B. Dubois Academic High School;09-12;GEN ED;57;3;19.00;14;24
K489;W.E.B. Dubois Academic High School;09-12;GEN ED;133;6;22.20;17;29
K489;W.E.B. Dubois Academic High School;09-12;GEN ED;96;4;24.00;16;27
K489;W.E.B. Dubois Academic High School;09-12;GEN ED;71;3;23.70;17;28
K489;W.E.B. Dubois Academic High School;09-12;GEN ED;47;2;23.50;21;26
K489;W.E.B. Dubois Academic High School;;;0;0;.00;0;0
