SCHOOL CODE;SCHOOL NAME;GRADE ;PROGRAM TYPE;NUMBER OF STUDENTS   SEATS FILLED;NUMBER OF SECTIONS;AVERAGE CLASS SIZE;SIZE OF SMALLEST CLASS;SIZE OF LARGEST CLASS
K490;Fort Hamilton High School;09-12;GEN ED;686;28;24.50;20;28
K490;Fort Hamilton High School;09-12;GEN ED;791;29;27.30;19;31
K490;Fort Hamilton High School;09-12;GEN ED;683;25;27.30;22;31
K490;Fort Hamilton High School;09-12;GEN ED;876;32;27.40;23;31
K490;Fort Hamilton High School;09-12;GEN ED;264;9;29.30;22;34
K490;Fort Hamilton High School;09-12;GEN ED;276;16;17.30;10;24
K490;Fort Hamilton High School;09-12;GEN ED;1716;57;30.10;17;34
K490;Fort Hamilton High School;09-12;GEN ED;973;32;30.40;17;35
K490;Fort Hamilton High School;09-12;GEN ED;719;23;31.30;20;35
K490;Fort Hamilton High School;09-12;GEN ED;176;7;25.10;11;35
K490;Fort Hamilton High School;09-12;GEN ED;755;25;30.20;15;34
K490;Fort Hamilton High School;09-12;GEN ED;1128;38;29.70;16;34
K490;Fort Hamilton High School;09-12;GEN ED;499;15;33.30;28;35
K490;Fort Hamilton High School;09-12;GEN ED;290;10;29.00;15;34
K490;Fort Hamilton High School;09-12;GEN ED;740;26;28.50;12;34
K490;Fort Hamilton High School;09-12;GEN ED;1793;62;28.90;11;34
K490;Fort Hamilton High School;09-12;GEN ED;918;29;31.70;20;34
K490;Fort Hamilton High School;09-12;GEN ED;409;14;29.20;19;34
K490;Fort Hamilton High School;09-12;GEN ED;522;18;29.00;14;34
K490;Fort Hamilton High School;09-12;GEN ED;80;3;26.70;23;33
K490;Fort Hamilton High School;09-12;CTT;56;2;28.00;28;28
K490;Fort Hamilton High School;09-12;CTT;117;4;29.30;29;30
K490;Fort Hamilton High School;09-12;CTT;54;2;27.00;27;27
K490;Fort Hamilton High School;09-12;CTT;74;3;24.70;24;25
K490;Fort Hamilton High School;09-12;CTT;66;2;33.00;33;33
K490;Fort Hamilton High School;09-12;CTT;265;9;29.40;24;33
K490;Fort Hamilton High School;09-12;CTT;43;2;21.50;12;31
K490;Fort Hamilton High School;09-12;CTT;132;4;33.00;32;34
K490;Fort Hamilton High School;09-12;CTT;99;3;33.00;32;34
K490;Fort Hamilton High School;09-12;CTT;95;3;31.70;30;33
K490;Fort Hamilton High School;09-12;CTT;197;6;32.80;32;34
K490;Fort Hamilton High School;09-12;CTT;65;2;32.50;32;33
K490;Fort Hamilton High School;09-12;CTT;31;1;31.00;31;31
K490;Fort Hamilton High School;09-12;SPEC ED;69;5;13.80;8;16
K490;Fort Hamilton High School;09-12;SPEC ED;53;4;13.30;11;15
K490;Fort Hamilton High School;09-12;SPEC ED;45;3;15.00;14;16
K490;Fort Hamilton High School;09-12;SPEC ED;42;3;14.00;13;15
K490;Fort Hamilton High School;09-12;SPEC ED;61;4;15.30;15;16
K490;Fort Hamilton High School;09-12;SPEC ED;162;13;12.50;5;16
K490;Fort Hamilton High School;09-12;SPEC ED;23;2;11.50;9;14
K490;Fort Hamilton High School;09-12;SPEC ED;65;5;13.00;11;14
K490;Fort Hamilton High School;09-12;SPEC ED;100;6;16.70;13;19
K490;Fort Hamilton High School;09-12;SPEC ED;56;5;11.20;7;14
K490;Fort Hamilton High School;09-12;SPEC ED;146;11;13.30;7;15
K490;Fort Hamilton High School;09-12;SPEC ED;59;4;14.80;13;16
K490;Fort Hamilton High School;09-12;SPEC ED;40;3;13.30;12;15
K490;Fort Hamilton High School;;;0;0;.00;0;0
