SCHOOL CODE;SCHOOL NAME;GRADE ;PROGRAM TYPE;NUMBER OF STUDENTS   SEATS FILLED;NUMBER OF SECTIONS;AVERAGE CLASS SIZE;SIZE OF SMALLEST CLASS;SIZE OF LARGEST CLASS
K492;Urban Assembly Academy of Arts and Letters;06;GEN ED;55;2;27.50;27;28
K492;Urban Assembly Academy of Arts and Letters;06;CTT;49;2;24.50;24;25
K492;Urban Assembly Academy of Arts and Letters;07;GEN ED;52;2;26.00;26;26
K492;Urban Assembly Academy of Arts and Letters;07;CTT;50;2;25.00;25;25
K492;Urban Assembly Academy of Arts and Letters;08;CTT;100;4;25.00;24;27
K492;Urban Assembly Academy of Arts and Letters;MS Core;GEN ED;154;6;25.70;24;27
K492;Urban Assembly Academy of Arts and Letters;MS Core;GEN ED;154;6;25.70;24;27
K492;Urban Assembly Academy of Arts and Letters;MS Core;GEN ED;154;6;25.70;24;27
K492;Urban Assembly Academy of Arts and Letters;MS Core;GEN ED;154;6;25.70;24;27
K492;Urban Assembly Academy of Arts and Letters;MS Core;CTT;151;6;25.20;24;26
K492;Urban Assembly Academy of Arts and Letters;MS Core;CTT;151;6;25.20;24;26
K492;Urban Assembly Academy of Arts and Letters;MS Core;CTT;151;6;25.20;24;26
K492;Urban Assembly Academy of Arts and Letters;MS Core;CTT;151;6;25.20;24;26
K492;Urban Assembly Academy of Arts and Letters;;;0;0;.00;0;0
