SCHOOL CODE;SCHOOL NAME;GRADE ;PROGRAM TYPE;NUMBER OF STUDENTS   SEATS FILLED;NUMBER OF SECTIONS;AVERAGE CLASS SIZE;SIZE OF SMALLEST CLASS;SIZE OF LARGEST CLASS
K493;Brooklyn Collegiate: A College Board School;06;GEN ED;63;3;21.00;18;24
K493;Brooklyn Collegiate: A College Board School;07;GEN ED;86;3;28.70;27;30
K493;Brooklyn Collegiate: A College Board School;08;GEN ED;83;3;27.70;23;31
K493;Brooklyn Collegiate: A College Board School;MS Core;GEN ED;433;17;25.50;18;30
K493;Brooklyn Collegiate: A College Board School;MS Core;GEN ED;382;15;25.50;18;30
K493;Brooklyn Collegiate: A College Board School;MS Core;GEN ED;339;12;28.30;24;30
K493;Brooklyn Collegiate: A College Board School;MS Core;GEN ED;59;3;19.70;18;21
K493;Brooklyn Collegiate: A College Board School;MS Core;GEN ED;229;9;25.40;18;30
K493;Brooklyn Collegiate: A College Board School;09-12;GEN ED;179;12;14.90;10;30
K493;Brooklyn Collegiate: A College Board School;09-12;GEN ED;95;4;23.80;14;33
K493;Brooklyn Collegiate: A College Board School;09-12;GEN ED;77;3;25.70;16;32
K493;Brooklyn Collegiate: A College Board School;09-12;GEN ED;80;3;26.70;20;31
K493;Brooklyn Collegiate: A College Board School;09-12;GEN ED;153;6;25.50;21;27
K493;Brooklyn Collegiate: A College Board School;09-12;GEN ED;167;7;23.90;12;32
K493;Brooklyn Collegiate: A College Board School;09-12;GEN ED;92;3;30.70;25;34
K493;Brooklyn Collegiate: A College Board School;09-12;GEN ED;23;1;23.00;23;23
K493;Brooklyn Collegiate: A College Board School;09-12;GEN ED;165;6;27.50;14;34
K493;Brooklyn Collegiate: A College Board School;09-12;GEN ED;122;5;24.40;19;33
K493;Brooklyn Collegiate: A College Board School;09-12;GEN ED;30;1;30.00;30;30
K493;Brooklyn Collegiate: A College Board School;09-12;GEN ED;46;3;15.30;11;20
K493;Brooklyn Collegiate: A College Board School;09-12;GEN ED;135;5;27.00;23;32
K493;Brooklyn Collegiate: A College Board School;09-12;GEN ED;172;6;28.70;17;34
K493;Brooklyn Collegiate: A College Board School;09-12;SPEC ED;9;1;9.00;9;9
K493;Brooklyn Collegiate: A College Board School;09-12;SPEC ED;9;1;9.00;9;9
K493;Brooklyn Collegiate: A College Board School;09-12;SPEC ED;9;1;9.00;9;9
K493;Brooklyn Collegiate: A College Board School;09-12;SPEC ED;9;1;9.00;9;9
K493;Brooklyn Collegiate: A College Board School;09-12;SPEC ED;10;1;10.00;10;10
K493;Brooklyn Collegiate: A College Board School;09-12;SPEC ED;11;1;11.00;11;11
K493;Brooklyn Collegiate: A College Board School;09-12;SPEC ED;22;2;11.00;10;12
K493;Brooklyn Collegiate: A College Board School;09-12;SPEC ED;11;1;11.00;11;11
K493;Brooklyn Collegiate: A College Board School;09-12;SPEC ED;19;2;9.50;8;11
K493;Brooklyn Collegiate: A College Board School;;;0;0;.00;0;0
