SCHOOL CODE;SCHOOL NAME;GRADE ;PROGRAM TYPE;NUMBER OF STUDENTS   SEATS FILLED;NUMBER OF SECTIONS;AVERAGE CLASS SIZE;SIZE OF SMALLEST CLASS;SIZE OF LARGEST CLASS
K495;Sheepshead Bay High School;09-12;GEN ED;322;12;26.80;13;34
K495;Sheepshead Bay High School;09-12;GEN ED;343;12;28.60;21;33
K495;Sheepshead Bay High School;09-12;GEN ED;364;12;30.30;20;34
K495;Sheepshead Bay High School;09-12;GEN ED;519;19;27.30;20;33
K495;Sheepshead Bay High School;09-12;GEN ED;174;8;21.80;13;31
K495;Sheepshead Bay High School;09-12;GEN ED;116;4;29.00;26;32
K495;Sheepshead Bay High School;09-12;GEN ED;903;34;26.60;16;35
K495;Sheepshead Bay High School;09-12;GEN ED;66;2;33.00;33;33
K495;Sheepshead Bay High School;09-12;GEN ED;555;20;27.80;18;34
K495;Sheepshead Bay High School;09-12;GEN ED;45;3;15.00;15;15
K495;Sheepshead Bay High School;09-12;GEN ED;266;10;26.60;11;34
K495;Sheepshead Bay High School;09-12;GEN ED;755;30;25.20;11;34
K495;Sheepshead Bay High School;09-12;GEN ED;379;17;22.30;10;34
K495;Sheepshead Bay High School;09-12;GEN ED;43;2;21.50;18;25
K495;Sheepshead Bay High School;09-12;GEN ED;340;12;28.30;16;35
K495;Sheepshead Bay High School;09-12;GEN ED;881;31;28.40;15;34
K495;Sheepshead Bay High School;09-12;GEN ED;443;17;26.10;12;34
K495;Sheepshead Bay High School;09-12;GEN ED;24;1;24.00;24;24
K495;Sheepshead Bay High School;09-12;GEN ED;436;15;29.10;22;34
K495;Sheepshead Bay High School;09-12;GEN ED;376;15;25.10;11;33
K495;Sheepshead Bay High School;09-12;CTT;83;3;27.70;17;36
K495;Sheepshead Bay High School;09-12;CTT;34;1;34.00;34;34
K495;Sheepshead Bay High School;09-12;CTT;31;1;31.00;31;31
K495;Sheepshead Bay High School;09-12;CTT;28;2;14.00;11;17
K495;Sheepshead Bay High School;09-12;CTT;54;2;27.00;25;29
K495;Sheepshead Bay High School;09-12;CTT;89;3;29.70;26;32
K495;Sheepshead Bay High School;09-12;CTT;129;4;32.30;31;33
K495;Sheepshead Bay High School;09-12;CTT;13;1;13.00;13;13
K495;Sheepshead Bay High School;09-12;CTT;32;1;32.00;32;32
K495;Sheepshead Bay High School;09-12;CTT;61;2;30.50;30;31
K495;Sheepshead Bay High School;09-12;CTT;31;1;31.00;31;31
K495;Sheepshead Bay High School;09-12;SPEC ED;29;3;9.70;6;13
K495;Sheepshead Bay High School;09-12;SPEC ED;28;2;14.00;13;15
K495;Sheepshead Bay High School;09-12;SPEC ED;24;2;12.00;12;12
K495;Sheepshead Bay High School;09-12;SPEC ED;12;1;12.00;12;12
K495;Sheepshead Bay High School;09-12;SPEC ED;33;3;11.00;9;14
K495;Sheepshead Bay High School;09-12;SPEC ED;24;2;12.00;11;13
K495;Sheepshead Bay High School;09-12;SPEC ED;25;2;12.50;10;15
K495;Sheepshead Bay High School;09-12;SPEC ED;27;2;13.50;13;14
K495;Sheepshead Bay High School;09-12;SPEC ED;52;5;10.40;9;14
K495;Sheepshead Bay High School;09-12;SPEC ED;48;4;12.00;10;16
K495;Sheepshead Bay High School;09-12;SPEC ED;45;4;11.30;7;14
K495;Sheepshead Bay High School;09-12;SPEC ED;19;2;9.50;8;11
K495;Sheepshead Bay High School;09-12;SPEC ED;44;4;11.00;9;14
K495;Sheepshead Bay High School;;;0;0;.00;0;0
