SCHOOL CODE;SCHOOL NAME;GRADE ;PROGRAM TYPE;NUMBER OF STUDENTS   SEATS FILLED;NUMBER OF SECTIONS;AVERAGE CLASS SIZE;SIZE OF SMALLEST CLASS;SIZE OF LARGEST CLASS
K497;School for International Studies;06;GEN ED;32;2;16.00;13;19
K497;School for International Studies;07;GEN ED;41;2;20.50;18;23
K497;School for International Studies;08;GEN ED;53;2;26.50;25;28
K497;School for International Studies;0K-09;SPEC ED;10;1;10.00;10;10
K497;School for International Studies;0K-09;SPEC ED;7;1;7.00;7;7
K497;School for International Studies;MS Core;GEN ED;194;10;19.40;13;26
K497;School for International Studies;MS Core;GEN ED;123;6;20.50;14;27
K497;School for International Studies;MS Core;GEN ED;122;6;20.30;13;26
K497;School for International Studies;MS Core;GEN ED;120;6;20.00;13;27
K497;School for International Studies;09-12;GEN ED;92;4;23.00;19;27
K497;School for International Studies;09-12;GEN ED;59;3;19.70;18;22
K497;School for International Studies;09-12;GEN ED;110;5;22.00;19;27
K497;School for International Studies;09-12;GEN ED;54;2;27.00;25;29
K497;School for International Studies;09-12;GEN ED;87;4;21.80;20;24
K497;School for International Studies;09-12;GEN ED;171;7;24.40;10;31
K497;School for International Studies;09-12;GEN ED;87;6;14.50;12;18
K497;School for International Studies;09-12;GEN ED;49;2;24.50;20;29
K497;School for International Studies;09-12;GEN ED;30;2;15.00;10;20
K497;School for International Studies;09-12;GEN ED;84;3;28.00;26;30
K497;School for International Studies;09-12;GEN ED;89;3;29.70;29;31
K497;School for International Studies;09-12;GEN ED;52;2;26.00;20;32
K497;School for International Studies;09-12;GEN ED;60;2;30.00;29;31
K497;School for International Studies;09-12;GEN ED;166;7;23.70;17;31
K497;School for International Studies;09-12;GEN ED;165;7;23.60;18;30
K497;School for International Studies;09-12;CTT;30;1;30.00;30;30
K497;School for International Studies;09-12;SPEC ED;14;1;14.00;14;14
K497;School for International Studies;09-12;SPEC ED;15;1;15.00;15;15
K497;School for International Studies;09-12;SPEC ED;17;1;17.00;17;17
K497;School for International Studies;09-12;SPEC ED;15;1;15.00;15;15
K497;School for International Studies;;;0;0;.00;0;0
