SCHOOL CODE;SCHOOL NAME;GRADE ;PROGRAM TYPE;NUMBER OF STUDENTS   SEATS FILLED;NUMBER OF SECTIONS;AVERAGE CLASS SIZE;SIZE OF SMALLEST CLASS;SIZE OF LARGEST CLASS
K498;ACORN High School for Social Justice;;;0;0;.00;0;0
K498;ACORN High School for Social Justice;09-12;GEN ED;176;6;29.30;27;31
K498;ACORN High School for Social Justice;09-12;GEN ED;238;9;26.40;20;33
K498;ACORN High School for Social Justice;09-12;GEN ED;92;4;23.00;12;28
K498;ACORN High School for Social Justice;09-12;GEN ED;88;3;29.30;29;30
K498;ACORN High School for Social Justice;09-12;GEN ED;99;4;24.80;14;32
K498;ACORN High School for Social Justice;09-12;GEN ED;60;2;30.00;29;31
K498;ACORN High School for Social Justice;09-12;GEN ED;143;5;28.60;25;30
K498;ACORN High School for Social Justice;09-12;GEN ED;175;6;29.20;25;31
K498;ACORN High School for Social Justice;09-12;GEN ED;279;10;27.90;18;30
K498;ACORN High School for Social Justice;09-12;GEN ED;13;1;13.00;13;13
K498;ACORN High School for Social Justice;09-12;GEN ED;46;2;23.00;18;28
K498;ACORN High School for Social Justice;09-12;GEN ED;147;6;24.50;21;27
K498;ACORN High School for Social Justice;09-12;GEN ED;90;3;30.00;29;31
K498;ACORN High School for Social Justice;09-12;GEN ED;66;2;33.00;33;33
K498;ACORN High School for Social Justice;09-12;GEN ED;138;5;27.60;22;32
K498;ACORN High School for Social Justice;09-12;CTT;30;1;30.00;30;30
K498;ACORN High School for Social Justice;09-12;SPEC ED;26;2;13.00;13;13
K498;ACORN High School for Social Justice;09-12;SPEC ED;15;1;15.00;15;15
K498;ACORN High School for Social Justice;09-12;SPEC ED;39;3;13.00;10;16
K498;ACORN High School for Social Justice;09-12;SPEC ED;11;1;11.00;11;11
K498;ACORN High School for Social Justice;09-12;SPEC ED;26;2;13.00;13;13
K498;ACORN High School for Social Justice;09-12;SPEC ED;22;2;11.00;11;11
K498;ACORN High School for Social Justice;09-12;SPEC ED;26;2;13.00;13;13
K498;ACORN High School for Social Justice;09-12;SPEC ED;13;1;13.00;13;13
K498;ACORN High School for Social Justice;09-12;SPEC ED;24;2;12.00;10;14
