SCHOOL CODE;SCHOOL NAME;GRADE ;PROGRAM TYPE;NUMBER OF STUDENTS   SEATS FILLED;NUMBER OF SECTIONS;AVERAGE CLASS SIZE;SIZE OF SMALLEST CLASS;SIZE OF LARGEST CLASS
K499;ACORN Community High School;09-12;GEN ED;198;7;28.30;23;32
K499;ACORN Community High School;09-12;GEN ED;138;5;27.60;20;32
K499;ACORN Community High School;09-12;GEN ED;109;4;27.30;21;34
K499;ACORN Community High School;09-12;GEN ED;66;2;33.00;31;35
K499;ACORN Community High School;09-12;GEN ED;215;8;26.90;13;32
K499;ACORN Community High School;09-12;GEN ED;178;7;25.40;20;30
K499;ACORN Community High School;09-12;GEN ED;169;6;28.20;20;31
K499;ACORN Community High School;09-12;GEN ED;196;7;28.00;15;34
K499;ACORN Community High School;09-12;GEN ED;181;7;25.90;20;30
K499;ACORN Community High School;09-12;GEN ED;183;7;26.10;23;30
K499;ACORN Community High School;09-12;GEN ED;157;6;26.20;21;33
K499;ACORN Community High School;09-12;GEN ED;149;6;24.80;13;33
K499;ACORN Community High School;09-12;GEN ED;108;4;27.00;19;34
K499;ACORN Community High School;09-12;GEN ED;94;3;31.30;30;33
K499;ACORN Community High School;09-12;GEN ED;64;3;21.30;15;28
K499;ACORN Community High School;09-12;CTT;34;1;34.00;34;34
K499;ACORN Community High School;09-12;CTT;28;1;28.00;28;28
K499;ACORN Community High School;09-12;CTT;31;1;31.00;31;31
K499;ACORN Community High School;09-12;CTT;35;1;35.00;35;35
K499;ACORN Community High School;09-12;CTT;35;2;17.50;13;22
K499;ACORN Community High School;09-12;CTT;49;2;24.50;23;26
K499;ACORN Community High School;09-12;CTT;55;2;27.50;24;31
K499;ACORN Community High School;09-12;CTT;34;1;34.00;34;34
K499;ACORN Community High School;09-12;CTT;58;2;29.00;29;29
K499;ACORN Community High School;09-12;CTT;58;2;29.00;29;29
K499;ACORN Community High School;09-12;CTT;34;1;34.00;34;34
K499;ACORN Community High School;09-12;CTT;29;1;29.00;29;29
K499;ACORN Community High School;09-12;CTT;64;2;32.00;29;35
K499;ACORN Community High School;09-12;CTT;34;1;34.00;34;34
K499;ACORN Community High School;09-12;SPEC ED;18;1;18.00;18;18
K499;ACORN Community High School;09-12;SPEC ED;11;1;11.00;11;11
K499;ACORN Community High School;09-12;SPEC ED;29;2;14.50;11;18
K499;ACORN Community High School;09-12;SPEC ED;12;1;12.00;12;12
K499;ACORN Community High School;09-12;SPEC ED;18;1;18.00;18;18
K499;ACORN Community High School;09-12;SPEC ED;11;1;11.00;11;11
K499;ACORN Community High School;09-12;SPEC ED;18;1;18.00;18;18
K499;ACORN Community High School;;;0;0;.00;0;0
