SCHOOL CODE;SCHOOL NAME;GRADE ;PROGRAM TYPE;NUMBER OF STUDENTS   SEATS FILLED;NUMBER OF SECTIONS;AVERAGE CLASS SIZE;SIZE OF SMALLEST CLASS;SIZE OF LARGEST CLASS
K500;Canarsie High School;09-12;GEN ED;41;2;20.50;13;28
K500;Canarsie High School;09-12;GEN ED;185;7;26.40;20;32
K500;Canarsie High School;09-12;GEN ED;38;2;19.00;17;21
K500;Canarsie High School;09-12;GEN ED;61;3;20.30;19;21
K500;Canarsie High School;09-12;GEN ED;92;4;23.00;16;27
K500;Canarsie High School;09-12;GEN ED;48;3;16.00;11;21
K500;Canarsie High School;09-12;GEN ED;47;2;23.50;22;25
K500;Canarsie High School;09-12;GEN ED;21;1;21.00;21;21
K500;Canarsie High School;09-12;GEN ED;114;5;22.80;22;24
K500;Canarsie High School;09-12;CTT;28;2;14.00;12;16
K500;Canarsie High School;09-12;CTT;25;1;25.00;25;25
K500;Canarsie High School;;;0;0;.00;0;0
