SCHOOL CODE;SCHOOL NAME;GRADE ;PROGRAM TYPE;NUMBER OF STUDENTS   SEATS FILLED;NUMBER OF SECTIONS;AVERAGE CLASS SIZE;SIZE OF SMALLEST CLASS;SIZE OF LARGEST CLASS
K502;FDNY High School for Fire and Life Safety;09-12;GEN ED;138;6;23.00;21;25
K502;FDNY High School for Fire and Life Safety;09-12;GEN ED;84;3;28.00;24;33
K502;FDNY High School for Fire and Life Safety;09-12;GEN ED;62;2;31.00;30;32
K502;FDNY High School for Fire and Life Safety;09-12;GEN ED;49;2;24.50;18;31
K502;FDNY High School for Fire and Life Safety;09-12;GEN ED;10;1;10.00;10;10
K502;FDNY High School for Fire and Life Safety;09-12;GEN ED;64;3;21.30;19;25
K502;FDNY High School for Fire and Life Safety;09-12;GEN ED;141;5;28.20;20;34
K502;FDNY High School for Fire and Life Safety;09-12;GEN ED;42;2;21.00;21;21
K502;FDNY High School for Fire and Life Safety;09-12;GEN ED;313;13;24.10;18;31
K502;FDNY High School for Fire and Life Safety;09-12;GEN ED;87;4;21.80;13;27
K502;FDNY High School for Fire and Life Safety;09-12;GEN ED;77;3;25.70;19;33
K502;FDNY High School for Fire and Life Safety;09-12;GEN ED;163;6;27.20;23;31
K502;FDNY High School for Fire and Life Safety;09-12;GEN ED;50;2;25.00;16;34
K502;FDNY High School for Fire and Life Safety;09-12;GEN ED;84;4;21.00;13;28
K502;FDNY High School for Fire and Life Safety;09-12;GEN ED;63;3;21.00;10;29
K502;FDNY High School for Fire and Life Safety;09-12;CTT;50;2;25.00;25;25
K502;FDNY High School for Fire and Life Safety;09-12;CTT;26;1;26.00;26;26
K502;FDNY High School for Fire and Life Safety;09-12;CTT;35;1;35.00;35;35
K502;FDNY High School for Fire and Life Safety;09-12;CTT;20;1;20.00;20;20
K502;FDNY High School for Fire and Life Safety;09-12;CTT;113;4;28.30;12;40
K502;FDNY High School for Fire and Life Safety;09-12;CTT;24;1;24.00;24;24
K502;FDNY High School for Fire and Life Safety;09-12;CTT;212;7;30.30;25;34
K502;FDNY High School for Fire and Life Safety;09-12;CTT;60;2;30.00;29;31
K502;FDNY High School for Fire and Life Safety;09-12;CTT;40;2;20.00;20;20
K502;FDNY High School for Fire and Life Safety;09-12;CTT;45;2;22.50;22;23
K502;FDNY High School for Fire and Life Safety;09-12;CTT;97;3;32.30;27;36
K502;FDNY High School for Fire and Life Safety;09-12;CTT;46;2;23.00;21;25
K502;FDNY High School for Fire and Life Safety;;;0;0;.00;0;0
