SCHOOL CODE;SCHOOL NAME;GRADE ;PROGRAM TYPE;NUMBER OF STUDENTS   SEATS FILLED;NUMBER OF SECTIONS;AVERAGE CLASS SIZE;SIZE OF SMALLEST CLASS;SIZE OF LARGEST CLASS
K503;PS 503: The School of Discovery;0K;GEN ED;122;5;24.40;24;25
K503;PS 503: The School of Discovery;0K;CTT;25;1;25.00;25;25
K503;PS 503: The School of Discovery;01;GEN ED;120;5;24.00;22;26
K503;PS 503: The School of Discovery;01;CTT;24;1;24.00;24;24
K503;PS 503: The School of Discovery;02;GEN ED;110;5;22.00;21;24
K503;PS 503: The School of Discovery;02;CTT;23;1;23.00;23;23
K503;PS 503: The School of Discovery;03;GEN ED;101;4;25.30;24;27
K503;PS 503: The School of Discovery;03;CTT;53;2;26.50;25;28
K503;PS 503: The School of Discovery;04;GEN ED;110;4;27.50;26;28
K503;PS 503: The School of Discovery;04;CTT;27;1;27.00;27;27
K503;PS 503: The School of Discovery;05;GEN ED;114;4;28.50;28;29
K503;PS 503: The School of Discovery;05;CTT;26;1;26.00;26;26
K503;PS 503: The School of Discovery;0K-09;SPEC ED;23;2;11.50;11;12
K503;PS 503: The School of Discovery;;;0;0;.00;0;0
