SCHOOL CODE;SCHOOL NAME;GRADE ;PROGRAM TYPE;NUMBER OF STUDENTS   SEATS FILLED;NUMBER OF SECTIONS;AVERAGE CLASS SIZE;SIZE OF SMALLEST CLASS;SIZE OF LARGEST CLASS
K504;High School for Civil Rights;09-12;GEN ED;70;4;17.50;15;24
K504;High School for Civil Rights;09-12;GEN ED;59;2;29.50;21;38
K504;High School for Civil Rights;09-12;GEN ED;48;2;24.00;12;36
K504;High School for Civil Rights;09-12;GEN ED;54;2;27.00;21;33
K504;High School for Civil Rights;09-12;GEN ED;30;1;30.00;30;30
K504;High School for Civil Rights;09-12;GEN ED;55;3;18.30;15;21
K504;High School for Civil Rights;09-12;GEN ED;85;3;28.30;27;29
K504;High School for Civil Rights;09-12;GEN ED;42;2;21.00;19;23
K504;High School for Civil Rights;09-12;GEN ED;110;4;27.50;24;32
K504;High School for Civil Rights;09-12;GEN ED;153;6;25.50;22;28
K504;High School for Civil Rights;09-12;GEN ED;120;4;30.00;28;32
K504;High School for Civil Rights;09-12;GEN ED;74;3;24.70;20;29
K504;High School for Civil Rights;09-12;GEN ED;71;3;23.70;22;27
K504;High School for Civil Rights;09-12;GEN ED;128;4;32.00;27;35
K504;High School for Civil Rights;09-12;GEN ED;67;2;33.50;33;34
K504;High School for Civil Rights;09-12;CTT;29;2;14.50;14;15
K504;High School for Civil Rights;09-12;CTT;54;2;27.00;26;28
K504;High School for Civil Rights;09-12;CTT;67;2;33.50;33;34
K504;High School for Civil Rights;09-12;CTT;34;1;34.00;34;34
K504;High School for Civil Rights;09-12;CTT;19;1;19.00;19;19
K504;High School for Civil Rights;09-12;CTT;121;5;24.20;11;34
K504;High School for Civil Rights;09-12;CTT;120;4;30.00;27;33
K504;High School for Civil Rights;09-12;CTT;36;2;18.00;17;19
K504;High School for Civil Rights;09-12;CTT;50;2;25.00;23;27
K504;High School for Civil Rights;09-12;CTT;21;1;21.00;21;21
K504;High School for Civil Rights;09-12;CTT;111;4;27.80;16;33
K504;High School for Civil Rights;09-12;CTT;36;1;36.00;36;36
K504;High School for Civil Rights;;;0;0;.00;0;0
