SCHOOL CODE;SCHOOL NAME;GRADE ;PROGRAM TYPE;NUMBER OF STUDENTS   SEATS FILLED;NUMBER OF SECTIONS;AVERAGE CLASS SIZE;SIZE OF SMALLEST CLASS;SIZE OF LARGEST CLASS
K505;Franklin Delano Roosevelt High School;09-12;GEN ED;441;16;27.60;14;34
K505;Franklin Delano Roosevelt High School;09-12;GEN ED;434;15;28.90;22;34
K505;Franklin Delano Roosevelt High School;09-12;GEN ED;435;15;29.00;21;33
K505;Franklin Delano Roosevelt High School;09-12;GEN ED;390;14;27.90;21;33
K505;Franklin Delano Roosevelt High School;09-12;GEN ED;271;10;27.10;23;35
K505;Franklin Delano Roosevelt High School;09-12;GEN ED;197;6;32.80;30;34
K505;Franklin Delano Roosevelt High School;09-12;GEN ED;702;24;29.30;11;34
K505;Franklin Delano Roosevelt High School;09-12;GEN ED;318;10;31.80;27;34
K505;Franklin Delano Roosevelt High School;09-12;GEN ED;1563;56;27.90;13;35
K505;Franklin Delano Roosevelt High School;09-12;GEN ED;96;4;24.00;21;27
K505;Franklin Delano Roosevelt High School;09-12;GEN ED;22;1;22.00;22;22
K505;Franklin Delano Roosevelt High School;09-12;GEN ED;33;1;33.00;33;33
K505;Franklin Delano Roosevelt High School;09-12;GEN ED;1556;56;27.80;13;34
K505;Franklin Delano Roosevelt High School;09-12;GEN ED;1111;39;28.50;14;34
K505;Franklin Delano Roosevelt High School;09-12;GEN ED;191;7;27.30;20;32
K505;Franklin Delano Roosevelt High School;09-12;GEN ED;30;1;30.00;30;30
K505;Franklin Delano Roosevelt High School;09-12;GEN ED;2267;79;28.70;17;35
K505;Franklin Delano Roosevelt High School;09-12;GEN ED;678;24;28.30;17;34
K505;Franklin Delano Roosevelt High School;09-12;GEN ED;63;3;21.00;17;24
K505;Franklin Delano Roosevelt High School;09-12;GEN ED;219;7;31.30;21;34
K505;Franklin Delano Roosevelt High School;09-12;GEN ED;22;1;22.00;22;22
K505;Franklin Delano Roosevelt High School;09-12;CTT;62;2;31.00;30;32
K505;Franklin Delano Roosevelt High School;09-12;CTT;65;2;32.50;32;33
K505;Franklin Delano Roosevelt High School;09-12;CTT;12;1;12.00;12;12
K505;Franklin Delano Roosevelt High School;09-12;CTT;31;1;31.00;31;31
K505;Franklin Delano Roosevelt High School;09-12;CTT;34;1;34.00;34;34
K505;Franklin Delano Roosevelt High School;09-12;CTT;94;3;31.30;30;32
K505;Franklin Delano Roosevelt High School;09-12;CTT;29;1;29.00;29;29
K505;Franklin Delano Roosevelt High School;09-12;CTT;125;4;31.30;30;32
K505;Franklin Delano Roosevelt High School;09-12;CTT;12;1;12.00;12;12
K505;Franklin Delano Roosevelt High School;09-12;CTT;34;1;34.00;34;34
K505;Franklin Delano Roosevelt High School;09-12;SPEC ED;10;1;10.00;10;10
K505;Franklin Delano Roosevelt High School;09-12;SPEC ED;70;5;14.00;12;15
K505;Franklin Delano Roosevelt High School;09-12;SPEC ED;15;1;15.00;15;15
K505;Franklin Delano Roosevelt High School;09-12;SPEC ED;40;3;13.30;13;14
K505;Franklin Delano Roosevelt High School;;;0;0;.00;0;0
