SCHOOL CODE;SCHOOL NAME;GRADE ;PROGRAM TYPE;NUMBER OF STUDENTS   SEATS FILLED;NUMBER OF SECTIONS;AVERAGE CLASS SIZE;SIZE OF SMALLEST CLASS;SIZE OF LARGEST CLASS
K506;P.S. 506: The School of Journalism & Technology;0K;GEN ED;107;4;26.80;26;27
K506;P.S. 506: The School of Journalism & Technology;0K;CTT;24;1;24.00;24;24
K506;P.S. 506: The School of Journalism & Technology;01;GEN ED;107;4;26.80;24;29
K506;P.S. 506: The School of Journalism & Technology;01;CTT;30;1;30.00;30;30
K506;P.S. 506: The School of Journalism & Technology;02;GEN ED;124;5;24.80;24;26
K506;P.S. 506: The School of Journalism & Technology;03;GEN ED;119;5;23.80;23;25
K506;P.S. 506: The School of Journalism & Technology;04;GEN ED;99;4;24.80;21;27
K506;P.S. 506: The School of Journalism & Technology;05;GEN ED;98;4;24.50;24;26
K506;P.S. 506: The School of Journalism & Technology;0K-09;SPEC ED;30;3;10.00;8;12
K506;P.S. 506: The School of Journalism & Technology;;;0;0;.00;0;0
