SCHOOL CODE;SCHOOL NAME;GRADE ;PROGRAM TYPE;NUMBER OF STUDENTS   SEATS FILLED;NUMBER OF SECTIONS;AVERAGE CLASS SIZE;SIZE OF SMALLEST CLASS;SIZE OF LARGEST CLASS
K507;Performing Arts and Technology High School;09-12;GEN ED;91;4;22.80;10;29
K507;Performing Arts and Technology High School;09-12;GEN ED;32;1;32.00;32;32
K507;Performing Arts and Technology High School;09-12;GEN ED;102;4;25.50;18;32
K507;Performing Arts and Technology High School;09-12;GEN ED;41;2;20.50;13;28
K507;Performing Arts and Technology High School;09-12;GEN ED;34;2;17.00;11;23
K507;Performing Arts and Technology High School;09-12;GEN ED;160;6;26.70;14;32
K507;Performing Arts and Technology High School;09-12;GEN ED;105;4;26.30;13;33
K507;Performing Arts and Technology High School;09-12;GEN ED;15;1;15.00;15;15
K507;Performing Arts and Technology High School;09-12;GEN ED;60;2;30.00;28;32
K507;Performing Arts and Technology High School;09-12;GEN ED;88;3;29.30;26;32
K507;Performing Arts and Technology High School;09-12;GEN ED;82;3;27.30;24;29
K507;Performing Arts and Technology High School;09-12;GEN ED;160;6;26.70;10;33
K507;Performing Arts and Technology High School;09-12;GEN ED;150;6;25.00;16;30
K507;Performing Arts and Technology High School;09-12;GEN ED;41;2;20.50;16;25
K507;Performing Arts and Technology High School;09-12;CTT;84;3;28.00;22;33
K507;Performing Arts and Technology High School;09-12;CTT;56;2;28.00;26;30
K507;Performing Arts and Technology High School;09-12;CTT;27;1;27.00;27;27
K507;Performing Arts and Technology High School;09-12;CTT;143;6;23.80;20;29
K507;Performing Arts and Technology High School;09-12;CTT;63;2;31.50;31;32
K507;Performing Arts and Technology High School;09-12;CTT;87;3;29.00;20;35
K507;Performing Arts and Technology High School;09-12;CTT;159;6;26.50;10;31
K507;Performing Arts and Technology High School;09-12;CTT;59;2;29.50;27;32
K507;Performing Arts and Technology High School;;;0;0;.00;0;0
