SCHOOL CODE;SCHOOL NAME;GRADE ;PROGRAM TYPE;NUMBER OF STUDENTS   SEATS FILLED;NUMBER OF SECTIONS;AVERAGE CLASS SIZE;SIZE OF SMALLEST CLASS;SIZE OF LARGEST CLASS
K509;Freedom Academy High School;09-12;GEN ED;60;2;30.00;29;31
K509;Freedom Academy High School;09-12;GEN ED;68;3;22.70;16;32
K509;Freedom Academy High School;09-12;GEN ED;50;2;25.00;25;25
K509;Freedom Academy High School;09-12;GEN ED;47;2;23.50;22;25
K509;Freedom Academy High School;09-12;GEN ED;109;5;21.80;13;32
K509;Freedom Academy High School;09-12;GEN ED;35;1;35.00;35;35
K509;Freedom Academy High School;09-12;GEN ED;33;2;16.50;10;23
K509;Freedom Academy High School;09-12;GEN ED;117;6;19.50;13;29
K509;Freedom Academy High School;09-12;GEN ED;108;6;18.00;13;24
K509;Freedom Academy High School;09-12;GEN ED;40;2;20.00;20;20
K509;Freedom Academy High School;09-12;GEN ED;228;11;20.70;12;31
K509;Freedom Academy High School;09-12;GEN ED;24;1;24.00;24;24
K509;Freedom Academy High School;09-12;GEN ED;50;2;25.00;22;28
K509;Freedom Academy High School;09-12;GEN ED;50;2;25.00;19;31
K509;Freedom Academy High School;09-12;CTT;29;1;29.00;29;29
K509;Freedom Academy High School;09-12;CTT;15;1;15.00;15;15
K509;Freedom Academy High School;09-12;CTT;40;1;40.00;40;40
K509;Freedom Academy High School;09-12;CTT;12;1;12.00;12;12
K509;Freedom Academy High School;09-12;CTT;50;2;25.00;25;25
K509;Freedom Academy High School;09-12;CTT;50;3;16.70;13;19
K509;Freedom Academy High School;09-12;CTT;28;1;28.00;28;28
K509;Freedom Academy High School;09-12;CTT;22;1;22.00;22;22
K509;Freedom Academy High School;09-12;SPEC ED;12;1;12.00;12;12
K509;Freedom Academy High School;09-12;SPEC ED;11;1;11.00;11;11
K509;Freedom Academy High School;;;0;0;.00;0;0
