SCHOOL CODE;SCHOOL NAME;GRADE ;PROGRAM TYPE;NUMBER OF STUDENTS   SEATS FILLED;NUMBER OF SECTIONS;AVERAGE CLASS SIZE;SIZE OF SMALLEST CLASS;SIZE OF LARGEST CLASS
K510;World Academy for Total Community Health High School;09-12;GEN ED;64;3;21.30;15;33
K510;World Academy for Total Community Health High School;09-12;GEN ED;81;3;27.00;22;31
K510;World Academy for Total Community Health High School;09-12;GEN ED;82;3;27.30;24;31
K510;World Academy for Total Community Health High School;09-12;GEN ED;62;3;20.70;16;25
K510;World Academy for Total Community Health High School;09-12;GEN ED;13;1;13.00;13;13
K510;World Academy for Total Community Health High School;09-12;GEN ED;64;3;21.30;14;28
K510;World Academy for Total Community Health High School;09-12;GEN ED;75;3;25.00;19;34
K510;World Academy for Total Community Health High School;09-12;GEN ED;89;3;29.70;28;31
K510;World Academy for Total Community Health High School;09-12;GEN ED;94;3;31.30;30;33
K510;World Academy for Total Community Health High School;09-12;GEN ED;25;1;25.00;25;25
K510;World Academy for Total Community Health High School;09-12;GEN ED;157;6;26.20;18;33
K510;World Academy for Total Community Health High School;09-12;GEN ED;158;6;26.30;14;33
K510;World Academy for Total Community Health High School;09-12;GEN ED;166;7;23.70;11;31
K510;World Academy for Total Community Health High School;09-12;GEN ED;284;10;28.40;23;34
K510;World Academy for Total Community Health High School;09-12;GEN ED;23;1;23.00;23;23
K510;World Academy for Total Community Health High School;09-12;GEN ED;103;7;14.70;10;28
K510;World Academy for Total Community Health High School;09-12;CTT;25;1;25.00;25;25
K510;World Academy for Total Community Health High School;09-12;CTT;29;1;29.00;29;29
K510;World Academy for Total Community Health High School;09-12;CTT;31;1;31.00;31;31
K510;World Academy for Total Community Health High School;09-12;CTT;28;1;28.00;28;28
K510;World Academy for Total Community Health High School;09-12;CTT;22;1;22.00;22;22
K510;World Academy for Total Community Health High School;09-12;CTT;21;1;21.00;21;21
K510;World Academy for Total Community Health High School;09-12;CTT;50;2;25.00;20;30
K510;World Academy for Total Community Health High School;09-12;CTT;42;2;21.00;13;29
K510;World Academy for Total Community Health High School;09-12;CTT;18;1;18.00;18;18
K510;World Academy for Total Community Health High School;09-12;CTT;83;4;20.80;13;26
K510;World Academy for Total Community Health High School;09-12;CTT;93;3;31.00;30;32
K510;World Academy for Total Community Health High School;09-12;CTT;121;4;30.30;24;34
K510;World Academy for Total Community Health High School;09-12;CTT;26;1;26.00;26;26
K510;World Academy for Total Community Health High School;;;0;0;.00;0;0
