SCHOOL CODE;SCHOOL NAME;GRADE ;PROGRAM TYPE;NUMBER OF STUDENTS   SEATS FILLED;NUMBER OF SECTIONS;AVERAGE CLASS SIZE;SIZE OF SMALLEST CLASS;SIZE OF LARGEST CLASS
K514;Frederick Douglass Academy VII High School;09-12;GEN ED;106;5;21.20;18;22
K514;Frederick Douglass Academy VII High School;09-12;GEN ED;43;2;21.50;19;24
K514;Frederick Douglass Academy VII High School;09-12;GEN ED;50;2;25.00;22;28
K514;Frederick Douglass Academy VII High School;09-12;GEN ED;46;2;23.00;23;23
K514;Frederick Douglass Academy VII High School;09-12;GEN ED;220;10;22.00;15;28
K514;Frederick Douglass Academy VII High School;09-12;GEN ED;118;6;19.70;18;22
K514;Frederick Douglass Academy VII High School;09-12;GEN ED;55;2;27.50;26;29
K514;Frederick Douglass Academy VII High School;09-12;GEN ED;61;3;20.30;15;26
K514;Frederick Douglass Academy VII High School;09-12;GEN ED;13;1;13.00;13;13
K514;Frederick Douglass Academy VII High School;09-12;GEN ED;106;4;26.50;25;29
K514;Frederick Douglass Academy VII High School;09-12;GEN ED;186;8;23.30;18;28
K514;Frederick Douglass Academy VII High School;09-12;GEN ED;110;4;27.50;26;29
K514;Frederick Douglass Academy VII High School;09-12;GEN ED;108;4;27.00;23;31
K514;Frederick Douglass Academy VII High School;09-12;GEN ED;71;3;23.70;22;26
K514;Frederick Douglass Academy VII High School;09-12;GEN ED;143;6;23.80;19;27
K514;Frederick Douglass Academy VII High School;09-12;GEN ED;184;8;23.00;12;28
K514;Frederick Douglass Academy VII High School;09-12;CTT;27;1;27.00;27;27
K514;Frederick Douglass Academy VII High School;09-12;CTT;47;2;23.50;22;25
K514;Frederick Douglass Academy VII High School;09-12;CTT;29;1;29.00;29;29
K514;Frederick Douglass Academy VII High School;09-12;CTT;111;4;27.80;26;29
K514;Frederick Douglass Academy VII High School;09-12;CTT;25;1;25.00;25;25
K514;Frederick Douglass Academy VII High School;09-12;CTT;48;2;24.00;20;28
K514;Frederick Douglass Academy VII High School;09-12;CTT;99;4;24.80;24;26
K514;Frederick Douglass Academy VII High School;09-12;CTT;52;2;26.00;26;26
K514;Frederick Douglass Academy VII High School;09-12;CTT;62;2;31.00;31;31
K514;Frederick Douglass Academy VII High School;09-12;CTT;23;1;23.00;23;23
K514;Frederick Douglass Academy VII High School;09-12;CTT;61;2;30.50;29;32
K514;Frederick Douglass Academy VII High School;09-12;CTT;107;4;26.80;20;32
K514;Frederick Douglass Academy VII High School;09-12;SPEC ED;9;1;9.00;9;9
K514;Frederick Douglass Academy VII High School;09-12;SPEC ED;9;1;9.00;9;9
K514;Frederick Douglass Academy VII High School;09-12;SPEC ED;9;1;9.00;9;9
K514;Frederick Douglass Academy VII High School;09-12;SPEC ED;18;2;9.00;9;9
K514;Frederick Douglass Academy VII High School;09-12;SPEC ED;9;1;9.00;9;9
K514;Frederick Douglass Academy VII High School;09-12;SPEC ED;9;1;9.00;9;9
K514;Frederick Douglass Academy VII High School;;;0;0;.00;0;0
