SCHOOL CODE;SCHOOL NAME;GRADE ;PROGRAM TYPE;NUMBER OF STUDENTS   SEATS FILLED;NUMBER OF SECTIONS;AVERAGE CLASS SIZE;SIZE OF SMALLEST CLASS;SIZE OF LARGEST CLASS
K518;Kappa V;06;GEN ED;30;1;30.00;30;30
K518;Kappa V;06;CTT;29;1;29.00;29;29
K518;Kappa V;07;GEN ED;61;2;30.50;30;31
K518;Kappa V;07;CTT;31;1;31.00;31;31
K518;Kappa V;08;GEN ED;85;3;28.30;26;30
K518;Kappa V;0K-09;SPEC ED;12;1;12.00;12;12
K518;Kappa V;0K-09;SPEC ED;16;2;8.00;7;9
K518;Kappa V;MS Core;GEN ED;184;7;26.30;19;32
K518;Kappa V;MS Core;GEN ED;184;7;26.30;19;32
K518;Kappa V;MS Core;GEN ED;184;7;26.30;19;32
K518;Kappa V;MS Core;GEN ED;184;7;26.30;19;32
K518;Kappa V;MS Core;CTT;42;2;21.00;12;30
K518;Kappa V;MS Core;CTT;42;2;21.00;12;30
K518;Kappa V;MS Core;CTT;42;2;21.00;12;30
K518;Kappa V;MS Core;CTT;42;2;21.00;12;30
K518;Kappa V;MS Core;SPEC ED;11;1;11.00;11;11
K518;Kappa V;MS Core;SPEC ED;11;1;11.00;11;11
K518;Kappa V;MS Core;SPEC ED;11;1;11.00;11;11
K518;Kappa V;MS Core;SPEC ED;11;1;11.00;11;11
K518;Kappa V;;;0;0;.00;0;0
