SCHOOL CODE;SCHOOL NAME;GRADE ;PROGRAM TYPE;NUMBER OF STUDENTS   SEATS FILLED;NUMBER OF SECTIONS;AVERAGE CLASS SIZE;SIZE OF SMALLEST CLASS;SIZE OF LARGEST CLASS
K519;Cobble Hill School of American Studies;09-12;GEN ED;118;6;19.70;18;21
K519;Cobble Hill School of American Studies;09-12;GEN ED;135;6;22.50;15;30
K519;Cobble Hill School of American Studies;09-12;GEN ED;111;4;27.80;21;31
K519;Cobble Hill School of American Studies;09-12;GEN ED;66;2;33.00;33;33
K519;Cobble Hill School of American Studies;09-12;GEN ED;271;12;22.60;13;33
K519;Cobble Hill School of American Studies;09-12;GEN ED;103;5;20.60;18;25
K519;Cobble Hill School of American Studies;09-12;GEN ED;202;7;28.90;24;33
K519;Cobble Hill School of American Studies;09-12;GEN ED;56;2;28.00;28;28
K519;Cobble Hill School of American Studies;09-12;GEN ED;131;4;32.80;32;33
K519;Cobble Hill School of American Studies;09-12;GEN ED;298;10;29.80;26;34
K519;Cobble Hill School of American Studies;09-12;GEN ED;254;10;25.40;15;33
K519;Cobble Hill School of American Studies;09-12;GEN ED;135;4;33.80;32;35
K519;Cobble Hill School of American Studies;09-12;GEN ED;142;5;28.40;19;34
K519;Cobble Hill School of American Studies;09-12;GEN ED;213;7;30.40;25;34
K519;Cobble Hill School of American Studies;09-12;GEN ED;186;7;26.60;11;34
K519;Cobble Hill School of American Studies;09-12;GEN ED;63;3;21.00;16;30
K519;Cobble Hill School of American Studies;09-12;GEN ED;154;6;25.70;20;30
K519;Cobble Hill School of American Studies;09-12;CTT;18;1;18.00;18;18
K519;Cobble Hill School of American Studies;09-12;CTT;32;1;32.00;32;32
K519;Cobble Hill School of American Studies;09-12;CTT;34;1;34.00;34;34
K519;Cobble Hill School of American Studies;09-12;CTT;32;1;32.00;32;32
K519;Cobble Hill School of American Studies;09-12;CTT;86;3;28.70;18;34
K519;Cobble Hill School of American Studies;09-12;CTT;68;2;34.00;34;34
K519;Cobble Hill School of American Studies;09-12;CTT;28;1;28.00;28;28
K519;Cobble Hill School of American Studies;09-12;CTT;52;2;26.00;26;26
K519;Cobble Hill School of American Studies;09-12;CTT;54;2;27.00;27;27
K519;Cobble Hill School of American Studies;09-12;CTT;49;2;24.50;16;33
K519;Cobble Hill School of American Studies;09-12;CTT;34;1;34.00;34;34
K519;Cobble Hill School of American Studies;09-12;CTT;35;1;35.00;35;35
K519;Cobble Hill School of American Studies;09-12;CTT;34;1;34.00;34;34
K519;Cobble Hill School of American Studies;09-12;SPEC ED;16;2;8.00;7;9
K519;Cobble Hill School of American Studies;09-12;SPEC ED;12;2;6.00;6;6
K519;Cobble Hill School of American Studies;09-12;SPEC ED;13;1;13.00;13;13
K519;Cobble Hill School of American Studies;09-12;SPEC ED;17;2;8.50;7;10
K519;Cobble Hill School of American Studies;09-12;SPEC ED;31;3;10.30;7;15
K519;Cobble Hill School of American Studies;09-12;SPEC ED;14;1;14.00;14;14
K519;Cobble Hill School of American Studies;09-12;SPEC ED;10;1;10.00;10;10
K519;Cobble Hill School of American Studies;09-12;SPEC ED;34;3;11.30;9;16
K519;Cobble Hill School of American Studies;09-12;SPEC ED;18;2;9.00;7;11
K519;Cobble Hill School of American Studies;09-12;SPEC ED;14;1;14.00;14;14
K519;Cobble Hill School of American Studies;09-12;SPEC ED;17;2;8.50;7;10
K519;Cobble Hill School of American Studies;;;0;0;.00;0;0
