SCHOOL CODE;SCHOOL NAME;GRADE ;PROGRAM TYPE;NUMBER OF STUDENTS   SEATS FILLED;NUMBER OF SECTIONS;AVERAGE CLASS SIZE;SIZE OF SMALLEST CLASS;SIZE OF LARGEST CLASS
K520;Pacific High School;09-12;GEN ED;41;2;20.50;19;22
K520;Pacific High School;09-12;GEN ED;77;3;25.70;22;28
K520;Pacific High School;09-12;GEN ED;14;1;14.00;14;14
K520;Pacific High School;09-12;GEN ED;116;6;19.30;14;24
K520;Pacific High School;09-12;GEN ED;123;7;17.60;12;24
K520;Pacific High School;09-12;GEN ED;16;1;16.00;16;16
K520;Pacific High School;09-12;GEN ED;12;1;12.00;12;12
K520;Pacific High School;09-12;GEN ED;36;2;18.00;13;23
K520;Pacific High School;09-12;GEN ED;87;4;21.80;12;28
K520;Pacific High School;09-12;GEN ED;68;4;17.00;12;24
K520;Pacific High School;09-12;GEN ED;143;6;23.80;17;32
K520;Pacific High School;09-12;GEN ED;92;4;23.00;12;31
K520;Pacific High School;09-12;GEN ED;61;2;30.50;27;34
K520;Pacific High School;;;0;0;.00;0;0
