SCHOOL CODE;SCHOOL NAME;GRADE ;PROGRAM TYPE;NUMBER OF STUDENTS   SEATS FILLED;NUMBER OF SECTIONS;AVERAGE CLASS SIZE;SIZE OF SMALLEST CLASS;SIZE OF LARGEST CLASS
K522;Mott Hall IV;06;GEN ED;80;3;26.70;25;28
K522;Mott Hall IV;07;GEN ED;86;3;28.70;27;31
K522;Mott Hall IV;08;GEN ED;58;2;29.00;28;30
K522;Mott Hall IV;08;CTT;23;1;23.00;23;23
K522;Mott Hall IV;0K-09;SPEC ED;10;1;10.00;10;10
K522;Mott Hall IV;MS Core;GEN ED;223;8;27.90;25;29
K522;Mott Hall IV;MS Core;GEN ED;223;8;27.90;25;29
K522;Mott Hall IV;MS Core;GEN ED;388;14;27.70;25;29
K522;Mott Hall IV;MS Core;GEN ED;165;6;27.50;25;29
K522;Mott Hall IV;MS Core;GEN ED;58;2;29.00;29;29
K522;Mott Hall IV;MS Core;CTT;23;1;23.00;23;23
K522;Mott Hall IV;MS Core;CTT;23;1;23.00;23;23
K522;Mott Hall IV;MS Core;CTT;23;1;23.00;23;23
K522;Mott Hall IV;MS Core;CTT;23;1;23.00;23;23
K522;Mott Hall IV;09-12;GEN ED;58;2;29.00;29;29
K522;Mott Hall IV;09-12;CTT;23;1;23.00;23;23
K522;Mott Hall IV;;;0;0;.00;0;0
