SCHOOL CODE;SCHOOL NAME;GRADE ;PROGRAM TYPE;NUMBER OF STUDENTS   SEATS FILLED;NUMBER OF SECTIONS;AVERAGE CLASS SIZE;SIZE OF SMALLEST CLASS;SIZE OF LARGEST CLASS
K524;International High School at Prospect Heights;09-12;GEN ED;208;9;23.10;20;25
K524;International High School at Prospect Heights;09-12;GEN ED;95;4;23.80;21;27
K524;International High School at Prospect Heights;09-12;GEN ED;99;4;24.80;23;26
K524;International High School at Prospect Heights;09-12;GEN ED;405;18;22.50;10;26
K524;International High School at Prospect Heights;09-12;GEN ED;208;9;23.10;20;25
K524;International High School at Prospect Heights;09-12;GEN ED;95;4;23.80;21;27
K524;International High School at Prospect Heights;09-12;GEN ED;99;4;24.80;23;26
K524;International High School at Prospect Heights;09-12;GEN ED;95;4;23.80;21;27
K524;International High School at Prospect Heights;09-12;GEN ED;99;4;24.80;23;26
K524;International High School at Prospect Heights;09-12;GEN ED;208;9;23.10;20;25
K524;International High School at Prospect Heights;09-12;GEN ED;208;9;23.10;20;25
K524;International High School at Prospect Heights;09-12;GEN ED;95;4;23.80;21;27
K524;International High School at Prospect Heights;09-12;GEN ED;99;4;24.80;23;26
K524;International High School at Prospect Heights;;;0;0;.00;0;0
