SCHOOL CODE;SCHOOL NAME;GRADE ;PROGRAM TYPE;NUMBER OF STUDENTS   SEATS FILLED;NUMBER OF SECTIONS;AVERAGE CLASS SIZE;SIZE OF SMALLEST CLASS;SIZE OF LARGEST CLASS
K525;Edward R. Murrow High School;;;0;0;.00;0;0
K525;Edward R. Murrow High School;09-12;GEN ED;855;27;31.70;16;34
K525;Edward R. Murrow High School;09-12;GEN ED;1103;34;32.40;22;37
K525;Edward R. Murrow High School;09-12;GEN ED;611;19;32.20;20;34
K525;Edward R. Murrow High School;09-12;GEN ED;764;25;30.60;11;34
K525;Edward R. Murrow High School;09-12;GEN ED;18;1;18.00;18;18
K525;Edward R. Murrow High School;09-12;GEN ED;40;2;20.00;12;28
K525;Edward R. Murrow High School;09-12;GEN ED;1019;33;30.90;13;35
K525;Edward R. Murrow High School;09-12;GEN ED;1000;31;32.30;23;35
K525;Edward R. Murrow High School;09-12;GEN ED;696;21;33.10;29;34
K525;Edward R. Murrow High School;09-12;GEN ED;434;14;31.00;22;34
K525;Edward R. Murrow High School;09-12;GEN ED;955;32;29.80;18;34
K525;Edward R. Murrow High School;09-12;GEN ED;1548;50;31.00;22;34
K525;Edward R. Murrow High School;09-12;GEN ED;1099;35;31.40;26;36
K525;Edward R. Murrow High School;09-12;GEN ED;402;15;26.80;11;34
K525;Edward R. Murrow High School;09-12;GEN ED;940;30;31.30;15;40
K525;Edward R. Murrow High School;09-12;GEN ED;1710;53;32.30;14;36
K525;Edward R. Murrow High School;09-12;GEN ED;804;25;32.20;26;34
K525;Edward R. Murrow High School;09-12;GEN ED;280;9;31.10;25;34
K525;Edward R. Murrow High School;09-12;GEN ED;499;17;29.40;19;34
K525;Edward R. Murrow High School;09-12;GEN ED;155;4;38.80;34;49
K525;Edward R. Murrow High School;09-12;CTT;230;10;23.00;12;34
K525;Edward R. Murrow High School;09-12;CTT;133;5;26.60;15;34
K525;Edward R. Murrow High School;09-12;CTT;118;4;29.50;26;33
K525;Edward R. Murrow High School;09-12;CTT;32;1;32.00;32;32
K525;Edward R. Murrow High School;09-12;CTT;267;9;29.70;21;34
K525;Edward R. Murrow High School;09-12;CTT;91;3;30.30;28;33
K525;Edward R. Murrow High School;09-12;CTT;191;5;38.20;12;74
K525;Edward R. Murrow High School;09-12;CTT;282;9;31.30;29;34
K525;Edward R. Murrow High School;09-12;CTT;282;9;31.30;27;33
K525;Edward R. Murrow High School;09-12;CTT;92;3;30.70;30;31
K525;Edward R. Murrow High School;09-12;CTT;64;2;32.00;31;33
K525;Edward R. Murrow High School;09-12;SPEC ED;14;1;14.00;14;14
K525;Edward R. Murrow High School;09-12;SPEC ED;82;6;13.70;11;17
K525;Edward R. Murrow High School;09-12;SPEC ED;95;7;13.60;10;17
K525;Edward R. Murrow High School;09-12;SPEC ED;29;2;14.50;13;16
K525;Edward R. Murrow High School;09-12;SPEC ED;55;4;13.80;13;15
K525;Edward R. Murrow High School;09-12;SPEC ED;78;5;15.60;13;17
K525;Edward R. Murrow High School;09-12;SPEC ED;88;6;14.70;12;17
K525;Edward R. Murrow High School;09-12;SPEC ED;54;4;13.50;12;15
K525;Edward R. Murrow High School;09-12;SPEC ED;59;4;14.80;12;17
K525;Edward R. Murrow High School;09-12;SPEC ED;212;14;15.10;12;17
K525;Edward R. Murrow High School;09-12;SPEC ED;61;4;15.30;14;17
K525;Edward R. Murrow High School;09-12;SPEC ED;49;3;16.30;15;17
K525;Edward R. Murrow High School;09-12;SPEC ED;50;3;16.70;16;17
K525;Edward R. Murrow High School;09-12;SPEC ED;54;4;13.50;13;15
