SCHOOL CODE;SCHOOL NAME;GRADE ;PROGRAM TYPE;NUMBER OF STUDENTS   SEATS FILLED;NUMBER OF SECTIONS;AVERAGE CLASS SIZE;SIZE OF SMALLEST CLASS;SIZE OF LARGEST CLASS
K527;Urban Assembly Institute of Math and Science for Young Women;06;GEN ED;49;2;24.50;24;25
K527;Urban Assembly Institute of Math and Science for Young Women;06;CTT;33;1;33.00;33;33
K527;Urban Assembly Institute of Math and Science for Young Women;07;GEN ED;46;2;23.00;23;23
K527;Urban Assembly Institute of Math and Science for Young Women;07;CTT;34;1;34.00;34;34
K527;Urban Assembly Institute of Math and Science for Young Women;08;GEN ED;57;2;28.50;28;29
K527;Urban Assembly Institute of Math and Science for Young Women;08;CTT;30;1;30.00;30;30
K527;Urban Assembly Institute of Math and Science for Young Women;MS Core;GEN ED;304;11;27.60;26;30
K527;Urban Assembly Institute of Math and Science for Young Women;MS Core;GEN ED;222;8;27.80;26;30
K527;Urban Assembly Institute of Math and Science for Young Women;MS Core;GEN ED;135;5;27.00;26;28
K527;Urban Assembly Institute of Math and Science for Young Women;MS Core;GEN ED;87;3;29.00;28;30
K527;Urban Assembly Institute of Math and Science for Young Women;MS Core;GEN ED;222;8;27.80;26;30
K527;Urban Assembly Institute of Math and Science for Young Women;MS Core;GEN ED;82;3;27.30;26;28
K527;Urban Assembly Institute of Math and Science for Young Women;MS Core;CTT;27;1;27.00;27;27
K527;Urban Assembly Institute of Math and Science for Young Women;MS Core;CTT;27;1;27.00;27;27
K527;Urban Assembly Institute of Math and Science for Young Women;MS Core;CTT;27;1;27.00;27;27
K527;Urban Assembly Institute of Math and Science for Young Women;MS Core;CTT;27;1;27.00;27;27
K527;Urban Assembly Institute of Math and Science for Young Women;09-12;GEN ED;81;3;27.00;27;27
K527;Urban Assembly Institute of Math and Science for Young Women;09-12;GEN ED;45;2;22.50;22;23
K527;Urban Assembly Institute of Math and Science for Young Women;09-12;GEN ED;126;5;25.20;22;27
K527;Urban Assembly Institute of Math and Science for Young Women;09-12;GEN ED;81;3;27.00;27;27
K527;Urban Assembly Institute of Math and Science for Young Women;09-12;GEN ED;45;2;22.50;22;23
K527;Urban Assembly Institute of Math and Science for Young Women;09-12;GEN ED;126;5;25.20;22;27
K527;Urban Assembly Institute of Math and Science for Young Women;09-12;CTT;22;1;22.00;22;22
K527;Urban Assembly Institute of Math and Science for Young Women;09-12;CTT;22;1;22.00;22;22
K527;Urban Assembly Institute of Math and Science for Young Women;09-12;CTT;22;1;22.00;22;22
K527;Urban Assembly Institute of Math and Science for Young Women;09-12;CTT;22;1;22.00;22;22
K527;Urban Assembly Institute of Math and Science for Young Women;;;0;0;.00;0;0
