SCHOOL CODE;SCHOOL NAME;GRADE ;PROGRAM TYPE;NUMBER OF STUDENTS   SEATS FILLED;NUMBER OF SECTIONS;AVERAGE CLASS SIZE;SIZE OF SMALLEST CLASS;SIZE OF LARGEST CLASS
K528;The High School for Global Citizenship;09-12;GEN ED;66;2;33.00;32;34
K528;The High School for Global Citizenship;09-12;GEN ED;88;3;29.30;19;35
K528;The High School for Global Citizenship;09-12;GEN ED;187;7;26.70;13;34
K528;The High School for Global Citizenship;09-12;GEN ED;70;3;23.30;16;31
K528;The High School for Global Citizenship;09-12;GEN ED;117;5;23.40;13;35
K528;The High School for Global Citizenship;09-12;GEN ED;116;4;29.00;20;34
K528;The High School for Global Citizenship;09-12;GEN ED;57;2;28.50;26;31
K528;The High School for Global Citizenship;09-12;GEN ED;270;10;27.00;20;35
K528;The High School for Global Citizenship;09-12;GEN ED;147;5;29.40;13;34
K528;The High School for Global Citizenship;09-12;GEN ED;42;2;21.00;21;21
K528;The High School for Global Citizenship;09-12;GEN ED;134;4;33.50;33;34
K528;The High School for Global Citizenship;09-12;GEN ED;22;1;22.00;22;22
K528;The High School for Global Citizenship;09-12;GEN ED;498;18;27.70;10;34
K528;The High School for Global Citizenship;09-12;GEN ED;27;1;27.00;27;27
K528;The High School for Global Citizenship;09-12;GEN ED;19;1;19.00;19;19
K528;The High School for Global Citizenship;09-12;GEN ED;45;2;22.50;20;25
K528;The High School for Global Citizenship;09-12;CTT;13;1;13.00;13;13
K528;The High School for Global Citizenship;09-12;CTT;13;1;13.00;13;13
K528;The High School for Global Citizenship;09-12;CTT;14;1;14.00;14;14
K528;The High School for Global Citizenship;09-12;CTT;31;1;31.00;31;31
K528;The High School for Global Citizenship;09-12;CTT;12;1;12.00;12;12
K528;The High School for Global Citizenship;09-12;CTT;24;2;12.00;12;12
K528;The High School for Global Citizenship;09-12;CTT;34;2;17.00;15;19
K528;The High School for Global Citizenship;09-12;CTT;52;2;26.00;26;26
K528;The High School for Global Citizenship;09-12;CTT;47;3;15.70;12;23
K528;The High School for Global Citizenship;09-12;CTT;11;1;11.00;11;11
K528;The High School for Global Citizenship;09-12;SPEC ED;11;1;11.00;11;11
K528;The High School for Global Citizenship;;;0;0;.00;0;0
