SCHOOL CODE;SCHOOL NAME;GRADE ;PROGRAM TYPE;NUMBER OF STUDENTS   SEATS FILLED;NUMBER OF SECTIONS;AVERAGE CLASS SIZE;SIZE OF SMALLEST CLASS;SIZE OF LARGEST CLASS
K529;West Brooklyn Community High School;09-12;GEN ED;60;4;15.00;10;18
K529;West Brooklyn Community High School;09-12;GEN ED;87;4;21.80;20;24
K529;West Brooklyn Community High School;09-12;GEN ED;20;2;10.00;10;10
K529;West Brooklyn Community High School;09-12;GEN ED;88;5;17.60;16;19
K529;West Brooklyn Community High School;09-12;GEN ED;93;5;18.60;15;22
K529;West Brooklyn Community High School;09-12;GEN ED;106;6;17.70;11;24
K529;West Brooklyn Community High School;09-12;GEN ED;87;6;14.50;10;19
K529;West Brooklyn Community High School;09-12;GEN ED;65;4;16.30;11;25
K529;West Brooklyn Community High School;09-12;GEN ED;50;3;16.70;13;19
K529;West Brooklyn Community High School;09-12;GEN ED;27;2;13.50;13;14
K529;West Brooklyn Community High School;;;0;0;.00;0;0
