SCHOOL CODE;SCHOOL NAME;GRADE ;PROGRAM TYPE;NUMBER OF STUDENTS   SEATS FILLED;NUMBER OF SECTIONS;AVERAGE CLASS SIZE;SIZE OF SMALLEST CLASS;SIZE OF LARGEST CLASS
K530;Metropolitan Corporate Academy High School;09-12;GEN ED;17;1;17.00;17;17
K530;Metropolitan Corporate Academy High School;09-12;GEN ED;42;2;21.00;14;28
K530;Metropolitan Corporate Academy High School;09-12;GEN ED;59;3;19.70;13;23
K530;Metropolitan Corporate Academy High School;09-12;GEN ED;106;4;26.50;21;30
K530;Metropolitan Corporate Academy High School;09-12;GEN ED;158;7;22.60;10;34
K530;Metropolitan Corporate Academy High School;09-12;GEN ED;126;7;18.00;11;32
K530;Metropolitan Corporate Academy High School;09-12;GEN ED;19;1;19.00;19;19
K530;Metropolitan Corporate Academy High School;09-12;GEN ED;67;3;22.30;14;28
K530;Metropolitan Corporate Academy High School;09-12;GEN ED;58;3;19.30;17;22
K530;Metropolitan Corporate Academy High School;09-12;GEN ED;119;5;23.80;17;32
K530;Metropolitan Corporate Academy High School;09-12;GEN ED;58;3;19.30;17;24
K530;Metropolitan Corporate Academy High School;09-12;GEN ED;29;1;29.00;29;29
K530;Metropolitan Corporate Academy High School;09-12;GEN ED;112;4;28.00;19;35
K530;Metropolitan Corporate Academy High School;09-12;GEN ED;109;6;18.20;10;25
K530;Metropolitan Corporate Academy High School;09-12;GEN ED;76;3;25.30;20;33
K530;Metropolitan Corporate Academy High School;09-12;GEN ED;119;6;19.80;16;26
K530;Metropolitan Corporate Academy High School;09-12;GEN ED;28;1;28.00;28;28
K530;Metropolitan Corporate Academy High School;09-12;CTT;39;1;39.00;39;39
K530;Metropolitan Corporate Academy High School;09-12;CTT;17;1;17.00;17;17
K530;Metropolitan Corporate Academy High School;09-12;CTT;19;1;19.00;19;19
K530;Metropolitan Corporate Academy High School;09-12;CTT;24;1;24.00;24;24
K530;Metropolitan Corporate Academy High School;09-12;CTT;57;2;28.50;27;30
K530;Metropolitan Corporate Academy High School;09-12;SPEC ED;13;1;13.00;13;13
K530;Metropolitan Corporate Academy High School;09-12;SPEC ED;13;1;13.00;13;13
K530;Metropolitan Corporate Academy High School;09-12;SPEC ED;13;1;13.00;13;13
K530;Metropolitan Corporate Academy High School;09-12;SPEC ED;24;2;12.00;11;13
K530;Metropolitan Corporate Academy High School;09-12;SPEC ED;28;2;14.00;13;15
K530;Metropolitan Corporate Academy High School;09-12;SPEC ED;15;1;15.00;15;15
K530;Metropolitan Corporate Academy High School;;;0;0;.00;0;0
