SCHOOL CODE;SCHOOL NAME;GRADE ;PROGRAM TYPE;NUMBER OF STUDENTS   SEATS FILLED;NUMBER OF SECTIONS;AVERAGE CLASS SIZE;SIZE OF SMALLEST CLASS;SIZE OF LARGEST CLASS
K531;School for Human Rights, The;06;GEN ED;34;2;17.00;14;20
K531;School for Human Rights, The;07;GEN ED;49;2;24.50;20;29
K531;School for Human Rights, The;07;CTT;5;1;5.00;5;5
K531;School for Human Rights, The;08;GEN ED;31;2;15.50;11;20
K531;School for Human Rights, The;MS Core;GEN ED;114;6;19.00;12;30
K531;School for Human Rights, The;MS Core;GEN ED;82;4;20.50;12;30
K531;School for Human Rights, The;MS Core;GEN ED;82;4;20.50;12;30
K531;School for Human Rights, The;MS Core;GEN ED;70;3;23.30;20;30
K531;School for Human Rights, The;MS Core;CTT;45;2;22.50;20;25
K531;School for Human Rights, The;MS Core;CTT;45;2;22.50;20;25
K531;School for Human Rights, The;MS Core;CTT;45;2;22.50;20;25
K531;School for Human Rights, The;MS Core;CTT;45;2;22.50;20;25
K531;School for Human Rights, The;09-12;GEN ED;34;1;34.00;34;34
K531;School for Human Rights, The;09-12;GEN ED;36;1;36.00;36;36
K531;School for Human Rights, The;09-12;GEN ED;63;2;31.50;31;32
K531;School for Human Rights, The;09-12;GEN ED;61;2;30.50;28;33
K531;School for Human Rights, The;09-12;GEN ED;43;2;21.50;18;25
K531;School for Human Rights, The;09-12;GEN ED;160;6;26.70;16;34
K531;School for Human Rights, The;09-12;GEN ED;36;1;36.00;36;36
K531;School for Human Rights, The;09-12;GEN ED;18;1;18.00;18;18
K531;School for Human Rights, The;09-12;GEN ED;71;2;35.50;35;36
K531;School for Human Rights, The;09-12;GEN ED;72;2;36.00;35;37
K531;School for Human Rights, The;09-12;GEN ED;128;4;32.00;31;33
K531;School for Human Rights, The;09-12;GEN ED;59;2;29.50;27;32
K531;School for Human Rights, The;09-12;GEN ED;70;2;35.00;35;35
K531;School for Human Rights, The;09-12;GEN ED;62;2;31.00;29;33
K531;School for Human Rights, The;09-12;GEN ED;59;2;29.50;27;32
K531;School for Human Rights, The;09-12;GEN ED;97;3;32.30;30;35
K531;School for Human Rights, The;09-12;CTT;29;1;29.00;29;29
K531;School for Human Rights, The;09-12;CTT;26;1;26.00;26;26
K531;School for Human Rights, The;09-12;CTT;25;1;25.00;25;25
K531;School for Human Rights, The;09-12;CTT;37;2;18.50;16;21
K531;School for Human Rights, The;09-12;CTT;62;2;31.00;30;32
K531;School for Human Rights, The;09-12;CTT;54;2;27.00;27;27
K531;School for Human Rights, The;09-12;CTT;60;2;30.00;29;31
K531;School for Human Rights, The;09-12;CTT;52;2;26.00;25;27
K531;School for Human Rights, The;;;0;0;.00;0;0
