SCHOOL CODE;SCHOOL NAME;GRADE ;PROGRAM TYPE;NUMBER OF STUDENTS   SEATS FILLED;NUMBER OF SECTIONS;AVERAGE CLASS SIZE;SIZE OF SMALLEST CLASS;SIZE OF LARGEST CLASS
K533;School for Democracy and Leadership;06;GEN ED;14;1;14.00;14;14
K533;School for Democracy and Leadership;06;CTT;13;1;13.00;13;13
K533;School for Democracy and Leadership;07;GEN ED;14;1;14.00;14;14
K533;School for Democracy and Leadership;07;CTT;19;1;19.00;19;19
K533;School for Democracy and Leadership;08;GEN ED;20;1;20.00;20;20
K533;School for Democracy and Leadership;08;CTT;24;1;24.00;24;24
K533;School for Democracy and Leadership;0K-09;SPEC ED;5;1;5.00;5;5
K533;School for Democracy and Leadership;MS Core;GEN ED;79;5;15.80;13;19
K533;School for Democracy and Leadership;MS Core;GEN ED;79;5;15.80;13;19
K533;School for Democracy and Leadership;MS Core;GEN ED;79;5;15.80;13;19
K533;School for Democracy and Leadership;MS Core;GEN ED;79;5;15.80;13;19
K533;School for Democracy and Leadership;MS Core;CTT;30;2;15.00;14;16
K533;School for Democracy and Leadership;MS Core;CTT;30;2;15.00;14;16
K533;School for Democracy and Leadership;MS Core;CTT;30;2;15.00;14;16
K533;School for Democracy and Leadership;MS Core;CTT;30;2;15.00;14;16
K533;School for Democracy and Leadership;09-12;GEN ED;51;2;25.50;25;26
K533;School for Democracy and Leadership;09-12;GEN ED;52;2;26.00;23;29
K533;School for Democracy and Leadership;09-12;GEN ED;49;2;24.50;24;25
K533;School for Democracy and Leadership;09-12;GEN ED;52;3;17.30;12;24
K533;School for Democracy and Leadership;09-12;GEN ED;45;2;22.50;18;27
K533;School for Democracy and Leadership;09-12;GEN ED;80;4;20.00;10;27
K533;School for Democracy and Leadership;09-12;GEN ED;33;1;33.00;33;33
K533;School for Democracy and Leadership;09-12;GEN ED;49;2;24.50;24;25
K533;School for Democracy and Leadership;09-12;GEN ED;44;3;14.70;10;18
K533;School for Democracy and Leadership;09-12;GEN ED;50;2;25.00;24;26
K533;School for Democracy and Leadership;09-12;GEN ED;56;2;28.00;27;29
K533;School for Democracy and Leadership;09-12;GEN ED;72;4;18.00;11;25
K533;School for Democracy and Leadership;09-12;GEN ED;215;9;23.90;18;29
K533;School for Democracy and Leadership;09-12;GEN ED;45;2;22.50;19;26
K533;School for Democracy and Leadership;09-12;CTT;24;1;24.00;24;24
K533;School for Democracy and Leadership;09-12;CTT;20;1;20.00;20;20
K533;School for Democracy and Leadership;09-12;CTT;27;1;27.00;27;27
K533;School for Democracy and Leadership;09-12;CTT;28;1;28.00;28;28
K533;School for Democracy and Leadership;09-12;CTT;69;3;23.00;20;25
K533;School for Democracy and Leadership;09-12;CTT;24;1;24.00;24;24
K533;School for Democracy and Leadership;09-12;CTT;41;2;20.50;20;21
K533;School for Democracy and Leadership;09-12;CTT;27;1;27.00;27;27
K533;School for Democracy and Leadership;09-12;CTT;98;4;24.50;21;27
K533;School for Democracy and Leadership;09-12;CTT;27;1;27.00;27;27
K533;School for Democracy and Leadership;09-12;CTT;32;1;32.00;32;32
K533;School for Democracy and Leadership;;;0;0;.00;0;0
