SCHOOL CODE;SCHOOL NAME;GRADE ;PROGRAM TYPE;NUMBER OF STUDENTS   SEATS FILLED;NUMBER OF SECTIONS;AVERAGE CLASS SIZE;SIZE OF SMALLEST CLASS;SIZE OF LARGEST CLASS
K535;Leon M. Goldstein High School for the Sciences;09-12;GEN ED;215;7;30.70;25;33
K535;Leon M. Goldstein High School for the Sciences;09-12;GEN ED;257;8;32.10;28;34
K535;Leon M. Goldstein High School for the Sciences;09-12;GEN ED;250;8;31.30;26;34
K535;Leon M. Goldstein High School for the Sciences;09-12;GEN ED;239;8;29.90;22;34
K535;Leon M. Goldstein High School for the Sciences;09-12;GEN ED;58;2;29.00;27;31
K535;Leon M. Goldstein High School for the Sciences;09-12;GEN ED;62;2;31.00;30;32
K535;Leon M. Goldstein High School for the Sciences;09-12;GEN ED;202;6;33.70;33;34
K535;Leon M. Goldstein High School for the Sciences;09-12;GEN ED;273;9;30.30;26;33
K535;Leon M. Goldstein High School for the Sciences;09-12;GEN ED;119;4;29.80;24;34
K535;Leon M. Goldstein High School for the Sciences;09-12;GEN ED;65;2;32.50;31;34
K535;Leon M. Goldstein High School for the Sciences;09-12;GEN ED;680;21;32.40;24;35
K535;Leon M. Goldstein High School for the Sciences;09-12;GEN ED;537;17;31.60;26;34
K535;Leon M. Goldstein High School for the Sciences;09-12;GEN ED;237;7;33.90;32;35
K535;Leon M. Goldstein High School for the Sciences;09-12;GEN ED;361;12;30.10;13;34
K535;Leon M. Goldstein High School for the Sciences;09-12;GEN ED;294;9;32.70;25;34
K535;Leon M. Goldstein High School for the Sciences;09-12;GEN ED;132;4;33.00;32;34
K535;Leon M. Goldstein High School for the Sciences;09-12;GEN ED;461;14;32.90;30;34
K535;Leon M. Goldstein High School for the Sciences;09-12;CTT;26;1;26.00;26;26
K535;Leon M. Goldstein High School for the Sciences;09-12;CTT;21;1;21.00;21;21
K535;Leon M. Goldstein High School for the Sciences;09-12;CTT;34;1;34.00;34;34
K535;Leon M. Goldstein High School for the Sciences;09-12;CTT;29;1;29.00;29;29
K535;Leon M. Goldstein High School for the Sciences;09-12;CTT;34;1;34.00;34;34
K535;Leon M. Goldstein High School for the Sciences;09-12;CTT;33;1;33.00;33;33
K535;Leon M. Goldstein High School for the Sciences;09-12;CTT;32;1;32.00;32;32
K535;Leon M. Goldstein High School for the Sciences;09-12;CTT;68;2;34.00;34;34
K535;Leon M. Goldstein High School for the Sciences;09-12;CTT;31;1;31.00;31;31
K535;Leon M. Goldstein High School for the Sciences;09-12;CTT;64;2;32.00;30;34
K535;Leon M. Goldstein High School for the Sciences;;;0;0;.00;0;0
