SCHOOL CODE;SCHOOL NAME;GRADE ;PROGRAM TYPE;NUMBER OF STUDENTS   SEATS FILLED;NUMBER OF SECTIONS;AVERAGE CLASS SIZE;SIZE OF SMALLEST CLASS;SIZE OF LARGEST CLASS
K537;High School for Youth and Community Development at Erasmus;09-12;GEN ED;56;2;28.00;25;31
K537;High School for Youth and Community Development at Erasmus;09-12;GEN ED;81;3;27.00;20;33
K537;High School for Youth and Community Development at Erasmus;09-12;GEN ED;107;4;26.80;17;36
K537;High School for Youth and Community Development at Erasmus;09-12;GEN ED;83;4;20.80;15;28
K537;High School for Youth and Community Development at Erasmus;09-12;GEN ED;137;5;27.40;17;35
K537;High School for Youth and Community Development at Erasmus;09-12;GEN ED;191;8;23.90;13;28
K537;High School for Youth and Community Development at Erasmus;09-12;GEN ED;120;7;17.10;10;25
K537;High School for Youth and Community Development at Erasmus;09-12;GEN ED;23;1;23.00;23;23
K537;High School for Youth and Community Development at Erasmus;09-12;GEN ED;90;4;22.50;17;28
K537;High School for Youth and Community Development at Erasmus;09-12;GEN ED;240;10;24.00;16;31
K537;High School for Youth and Community Development at Erasmus;09-12;GEN ED;103;4;25.80;25;27
K537;High School for Youth and Community Development at Erasmus;09-12;GEN ED;155;10;15.50;11;20
K537;High School for Youth and Community Development at Erasmus;09-12;GEN ED;117;6;19.50;13;24
K537;High School for Youth and Community Development at Erasmus;09-12;GEN ED;29;1;29.00;29;29
K537;High School for Youth and Community Development at Erasmus;09-12;GEN ED;15;1;15.00;15;15
K537;High School for Youth and Community Development at Erasmus;09-12;CTT;53;2;26.50;21;32
K537;High School for Youth and Community Development at Erasmus;09-12;CTT;89;3;29.70;27;31
K537;High School for Youth and Community Development at Erasmus;09-12;CTT;66;2;33.00;33;33
K537;High School for Youth and Community Development at Erasmus;09-12;CTT;302;10;30.20;25;35
K537;High School for Youth and Community Development at Erasmus;09-12;CTT;24;1;24.00;24;24
K537;High School for Youth and Community Development at Erasmus;09-12;CTT;171;6;28.50;14;34
K537;High School for Youth and Community Development at Erasmus;09-12;CTT;17;1;17.00;17;17
K537;High School for Youth and Community Development at Erasmus;;;0;0;.00;0;0
