SCHOOL CODE;SCHOOL NAME;GRADE ;PROGRAM TYPE;NUMBER OF STUDENTS   SEATS FILLED;NUMBER OF SECTIONS;AVERAGE CLASS SIZE;SIZE OF SMALLEST CLASS;SIZE OF LARGEST CLASS
K539;High School for Service & Learning at Erasmus;09-12;GEN ED;63;2;31.50;31;32
K539;High School for Service & Learning at Erasmus;09-12;GEN ED;54;2;27.00;24;30
K539;High School for Service & Learning at Erasmus;09-12;GEN ED;59;2;29.50;26;33
K539;High School for Service & Learning at Erasmus;09-12;GEN ED;75;3;25.00;17;29
K539;High School for Service & Learning at Erasmus;09-12;GEN ED;61;2;30.50;30;31
K539;High School for Service & Learning at Erasmus;09-12;GEN ED;60;2;30.00;29;31
K539;High School for Service & Learning at Erasmus;09-12;GEN ED;80;3;26.70;23;32
K539;High School for Service & Learning at Erasmus;09-12;GEN ED;29;1;29.00;29;29
K539;High School for Service & Learning at Erasmus;09-12;GEN ED;102;4;25.50;13;38
K539;High School for Service & Learning at Erasmus;09-12;GEN ED;151;5;30.20;13;36
K539;High School for Service & Learning at Erasmus;09-12;GEN ED;160;5;32.00;28;34
K539;High School for Service & Learning at Erasmus;09-12;GEN ED;119;4;29.80;21;34
K539;High School for Service & Learning at Erasmus;09-12;GEN ED;88;3;29.30;24;35
K539;High School for Service & Learning at Erasmus;09-12;GEN ED;64;3;21.30;18;23
K539;High School for Service & Learning at Erasmus;09-12;GEN ED;83;4;20.80;16;29
K539;High School for Service & Learning at Erasmus;09-12;CTT;24;1;24.00;24;24
K539;High School for Service & Learning at Erasmus;09-12;CTT;51;2;25.50;22;29
K539;High School for Service & Learning at Erasmus;09-12;CTT;57;2;28.50;24;33
K539;High School for Service & Learning at Erasmus;09-12;CTT;27;1;27.00;27;27
K539;High School for Service & Learning at Erasmus;09-12;CTT;98;4;24.50;17;33
K539;High School for Service & Learning at Erasmus;09-12;CTT;110;4;27.50;25;30
K539;High School for Service & Learning at Erasmus;09-12;CTT;134;4;33.50;33;34
K539;High School for Service & Learning at Erasmus;09-12;CTT;86;4;21.50;13;30
K539;High School for Service & Learning at Erasmus;09-12;CTT;63;3;21.00;15;24
K539;High School for Service & Learning at Erasmus;09-12;CTT;84;3;28.00;26;30
K539;High School for Service & Learning at Erasmus;09-12;CTT;23;1;23.00;23;23
K539;High School for Service & Learning at Erasmus;09-12;CTT;30;1;30.00;30;30
K539;High School for Service & Learning at Erasmus;09-12;CTT;25;1;25.00;25;25
K539;High School for Service & Learning at Erasmus;;;0;0;.00;0;0
