SCHOOL CODE;SCHOOL NAME;GRADE ;PROGRAM TYPE;NUMBER OF STUDENTS   SEATS FILLED;NUMBER OF SECTIONS;AVERAGE CLASS SIZE;SIZE OF SMALLEST CLASS;SIZE OF LARGEST CLASS
K540;John Dewey High School;MS Core;GEN ED;108;4;27.00;22;32
K540;John Dewey High School;09-12;GEN ED;873;31;28.20;14;34
K540;John Dewey High School;09-12;GEN ED;392;12;32.70;26;36
K540;John Dewey High School;09-12;GEN ED;581;18;32.30;27;34
K540;John Dewey High School;09-12;GEN ED;78;3;26.00;22;32
K540;John Dewey High School;09-12;GEN ED;39;2;19.50;17;22
K540;John Dewey High School;09-12;GEN ED;829;30;27.60;16;34
K540;John Dewey High School;09-12;GEN ED;741;30;24.70;11;34
K540;John Dewey High School;09-12;GEN ED;39;2;19.50;18;21
K540;John Dewey High School;09-12;GEN ED;366;15;24.40;13;33
K540;John Dewey High School;09-12;GEN ED;293;9;32.60;25;35
K540;John Dewey High School;09-12;GEN ED;1003;34;29.50;10;35
K540;John Dewey High School;09-12;GEN ED;1369;47;29.10;14;37
K540;John Dewey High School;09-12;GEN ED;429;14;30.60;26;34
K540;John Dewey High School;09-12;GEN ED;304;10;30.40;12;42
K540;John Dewey High School;09-12;GEN ED;434;16;27.10;15;35
K540;John Dewey High School;09-12;GEN ED;1067;37;28.80;14;50
K540;John Dewey High School;09-12;GEN ED;431;13;33.20;31;34
K540;John Dewey High School;09-12;GEN ED;268;9;29.80;23;33
K540;John Dewey High School;09-12;GEN ED;316;11;28.70;20;34
K540;John Dewey High School;09-12;GEN ED;196;6;32.70;14;53
K540;John Dewey High School;09-12;CTT;43;2;21.50;17;26
K540;John Dewey High School;09-12;CTT;34;1;34.00;34;34
K540;John Dewey High School;09-12;CTT;42;2;21.00;13;29
K540;John Dewey High School;09-12;CTT;13;1;13.00;13;13
K540;John Dewey High School;09-12;CTT;93;4;23.30;13;33
K540;John Dewey High School;09-12;CTT;44;2;22.00;19;25
K540;John Dewey High School;09-12;CTT;62;2;31.00;30;32
K540;John Dewey High School;09-12;CTT;100;5;20.00;14;27
K540;John Dewey High School;09-12;CTT;33;1;33.00;33;33
K540;John Dewey High School;09-12;CTT;44;2;22.00;16;28
K540;John Dewey High School;09-12;CTT;80;3;26.70;14;34
K540;John Dewey High School;09-12;SPEC ED;39;4;9.80;7;12
K540;John Dewey High School;09-12;SPEC ED;19;1;19.00;19;19
K540;John Dewey High School;09-12;SPEC ED;20;1;20.00;20;20
K540;John Dewey High School;09-12;SPEC ED;18;1;18.00;18;18
K540;John Dewey High School;09-12;SPEC ED;22;2;11.00;9;13
K540;John Dewey High School;09-12;SPEC ED;13;1;13.00;13;13
K540;John Dewey High School;09-12;SPEC ED;53;5;10.60;7;16
K540;John Dewey High School;09-12;SPEC ED;26;2;13.00;10;16
K540;John Dewey High School;09-12;SPEC ED;42;3;14.00;9;20
K540;John Dewey High School;09-12;SPEC ED;17;1;17.00;17;17
K540;John Dewey High School;09-12;SPEC ED;11;1;11.00;11;11
K540;John Dewey High School;;;0;0;.00;0;0
