SCHOOL CODE;SCHOOL NAME;GRADE ;PROGRAM TYPE;NUMBER OF STUDENTS   SEATS FILLED;NUMBER OF SECTIONS;AVERAGE CLASS SIZE;SIZE OF SMALLEST CLASS;SIZE OF LARGEST CLASS
K543;Science, Technology and Research Early College High School at Erasmus;06;GEN ED;48;2;24.00;24;24
K543;Science, Technology and Research Early College High School at Erasmus;06;CTT;22;1;22.00;22;22
K543;Science, Technology and Research Early College High School at Erasmus;07;GEN ED;39;2;19.50;19;20
K543;Science, Technology and Research Early College High School at Erasmus;07;CTT;19;1;19.00;19;19
K543;Science, Technology and Research Early College High School at Erasmus;08;GEN ED;71;3;23.70;23;24
K543;Science, Technology and Research Early College High School at Erasmus;MS Core;GEN ED;200;9;22.20;19;25
K543;Science, Technology and Research Early College High School at Erasmus;MS Core;GEN ED;105;5;21.00;19;24
K543;Science, Technology and Research Early College High School at Erasmus;MS Core;GEN ED;24;1;24.00;24;24
K543;Science, Technology and Research Early College High School at Erasmus;MS Core;GEN ED;176;8;22.00;19;25
K543;Science, Technology and Research Early College High School at Erasmus;MS Core;GEN ED;24;1;24.00;24;24
K543;Science, Technology and Research Early College High School at Erasmus;MS Core;GEN ED;200;9;22.20;19;25
K543;Science, Technology and Research Early College High School at Erasmus;09-12;GEN ED;85;3;28.30;25;30
K543;Science, Technology and Research Early College High School at Erasmus;09-12;GEN ED;76;3;25.30;21;30
K543;Science, Technology and Research Early College High School at Erasmus;09-12;GEN ED;70;3;23.30;15;32
K543;Science, Technology and Research Early College High School at Erasmus;09-12;GEN ED;200;10;20.00;13;24
K543;Science, Technology and Research Early College High School at Erasmus;09-12;GEN ED;75;3;25.00;25;25
K543;Science, Technology and Research Early College High School at Erasmus;09-12;GEN ED;48;3;16.00;11;21
K543;Science, Technology and Research Early College High School at Erasmus;09-12;GEN ED;85;3;28.30;25;34
K543;Science, Technology and Research Early College High School at Erasmus;09-12;GEN ED;33;2;16.50;16;17
K543;Science, Technology and Research Early College High School at Erasmus;09-12;GEN ED;154;6;25.70;21;30
K543;Science, Technology and Research Early College High School at Erasmus;09-12;GEN ED;136;6;22.70;14;29
K543;Science, Technology and Research Early College High School at Erasmus;09-12;GEN ED;66;3;22.00;14;27
K543;Science, Technology and Research Early College High School at Erasmus;09-12;GEN ED;166;8;20.80;10;34
K543;Science, Technology and Research Early College High School at Erasmus;09-12;GEN ED;75;3;25.00;23;28
K543;Science, Technology and Research Early College High School at Erasmus;09-12;GEN ED;122;5;24.40;14;31
K543;Science, Technology and Research Early College High School at Erasmus;;;0;0;.00;0;0
