SCHOOL CODE;SCHOOL NAME;GRADE ;PROGRAM TYPE;NUMBER OF STUDENTS   SEATS FILLED;NUMBER OF SECTIONS;AVERAGE CLASS SIZE;SIZE OF SMALLEST CLASS;SIZE OF LARGEST CLASS
K544;International Arts Business School;09-12;GEN ED;90;4;22.50;17;30
K544;International Arts Business School;09-12;GEN ED;91;4;22.80;14;31
K544;International Arts Business School;09-12;GEN ED;72;3;24.00;20;31
K544;International Arts Business School;09-12;GEN ED;50;2;25.00;20;30
K544;International Arts Business School;09-12;GEN ED;42;2;21.00;19;23
K544;International Arts Business School;09-12;GEN ED;155;7;22.10;13;30
K544;International Arts Business School;09-12;GEN ED;85;4;21.30;16;26
K544;International Arts Business School;09-12;GEN ED;79;4;19.80;10;23
K544;International Arts Business School;09-12;GEN ED;54;2;27.00;24;30
K544;International Arts Business School;09-12;GEN ED;406;16;25.40;17;31
K544;International Arts Business School;09-12;GEN ED;88;4;22.00;15;29
K544;International Arts Business School;09-12;GEN ED;21;1;21.00;21;21
K544;International Arts Business School;09-12;GEN ED;16;1;16.00;16;16
K544;International Arts Business School;09-12;GEN ED;305;13;23.50;11;34
K544;International Arts Business School;09-12;GEN ED;74;3;24.70;11;32
K544;International Arts Business School;09-12;CTT;29;1;29.00;29;29
K544;International Arts Business School;09-12;CTT;25;1;25.00;25;25
K544;International Arts Business School;09-12;CTT;26;1;26.00;26;26
K544;International Arts Business School;09-12;CTT;18;1;18.00;18;18
K544;International Arts Business School;09-12;CTT;52;2;26.00;22;30
K544;International Arts Business School;09-12;CTT;62;3;20.70;10;27
K544;International Arts Business School;09-12;CTT;166;6;27.70;26;30
K544;International Arts Business School;09-12;CTT;116;4;29.00;25;34
K544;International Arts Business School;09-12;CTT;25;1;25.00;25;25
K544;International Arts Business School;09-12;SPEC ED;12;1;12.00;12;12
K544;International Arts Business School;09-12;SPEC ED;28;2;14.00;14;14
K544;International Arts Business School;;;0;0;.00;0;0
