SCHOOL CODE;SCHOOL NAME;GRADE ;PROGRAM TYPE;NUMBER OF STUDENTS   SEATS FILLED;NUMBER OF SECTIONS;AVERAGE CLASS SIZE;SIZE OF SMALLEST CLASS;SIZE OF LARGEST CLASS
K545;EBC High School for Public Service–Bushwick;09-12;GEN ED;103;5;20.60;15;24
K545;EBC High School for Public Service–Bushwick;09-12;GEN ED;127;5;25.40;11;30
K545;EBC High School for Public Service–Bushwick;09-12;GEN ED;137;6;22.80;17;31
K545;EBC High School for Public Service–Bushwick;09-12;GEN ED;147;6;24.50;21;30
K545;EBC High School for Public Service–Bushwick;09-12;GEN ED;15;1;15.00;15;15
K545;EBC High School for Public Service–Bushwick;09-12;GEN ED;318;13;24.50;13;32
K545;EBC High School for Public Service–Bushwick;09-12;GEN ED;153;6;25.50;21;29
K545;EBC High School for Public Service–Bushwick;09-12;GEN ED;86;4;21.50;18;24
K545;EBC High School for Public Service–Bushwick;09-12;GEN ED;340;12;28.30;21;35
K545;EBC High School for Public Service–Bushwick;09-12;GEN ED;325;13;25.00;11;35
K545;EBC High School for Public Service–Bushwick;09-12;GEN ED;169;9;18.80;12;30
K545;EBC High School for Public Service–Bushwick;09-12;GEN ED;49;2;24.50;24;25
K545;EBC High School for Public Service–Bushwick;09-12;GEN ED;27;1;27.00;27;27
K545;EBC High School for Public Service–Bushwick;09-12;GEN ED;271;12;22.60;10;35
K545;EBC High School for Public Service–Bushwick;09-12;GEN ED;151;7;21.60;14;27
K545;EBC High School for Public Service–Bushwick;09-12;GEN ED;68;3;22.70;17;29
K545;EBC High School for Public Service–Bushwick;09-12;GEN ED;80;4;20.00;10;27
K545;EBC High School for Public Service–Bushwick;09-12;CTT;36;1;36.00;36;36
K545;EBC High School for Public Service–Bushwick;09-12;CTT;30;1;30.00;30;30
K545;EBC High School for Public Service–Bushwick;09-12;CTT;13;1;13.00;13;13
K545;EBC High School for Public Service–Bushwick;09-12;CTT;67;2;33.50;31;36
K545;EBC High School for Public Service–Bushwick;09-12;CTT;53;2;26.50;17;36
K545;EBC High School for Public Service–Bushwick;09-12;CTT;59;2;29.50;27;32
K545;EBC High School for Public Service–Bushwick;09-12;CTT;13;1;13.00;13;13
K545;EBC High School for Public Service–Bushwick;;;0;0;.00;0;0
