SCHOOL CODE;SCHOOL NAME;GRADE ;PROGRAM TYPE;NUMBER OF STUDENTS   SEATS FILLED;NUMBER OF SECTIONS;AVERAGE CLASS SIZE;SIZE OF SMALLEST CLASS;SIZE OF LARGEST CLASS
K546;High School for Public Service: Heroes of Tomorrow;09-12;GEN ED;112;4;28.00;26;30
K546;High School for Public Service: Heroes of Tomorrow;09-12;GEN ED;106;4;26.50;23;29
K546;High School for Public Service: Heroes of Tomorrow;09-12;GEN ED;112;5;22.40;18;26
K546;High School for Public Service: Heroes of Tomorrow;09-12;GEN ED;26;1;26.00;26;26
K546;High School for Public Service: Heroes of Tomorrow;09-12;GEN ED;218;9;24.20;13;32
K546;High School for Public Service: Heroes of Tomorrow;09-12;GEN ED;120;6;20.00;13;24
K546;High School for Public Service: Heroes of Tomorrow;09-12;GEN ED;105;4;26.30;23;28
K546;High School for Public Service: Heroes of Tomorrow;09-12;GEN ED;12;1;12.00;12;12
K546;High School for Public Service: Heroes of Tomorrow;09-12;GEN ED;157;8;19.60;11;28
K546;High School for Public Service: Heroes of Tomorrow;09-12;GEN ED;114;4;28.50;25;31
K546;High School for Public Service: Heroes of Tomorrow;09-12;GEN ED;116;5;23.20;19;26
K546;High School for Public Service: Heroes of Tomorrow;09-12;GEN ED;106;5;21.20;19;24
K546;High School for Public Service: Heroes of Tomorrow;09-12;GEN ED;24;1;24.00;24;24
K546;High School for Public Service: Heroes of Tomorrow;09-12;GEN ED;77;4;19.30;15;24
K546;High School for Public Service: Heroes of Tomorrow;09-12;GEN ED;224;9;24.90;16;28
K546;High School for Public Service: Heroes of Tomorrow;09-12;GEN ED;168;8;21.00;12;27
K546;High School for Public Service: Heroes of Tomorrow;09-12;GEN ED;56;2;28.00;26;30
K546;High School for Public Service: Heroes of Tomorrow;09-12;GEN ED;21;1;21.00;21;21
K546;High School for Public Service: Heroes of Tomorrow;;;0;0;.00;0;0
