SCHOOL CODE;SCHOOL NAME;GRADE ;PROGRAM TYPE;NUMBER OF STUDENTS   SEATS FILLED;NUMBER OF SECTIONS;AVERAGE CLASS SIZE;SIZE OF SMALLEST CLASS;SIZE OF LARGEST CLASS
K547;Brooklyn Academy of Science and the Environment;09-12;GEN ED;75;3;25.00;24;26
K547;Brooklyn Academy of Science and the Environment;09-12;GEN ED;113;5;22.60;18;29
K547;Brooklyn Academy of Science and the Environment;09-12;GEN ED;109;5;21.80;19;25
K547;Brooklyn Academy of Science and the Environment;09-12;GEN ED;40;2;20.00;19;21
K547;Brooklyn Academy of Science and the Environment;09-12;GEN ED;119;6;19.80;11;26
K547;Brooklyn Academy of Science and the Environment;09-12;GEN ED;108;4;27.00;19;32
K547;Brooklyn Academy of Science and the Environment;09-12;GEN ED;109;5;21.80;13;28
K547;Brooklyn Academy of Science and the Environment;09-12;GEN ED;13;1;13.00;13;13
K547;Brooklyn Academy of Science and the Environment;09-12;GEN ED;145;7;20.70;11;25
K547;Brooklyn Academy of Science and the Environment;09-12;GEN ED;222;10;22.20;11;26
K547;Brooklyn Academy of Science and the Environment;09-12;GEN ED;100;5;20.00;17;26
K547;Brooklyn Academy of Science and the Environment;09-12;GEN ED;178;8;22.30;17;28
K547;Brooklyn Academy of Science and the Environment;09-12;GEN ED;301;13;23.20;17;27
K547;Brooklyn Academy of Science and the Environment;09-12;GEN ED;20;1;20.00;20;20
K547;Brooklyn Academy of Science and the Environment;09-12;CTT;30;2;15.00;15;15
K547;Brooklyn Academy of Science and the Environment;09-12;CTT;48;2;24.00;20;28
K547;Brooklyn Academy of Science and the Environment;09-12;CTT;56;2;28.00;27;29
K547;Brooklyn Academy of Science and the Environment;09-12;CTT;40;2;20.00;16;24
K547;Brooklyn Academy of Science and the Environment;09-12;CTT;19;1;19.00;19;19
K547;Brooklyn Academy of Science and the Environment;09-12;CTT;88;4;22.00;20;24
K547;Brooklyn Academy of Science and the Environment;09-12;CTT;15;1;15.00;15;15
K547;Brooklyn Academy of Science and the Environment;09-12;CTT;23;1;23.00;23;23
K547;Brooklyn Academy of Science and the Environment;09-12;CTT;70;3;23.30;13;29
K547;Brooklyn Academy of Science and the Environment;09-12;CTT;62;2;31.00;31;31
K547;Brooklyn Academy of Science and the Environment;;;0;0;.00;0;0
