SCHOOL CODE;SCHOOL NAME;GRADE ;PROGRAM TYPE;NUMBER OF STUDENTS   SEATS FILLED;NUMBER OF SECTIONS;AVERAGE CLASS SIZE;SIZE OF SMALLEST CLASS;SIZE OF LARGEST CLASS
K548;Brooklyn School for Music & Theatre;09-12;GEN ED;79;3;26.30;23;30
K548;Brooklyn School for Music & Theatre;09-12;GEN ED;67;2;33.50;33;34
K548;Brooklyn School for Music & Theatre;09-12;GEN ED;60;2;30.00;27;33
K548;Brooklyn School for Music & Theatre;09-12;GEN ED;53;2;26.50;19;34
K548;Brooklyn School for Music & Theatre;09-12;GEN ED;51;3;17.00;11;24
K548;Brooklyn School for Music & Theatre;09-12;GEN ED;93;4;23.30;17;26
K548;Brooklyn School for Music & Theatre;09-12;GEN ED;110;4;27.50;20;33
K548;Brooklyn School for Music & Theatre;09-12;GEN ED;23;1;23.00;23;23
K548;Brooklyn School for Music & Theatre;09-12;GEN ED;59;2;29.50;25;34
K548;Brooklyn School for Music & Theatre;09-12;GEN ED;103;4;25.80;10;33
K548;Brooklyn School for Music & Theatre;09-12;GEN ED;73;3;24.30;22;26
K548;Brooklyn School for Music & Theatre;09-12;GEN ED;28;1;28.00;28;28
K548;Brooklyn School for Music & Theatre;09-12;GEN ED;56;2;28.00;27;29
K548;Brooklyn School for Music & Theatre;09-12;GEN ED;154;6;25.70;17;31
K548;Brooklyn School for Music & Theatre;09-12;GEN ED;64;3;21.30;13;29
K548;Brooklyn School for Music & Theatre;09-12;GEN ED;83;3;27.70;23;34
K548;Brooklyn School for Music & Theatre;09-12;CTT;26;1;26.00;26;26
K548;Brooklyn School for Music & Theatre;09-12;CTT;33;1;33.00;33;33
K548;Brooklyn School for Music & Theatre;09-12;CTT;32;1;32.00;32;32
K548;Brooklyn School for Music & Theatre;09-12;CTT;34;1;34.00;34;34
K548;Brooklyn School for Music & Theatre;09-12;CTT;33;2;16.50;16;17
K548;Brooklyn School for Music & Theatre;09-12;CTT;58;2;29.00;29;29
K548;Brooklyn School for Music & Theatre;09-12;CTT;30;1;30.00;30;30
K548;Brooklyn School for Music & Theatre;09-12;CTT;32;1;32.00;32;32
K548;Brooklyn School for Music & Theatre;09-12;CTT;24;1;24.00;24;24
K548;Brooklyn School for Music & Theatre;09-12;CTT;30;1;30.00;30;30
K548;Brooklyn School for Music & Theatre;09-12;CTT;59;2;29.50;26;33
K548;Brooklyn School for Music & Theatre;09-12;CTT;24;1;24.00;24;24
K548;Brooklyn School for Music & Theatre;;;0;0;.00;0;0
