SCHOOL CODE;SCHOOL NAME;GRADE ;PROGRAM TYPE;NUMBER OF STUDENTS   SEATS FILLED;NUMBER OF SECTIONS;AVERAGE CLASS SIZE;SIZE OF SMALLEST CLASS;SIZE OF LARGEST CLASS
K549;Bushwick School for Social Justice;09-12;GEN ED;60;3;20.00;17;22
K549;Bushwick School for Social Justice;09-12;GEN ED;43;2;21.50;18;25
K549;Bushwick School for Social Justice;09-12;GEN ED;63;2;31.50;31;32
K549;Bushwick School for Social Justice;09-12;GEN ED;74;4;18.50;13;22
K549;Bushwick School for Social Justice;09-12;GEN ED;96;6;16.00;11;30
K549;Bushwick School for Social Justice;09-12;GEN ED;55;2;27.50;25;30
K549;Bushwick School for Social Justice;09-12;GEN ED;152;5;30.40;25;34
K549;Bushwick School for Social Justice;09-12;GEN ED;46;2;23.00;23;23
K549;Bushwick School for Social Justice;09-12;GEN ED;54;2;27.00;27;27
K549;Bushwick School for Social Justice;09-12;GEN ED;10;1;10.00;10;10
K549;Bushwick School for Social Justice;09-12;GEN ED;73;4;18.30;12;26
K549;Bushwick School for Social Justice;09-12;GEN ED;99;4;24.80;20;28
K549;Bushwick School for Social Justice;09-12;GEN ED;84;3;28.00;22;33
K549;Bushwick School for Social Justice;09-12;GEN ED;63;2;31.50;31;32
K549;Bushwick School for Social Justice;09-12;GEN ED;94;7;13.40;13;14
K549;Bushwick School for Social Justice;09-12;CTT;24;1;24.00;24;24
K549;Bushwick School for Social Justice;09-12;CTT;41;2;20.50;18;23
K549;Bushwick School for Social Justice;09-12;CTT;54;2;27.00;25;29
K549;Bushwick School for Social Justice;09-12;CTT;82;5;16.40;10;24
K549;Bushwick School for Social Justice;09-12;CTT;48;2;24.00;22;26
K549;Bushwick School for Social Justice;09-12;CTT;31;1;31.00;31;31
K549;Bushwick School for Social Justice;09-12;CTT;188;6;31.30;25;36
K549;Bushwick School for Social Justice;09-12;CTT;148;6;24.70;22;28
K549;Bushwick School for Social Justice;09-12;CTT;49;2;24.50;19;30
K549;Bushwick School for Social Justice;09-12;CTT;32;1;32.00;32;32
K549;Bushwick School for Social Justice;09-12;CTT;98;4;24.50;22;29
K549;Bushwick School for Social Justice;09-12;CTT;29;1;29.00;29;29
K549;Bushwick School for Social Justice;09-12;CTT;32;1;32.00;32;32
K549;Bushwick School for Social Justice;09-12;CTT;13;1;13.00;13;13
K549;Bushwick School for Social Justice;09-12;SPEC ED;21;2;10.50;10;11
K549;Bushwick School for Social Justice;;;0;0;.00;0;0
