SCHOOL CODE;SCHOOL NAME;GRADE ;PROGRAM TYPE;NUMBER OF STUDENTS   SEATS FILLED;NUMBER OF SECTIONS;AVERAGE CLASS SIZE;SIZE OF SMALLEST CLASS;SIZE OF LARGEST CLASS
K552;Academy of Urban Planning;09-12;GEN ED;74;4;18.50;13;21
K552;Academy of Urban Planning;09-12;GEN ED;31;2;15.50;14;17
K552;Academy of Urban Planning;09-12;GEN ED;124;4;31.00;28;33
K552;Academy of Urban Planning;09-12;GEN ED;74;3;24.70;22;26
K552;Academy of Urban Planning;09-12;GEN ED;149;7;21.30;17;30
K552;Academy of Urban Planning;09-12;GEN ED;75;3;25.00;17;31
K552;Academy of Urban Planning;09-12;GEN ED;51;2;25.50;25;26
K552;Academy of Urban Planning;09-12;GEN ED;21;1;21.00;21;21
K552;Academy of Urban Planning;09-12;GEN ED;268;11;24.40;20;32
K552;Academy of Urban Planning;09-12;GEN ED;136;7;19.40;17;24
K552;Academy of Urban Planning;09-12;GEN ED;56;3;18.70;14;27
K552;Academy of Urban Planning;09-12;GEN ED;32;1;32.00;32;32
K552;Academy of Urban Planning;09-12;GEN ED;195;8;24.40;16;32
K552;Academy of Urban Planning;09-12;GEN ED;114;4;28.50;19;34
K552;Academy of Urban Planning;09-12;GEN ED;98;4;24.50;20;30
K552;Academy of Urban Planning;09-12;GEN ED;140;5;28.00;24;32
K552;Academy of Urban Planning;09-12;CTT;15;1;15.00;15;15
K552;Academy of Urban Planning;09-12;CTT;49;2;24.50;16;33
K552;Academy of Urban Planning;09-12;CTT;40;2;20.00;14;26
K552;Academy of Urban Planning;09-12;CTT;17;1;17.00;17;17
K552;Academy of Urban Planning;09-12;CTT;42;3;14.00;13;16
K552;Academy of Urban Planning;09-12;CTT;98;3;32.70;32;34
K552;Academy of Urban Planning;09-12;CTT;28;2;14.00;13;15
K552;Academy of Urban Planning;09-12;CTT;63;2;31.50;30;33
K552;Academy of Urban Planning;09-12;CTT;27;1;27.00;27;27
K552;Academy of Urban Planning;09-12;SPEC ED;13;1;13.00;13;13
K552;Academy of Urban Planning;09-12;SPEC ED;23;2;11.50;10;13
K552;Academy of Urban Planning;09-12;SPEC ED;23;2;11.50;11;12
K552;Academy of Urban Planning;09-12;SPEC ED;23;2;11.50;10;13
K552;Academy of Urban Planning;;;0;0;.00;0;0
