SCHOOL CODE;SCHOOL NAME;GRADE ;PROGRAM TYPE;NUMBER OF STUDENTS   SEATS FILLED;NUMBER OF SECTIONS;AVERAGE CLASS SIZE;SIZE OF SMALLEST CLASS;SIZE OF LARGEST CLASS
K553;Brooklyn Academy High School;MS Core;GEN ED;10;1;10.00;10;10
K553;Brooklyn Academy High School;09-12;GEN ED;27;1;27.00;27;27
K553;Brooklyn Academy High School;09-12;GEN ED;201;11;18.30;11;29
K553;Brooklyn Academy High School;09-12;GEN ED;110;6;18.30;13;25
K553;Brooklyn Academy High School;09-12;GEN ED;20;1;20.00;20;20
K553;Brooklyn Academy High School;09-12;GEN ED;24;1;24.00;24;24
K553;Brooklyn Academy High School;09-12;GEN ED;59;3;19.70;16;23
K553;Brooklyn Academy High School;09-12;GEN ED;23;2;11.50;11;12
K553;Brooklyn Academy High School;09-12;GEN ED;72;3;24.00;17;31
K553;Brooklyn Academy High School;09-12;GEN ED;91;3;30.30;27;34
K553;Brooklyn Academy High School;09-12;GEN ED;32;1;32.00;32;32
K553;Brooklyn Academy High School;09-12;GEN ED;22;1;22.00;22;22
K553;Brooklyn Academy High School;;;0;0;.00;0;0
