SCHOOL CODE;SCHOOL NAME;GRADE ;PROGRAM TYPE;NUMBER OF STUDENTS   SEATS FILLED;NUMBER OF SECTIONS;AVERAGE CLASS SIZE;SIZE OF SMALLEST CLASS;SIZE OF LARGEST CLASS
K554;All City Leadership Secondary School;06;GEN ED;30;1;30.00;30;30
K554;All City Leadership Secondary School;07;GEN ED;30;1;30.00;30;30
K554;All City Leadership Secondary School;08;GEN ED;38;1;38.00;38;38
K554;All City Leadership Secondary School;MS Core;GEN ED;149;7;21.30;14;30
K554;All City Leadership Secondary School;MS Core;GEN ED;145;6;24.20;13;30
K554;All City Leadership Secondary School;MS Core;GEN ED;16;1;16.00;16;16
K554;All City Leadership Secondary School;MS Core;GEN ED;17;1;17.00;17;17
K554;All City Leadership Secondary School;MS Core;GEN ED;46;2;23.00;17;29
K554;All City Leadership Secondary School;MS Core;GEN ED;13;1;13.00;13;13
K554;All City Leadership Secondary School;MS Core;GEN ED;43;2;21.50;13;30
K554;All City Leadership Secondary School;MS Core;GEN ED;57;2;28.50;28;29
K554;All City Leadership Secondary School;MS Core;GEN ED;30;1;30.00;30;30
K554;All City Leadership Secondary School;MS Core;GEN ED;60;2;30.00;30;30
K554;All City Leadership Secondary School;09-12;GEN ED;34;3;11.30;11;12
K554;All City Leadership Secondary School;09-12;GEN ED;48;3;16.00;12;22
K554;All City Leadership Secondary School;09-12;GEN ED;79;5;15.80;10;21
K554;All City Leadership Secondary School;09-12;GEN ED;87;5;17.40;14;21
K554;All City Leadership Secondary School;09-12;GEN ED;96;6;16.00;12;22
K554;All City Leadership Secondary School;09-12;GEN ED;72;4;18.00;14;22
K554;All City Leadership Secondary School;09-12;GEN ED;70;4;17.50;12;24
K554;All City Leadership Secondary School;09-12;GEN ED;68;3;22.70;18;32
K554;All City Leadership Secondary School;09-12;GEN ED;106;6;17.70;14;26
K554;All City Leadership Secondary School;09-12;GEN ED;59;3;19.70;18;21
K554;All City Leadership Secondary School;09-12;GEN ED;46;2;23.00;22;24
K554;All City Leadership Secondary School;09-12;GEN ED;13;1;13.00;13;13
K554;All City Leadership Secondary School;09-12;GEN ED;123;7;17.60;12;22
K554;All City Leadership Secondary School;09-12;GEN ED;78;4;19.50;18;21
K554;All City Leadership Secondary School;09-12;GEN ED;70;4;17.50;14;21
K554;All City Leadership Secondary School;09-12;GEN ED;22;1;22.00;22;22
K554;All City Leadership Secondary School;;;0;0;.00;0;0
