SCHOOL CODE;SCHOOL NAME;GRADE ;PROGRAM TYPE;NUMBER OF STUDENTS   SEATS FILLED;NUMBER OF SECTIONS;AVERAGE CLASS SIZE;SIZE OF SMALLEST CLASS;SIZE OF LARGEST CLASS
K555;Brooklyn College Academy;07;GEN ED;29;1;29.00;29;29
K555;Brooklyn College Academy;08;GEN ED;30;1;30.00;30;30
K555;Brooklyn College Academy;MS Core;GEN ED;59;2;29.50;29;30
K555;Brooklyn College Academy;MS Core;GEN ED;59;2;29.50;29;30
K555;Brooklyn College Academy;MS Core;GEN ED;59;2;29.50;29;30
K555;Brooklyn College Academy;MS Core;GEN ED;59;2;29.50;29;30
K555;Brooklyn College Academy;09-12;GEN ED;142;5;28.40;17;33
K555;Brooklyn College Academy;09-12;GEN ED;135;5;27.00;13;35
K555;Brooklyn College Academy;09-12;GEN ED;136;5;27.20;19;34
K555;Brooklyn College Academy;09-12;GEN ED;149;5;29.80;17;37
K555;Brooklyn College Academy;09-12;GEN ED;70;4;17.50;11;24
K555;Brooklyn College Academy;09-12;GEN ED;86;4;21.50;18;27
K555;Brooklyn College Academy;09-12;GEN ED;148;5;29.60;21;36
K555;Brooklyn College Academy;09-12;GEN ED;166;6;27.70;21;32
K555;Brooklyn College Academy;09-12;GEN ED;25;1;25.00;25;25
K555;Brooklyn College Academy;09-12;GEN ED;278;8;34.80;32;37
K555;Brooklyn College Academy;09-12;GEN ED;106;5;21.20;15;29
K555;Brooklyn College Academy;09-12;GEN ED;189;9;21.00;11;30
K555;Brooklyn College Academy;09-12;GEN ED;106;5;21.20;15;29
K555;Brooklyn College Academy;09-12;GEN ED;144;4;36.00;34;38
K555;Brooklyn College Academy;09-12;GEN ED;136;5;27.20;18;35
K555;Brooklyn College Academy;09-12;GEN ED;136;5;27.20;11;35
K555;Brooklyn College Academy;09-12;GEN ED;97;4;24.30;15;31
K555;Brooklyn College Academy;;;0;0;.00;0;0
