SCHOOL CODE;SCHOOL NAME;GRADE ;PROGRAM TYPE;NUMBER OF STUDENTS   SEATS FILLED;NUMBER OF SECTIONS;AVERAGE CLASS SIZE;SIZE OF SMALLEST CLASS;SIZE OF LARGEST CLASS
K556;Bushwick Leaders High School for Academic Excellence;09-12;GEN ED;144;7;20.60;12;26
K556;Bushwick Leaders High School for Academic Excellence;09-12;GEN ED;92;4;23.00;13;30
K556;Bushwick Leaders High School for Academic Excellence;09-12;GEN ED;103;4;25.80;21;30
K556;Bushwick Leaders High School for Academic Excellence;09-12;GEN ED;122;5;24.40;11;33
K556;Bushwick Leaders High School for Academic Excellence;09-12;GEN ED;163;6;27.20;18;31
K556;Bushwick Leaders High School for Academic Excellence;09-12;GEN ED;112;7;16.00;10;24
K556;Bushwick Leaders High School for Academic Excellence;09-12;GEN ED;35;2;17.50;12;23
K556;Bushwick Leaders High School for Academic Excellence;09-12;GEN ED;93;4;23.30;21;25
K556;Bushwick Leaders High School for Academic Excellence;09-12;GEN ED;201;8;25.10;21;29
K556;Bushwick Leaders High School for Academic Excellence;09-12;GEN ED;68;2;34.00;34;34
K556;Bushwick Leaders High School for Academic Excellence;09-12;GEN ED;313;12;26.10;18;33
K556;Bushwick Leaders High School for Academic Excellence;09-12;GEN ED;289;11;26.30;15;34
K556;Bushwick Leaders High School for Academic Excellence;09-12;GEN ED;128;5;25.60;13;32
K556;Bushwick Leaders High School for Academic Excellence;09-12;GEN ED;59;2;29.50;26;33
K556;Bushwick Leaders High School for Academic Excellence;09-12;GEN ED;63;2;31.50;30;33
K556;Bushwick Leaders High School for Academic Excellence;09-12;SPEC ED;14;1;14.00;14;14
K556;Bushwick Leaders High School for Academic Excellence;09-12;SPEC ED;11;1;11.00;11;11
K556;Bushwick Leaders High School for Academic Excellence;09-12;SPEC ED;10;1;10.00;10;10
K556;Bushwick Leaders High School for Academic Excellence;09-12;SPEC ED;26;2;13.00;12;14
K556;Bushwick Leaders High School for Academic Excellence;09-12;SPEC ED;22;2;11.00;11;11
K556;Bushwick Leaders High School for Academic Excellence;09-12;SPEC ED;25;2;12.50;12;13
K556;Bushwick Leaders High School for Academic Excellence;09-12;SPEC ED;22;2;11.00;11;11
K556;Bushwick Leaders High School for Academic Excellence;09-12;SPEC ED;36;3;12.00;10;14
K556;Bushwick Leaders High School for Academic Excellence;;;0;0;.00;0;0
