SCHOOL CODE;SCHOOL NAME;GRADE ;PROGRAM TYPE;NUMBER OF STUDENTS   SEATS FILLED;NUMBER OF SECTIONS;AVERAGE CLASS SIZE;SIZE OF SMALLEST CLASS;SIZE OF LARGEST CLASS
K558;Williamsburg High School for Architecture and Design;09-12;GEN ED;73;3;24.30;23;25
K558;Williamsburg High School for Architecture and Design;09-12;GEN ED;76;3;25.30;18;31
K558;Williamsburg High School for Architecture and Design;09-12;GEN ED;45;2;22.50;15;30
K558;Williamsburg High School for Architecture and Design;09-12;GEN ED;64;2;32.00;31;33
K558;Williamsburg High School for Architecture and Design;09-12;GEN ED;90;4;22.50;20;25
K558;Williamsburg High School for Architecture and Design;09-12;GEN ED;80;3;26.70;22;31
K558;Williamsburg High School for Architecture and Design;09-12;GEN ED;55;2;27.50;27;28
K558;Williamsburg High School for Architecture and Design;09-12;GEN ED;147;6;24.50;19;30
K558;Williamsburg High School for Architecture and Design;09-12;GEN ED;89;3;29.70;27;34
K558;Williamsburg High School for Architecture and Design;09-12;GEN ED;139;7;19.90;10;25
K558;Williamsburg High School for Architecture and Design;09-12;GEN ED;176;7;25.10;18;32
K558;Williamsburg High School for Architecture and Design;09-12;GEN ED;48;2;24.00;24;24
K558;Williamsburg High School for Architecture and Design;09-12;GEN ED;77;3;25.70;22;30
K558;Williamsburg High School for Architecture and Design;09-12;CTT;41;2;20.50;19;22
K558;Williamsburg High School for Architecture and Design;09-12;CTT;28;1;28.00;28;28
K558;Williamsburg High School for Architecture and Design;09-12;CTT;51;2;25.50;22;29
K558;Williamsburg High School for Architecture and Design;09-12;CTT;34;1;34.00;34;34
K558;Williamsburg High School for Architecture and Design;09-12;CTT;22;1;22.00;22;22
K558;Williamsburg High School for Architecture and Design;09-12;CTT;62;3;20.70;19;22
K558;Williamsburg High School for Architecture and Design;09-12;CTT;24;1;24.00;24;24
K558;Williamsburg High School for Architecture and Design;09-12;CTT;24;1;24.00;24;24
K558;Williamsburg High School for Architecture and Design;09-12;CTT;34;1;34.00;34;34
K558;Williamsburg High School for Architecture and Design;09-12;CTT;51;2;25.50;19;32
K558;Williamsburg High School for Architecture and Design;09-12;CTT;57;2;28.50;26;31
K558;Williamsburg High School for Architecture and Design;09-12;CTT;53;2;26.50;21;32
K558;Williamsburg High School for Architecture and Design;09-12;CTT;52;2;26.00;19;33
K558;Williamsburg High School for Architecture and Design;09-12;CTT;24;1;24.00;24;24
K558;Williamsburg High School for Architecture and Design;;;0;0;.00;0;0
