SCHOOL CODE;SCHOOL NAME;GRADE ;PROGRAM TYPE;NUMBER OF STUDENTS   SEATS FILLED;NUMBER OF SECTIONS;AVERAGE CLASS SIZE;SIZE OF SMALLEST CLASS;SIZE OF LARGEST CLASS
K559;Life Academy High School for Film and Music;;;0;0;.00;0;0
K559;Life Academy High School for Film and Music;09-12;GEN ED;55;2;27.50;27;28
K559;Life Academy High School for Film and Music;09-12;GEN ED;29;1;29.00;29;29
K559;Life Academy High School for Film and Music;09-12;GEN ED;20;1;20.00;20;20
K559;Life Academy High School for Film and Music;09-12;GEN ED;32;2;16.00;16;16
K559;Life Academy High School for Film and Music;09-12;GEN ED;52;2;26.00;23;29
K559;Life Academy High School for Film and Music;09-12;GEN ED;20;1;20.00;20;20
K559;Life Academy High School for Film and Music;09-12;GEN ED;24;1;24.00;24;24
K559;Life Academy High School for Film and Music;09-12;GEN ED;46;2;23.00;23;23
K559;Life Academy High School for Film and Music;09-12;GEN ED;110;4;27.50;26;29
K559;Life Academy High School for Film and Music;09-12;GEN ED;54;2;27.00;25;29
K559;Life Academy High School for Film and Music;09-12;GEN ED;20;1;20.00;20;20
K559;Life Academy High School for Film and Music;09-12;GEN ED;31;1;31.00;31;31
K559;Life Academy High School for Film and Music;09-12;CTT;82;4;20.50;18;22
K559;Life Academy High School for Film and Music;09-12;CTT;21;1;21.00;21;21
K559;Life Academy High School for Film and Music;09-12;CTT;38;2;19.00;17;21
K559;Life Academy High School for Film and Music;09-12;CTT;43;2;21.50;21;22
K559;Life Academy High School for Film and Music;09-12;CTT;42;2;21.00;21;21
K559;Life Academy High School for Film and Music;09-12;CTT;24;1;24.00;24;24
K559;Life Academy High School for Film and Music;09-12;CTT;81;4;20.30;19;21
K559;Life Academy High School for Film and Music;09-12;CTT;128;6;21.30;21;22
K559;Life Academy High School for Film and Music;09-12;CTT;34;1;34.00;34;34
K559;Life Academy High School for Film and Music;09-12;CTT;21;1;21.00;21;21
K559;Life Academy High School for Film and Music;09-12;CTT;41;2;20.50;19;22
K559;Life Academy High School for Film and Music;09-12;CTT;80;3;26.70;21;33
