SCHOOL CODE;SCHOOL NAME;GRADE ;PROGRAM TYPE;NUMBER OF STUDENTS   SEATS FILLED;NUMBER OF SECTIONS;AVERAGE CLASS SIZE;SIZE OF SMALLEST CLASS;SIZE OF LARGEST CLASS
K561;Williamsburg Preparatory School;09-12;GEN ED;130;5;26.00;19;32
K561;Williamsburg Preparatory School;09-12;GEN ED;104;4;26.00;19;29
K561;Williamsburg Preparatory School;09-12;GEN ED;96;4;24.00;19;28
K561;Williamsburg Preparatory School;09-12;GEN ED;76;3;25.30;19;32
K561;Williamsburg Preparatory School;09-12;GEN ED;128;5;25.60;17;32
K561;Williamsburg Preparatory School;09-12;GEN ED;116;4;29.00;26;32
K561;Williamsburg Preparatory School;09-12;GEN ED;202;9;22.40;11;30
K561;Williamsburg Preparatory School;09-12;GEN ED;88;4;22.00;20;24
K561;Williamsburg Preparatory School;09-12;GEN ED;63;3;21.00;19;23
K561;Williamsburg Preparatory School;09-12;GEN ED;108;4;27.00;24;31
K561;Williamsburg Preparatory School;09-12;GEN ED;127;5;25.40;19;31
K561;Williamsburg Preparatory School;09-12;GEN ED;89;3;29.70;26;33
K561;Williamsburg Preparatory School;09-12;GEN ED;27;1;27.00;27;27
K561;Williamsburg Preparatory School;09-12;GEN ED;71;3;23.70;21;25
K561;Williamsburg Preparatory School;09-12;GEN ED;214;8;26.80;20;32
K561;Williamsburg Preparatory School;09-12;GEN ED;103;4;25.80;20;32
K561;Williamsburg Preparatory School;09-12;GEN ED;76;3;25.30;21;31
K561;Williamsburg Preparatory School;09-12;GEN ED;75;3;25.00;23;28
K561;Williamsburg Preparatory School;09-12;CTT;33;1;33.00;33;33
K561;Williamsburg Preparatory School;09-12;CTT;33;1;33.00;33;33
K561;Williamsburg Preparatory School;09-12;CTT;27;1;27.00;27;27
K561;Williamsburg Preparatory School;09-12;CTT;30;1;30.00;30;30
K561;Williamsburg Preparatory School;09-12;CTT;30;1;30.00;30;30
K561;Williamsburg Preparatory School;09-12;CTT;67;3;22.30;15;27
K561;Williamsburg Preparatory School;09-12;CTT;32;1;32.00;32;32
K561;Williamsburg Preparatory School;09-12;CTT;29;1;29.00;29;29
K561;Williamsburg Preparatory School;09-12;CTT;49;2;24.50;18;31
K561;Williamsburg Preparatory School;09-12;CTT;89;3;29.70;27;32
K561;Williamsburg Preparatory School;09-12;CTT;32;1;32.00;32;32
K561;Williamsburg Preparatory School;09-12;CTT;31;1;31.00;31;31
K561;Williamsburg Preparatory School;09-12;CTT;20;1;20.00;20;20
K561;Williamsburg Preparatory School;;;0;0;.00;0;0
