SCHOOL CODE;SCHOOL NAME;GRADE ;PROGRAM TYPE;NUMBER OF STUDENTS   SEATS FILLED;NUMBER OF SECTIONS;AVERAGE CLASS SIZE;SIZE OF SMALLEST CLASS;SIZE OF LARGEST CLASS
K563;It Takes a Village Academy;09-12;GEN ED;71;3;23.70;18;32
K563;It Takes a Village Academy;09-12;GEN ED;111;4;27.80;25;34
K563;It Takes a Village Academy;09-12;GEN ED;146;7;20.90;13;26
K563;It Takes a Village Academy;09-12;GEN ED;193;9;21.40;13;29
K563;It Takes a Village Academy;09-12;GEN ED;86;4;21.50;15;32
K563;It Takes a Village Academy;09-12;GEN ED;48;3;16.00;13;20
K563;It Takes a Village Academy;09-12;GEN ED;96;5;19.20;12;28
K563;It Takes a Village Academy;09-12;GEN ED;32;1;32.00;32;32
K563;It Takes a Village Academy;09-12;GEN ED;40;2;20.00;20;20
K563;It Takes a Village Academy;09-12;GEN ED;47;3;15.70;12;22
K563;It Takes a Village Academy;09-12;GEN ED;86;4;21.50;15;32
K563;It Takes a Village Academy;09-12;GEN ED;79;3;26.30;22;32
K563;It Takes a Village Academy;09-12;GEN ED;110;7;15.70;12;24
K563;It Takes a Village Academy;09-12;GEN ED;170;9;18.90;10;32
K563;It Takes a Village Academy;09-12;GEN ED;211;10;21.10;12;32
K563;It Takes a Village Academy;09-12;GEN ED;97;5;19.40;13;26
K563;It Takes a Village Academy;09-12;GEN ED;60;3;20.00;14;29
K563;It Takes a Village Academy;09-12;GEN ED;15;1;15.00;15;15
K563;It Takes a Village Academy;09-12;GEN ED;138;7;19.70;11;27
K563;It Takes a Village Academy;09-12;CTT;15;1;15.00;15;15
K563;It Takes a Village Academy;09-12;CTT;17;1;17.00;17;17
K563;It Takes a Village Academy;09-12;CTT;32;2;16.00;15;17
K563;It Takes a Village Academy;09-12;CTT;15;1;15.00;15;15
K563;It Takes a Village Academy;09-12;CTT;21;1;21.00;21;21
K563;It Takes a Village Academy;09-12;CTT;15;1;15.00;15;15
K563;It Takes a Village Academy;09-12;CTT;32;2;16.00;15;17
K563;It Takes a Village Academy;;;0;0;.00;0;0
