SCHOOL CODE;SCHOOL NAME;GRADE ;PROGRAM TYPE;NUMBER OF STUDENTS   SEATS FILLED;NUMBER OF SECTIONS;AVERAGE CLASS SIZE;SIZE OF SMALLEST CLASS;SIZE OF LARGEST CLASS
K564;Bushwick Community High School;09-12;GEN ED;261;10;26.10;17;35
K564;Bushwick Community High School;09-12;GEN ED;102;4;25.50;17;30
K564;Bushwick Community High School;09-12;GEN ED;144;6;24.00;21;28
K564;Bushwick Community High School;09-12;GEN ED;132;5;26.40;19;29
K564;Bushwick Community High School;09-12;GEN ED;342;14;24.40;19;28
K564;Bushwick Community High School;09-12;GEN ED;23;1;23.00;23;23
K564;Bushwick Community High School;09-12;GEN ED;24;2;12.00;12;12
K564;Bushwick Community High School;09-12;GEN ED;161;6;26.80;17;31
K564;Bushwick Community High School;09-12;GEN ED;57;2;28.50;27;30
K564;Bushwick Community High School;09-12;GEN ED;49;2;24.50;22;27
K564;Bushwick Community High School;09-12;GEN ED;237;10;23.70;15;31
K564;Bushwick Community High School;09-12;GEN ED;256;10;25.60;15;35
K564;Bushwick Community High School;09-12;GEN ED;65;2;32.50;32;33
K564;Bushwick Community High School;09-12;GEN ED;53;2;26.50;25;28
K564;Bushwick Community High School;09-12;CTT;50;2;25.00;25;25
K564;Bushwick Community High School;;;0;0;.00;0;0
