SCHOOL CODE;SCHOOL NAME;GRADE ;PROGRAM TYPE;NUMBER OF STUDENTS   SEATS FILLED;NUMBER OF SECTIONS;AVERAGE CLASS SIZE;SIZE OF SMALLEST CLASS;SIZE OF LARGEST CLASS
K566;Brooklyn Generation School;09-12;GEN ED;65;3;21.70;19;24
K566;Brooklyn Generation School;09-12;GEN ED;29;2;14.50;13;16
K566;Brooklyn Generation School;09-12;GEN ED;45;2;22.50;22;23
K566;Brooklyn Generation School;09-12;GEN ED;83;4;20.80;16;27
K566;Brooklyn Generation School;09-12;GEN ED;38;2;19.00;13;25
K566;Brooklyn Generation School;09-12;GEN ED;12;1;12.00;12;12
K566;Brooklyn Generation School;09-12;GEN ED;27;1;27.00;27;27
K566;Brooklyn Generation School;09-12;GEN ED;60;2;30.00;26;34
K566;Brooklyn Generation School;09-12;GEN ED;65;3;21.70;19;25
K566;Brooklyn Generation School;09-12;GEN ED;15;1;15.00;15;15
K566;Brooklyn Generation School;09-12;GEN ED;50;2;25.00;17;33
K566;Brooklyn Generation School;09-12;GEN ED;10;1;10.00;10;10
K566;Brooklyn Generation School;09-12;CTT;80;4;20.00;19;21
K566;Brooklyn Generation School;09-12;CTT;22;1;22.00;22;22
K566;Brooklyn Generation School;09-12;CTT;64;2;32.00;31;33
K566;Brooklyn Generation School;09-12;CTT;30;1;30.00;30;30
K566;Brooklyn Generation School;09-12;CTT;49;2;24.50;24;25
K566;Brooklyn Generation School;09-12;CTT;80;4;20.00;16;22
K566;Brooklyn Generation School;09-12;CTT;27;1;27.00;27;27
K566;Brooklyn Generation School;09-12;CTT;50;2;25.00;19;31
K566;Brooklyn Generation School;09-12;CTT;102;5;20.40;19;22
K566;Brooklyn Generation School;09-12;CTT;60;2;30.00;28;32
K566;Brooklyn Generation School;;;0;0;.00;0;0
