SCHOOL CODE;SCHOOL NAME;GRADE ;PROGRAM TYPE;NUMBER OF STUDENTS   SEATS FILLED;NUMBER OF SECTIONS;AVERAGE CLASS SIZE;SIZE OF SMALLEST CLASS;SIZE OF LARGEST CLASS
K567;Brooklyn Theatre Arts High School;09-12;GEN ED;74;3;24.70;21;27
K567;Brooklyn Theatre Arts High School;09-12;GEN ED;28;1;28.00;28;28
K567;Brooklyn Theatre Arts High School;09-12;GEN ED;53;2;26.50;23;30
K567;Brooklyn Theatre Arts High School;09-12;GEN ED;47;2;23.50;23;24
K567;Brooklyn Theatre Arts High School;09-12;GEN ED;48;2;24.00;23;25
K567;Brooklyn Theatre Arts High School;09-12;GEN ED;72;3;24.00;14;29
K567;Brooklyn Theatre Arts High School;09-12;GEN ED;74;3;24.70;22;26
K567;Brooklyn Theatre Arts High School;09-12;GEN ED;55;2;27.50;26;29
K567;Brooklyn Theatre Arts High School;09-12;GEN ED;22;1;22.00;22;22
K567;Brooklyn Theatre Arts High School;09-12;GEN ED;101;4;25.30;20;33
K567;Brooklyn Theatre Arts High School;09-12;GEN ED;33;1;33.00;33;33
K567;Brooklyn Theatre Arts High School;09-12;GEN ED;30;1;30.00;30;30
K567;Brooklyn Theatre Arts High School;09-12;GEN ED;28;1;28.00;28;28
K567;Brooklyn Theatre Arts High School;09-12;GEN ED;124;5;24.80;17;29
K567;Brooklyn Theatre Arts High School;09-12;GEN ED;125;5;25.00;17;30
K567;Brooklyn Theatre Arts High School;09-12;CTT;39;2;19.50;13;26
K567;Brooklyn Theatre Arts High School;09-12;CTT;62;2;31.00;29;33
K567;Brooklyn Theatre Arts High School;09-12;CTT;21;1;21.00;21;21
K567;Brooklyn Theatre Arts High School;09-12;CTT;130;5;26.00;16;39
K567;Brooklyn Theatre Arts High School;09-12;CTT;127;4;31.80;25;42
K567;Brooklyn Theatre Arts High School;09-12;CTT;29;1;29.00;29;29
K567;Brooklyn Theatre Arts High School;09-12;CTT;152;5;30.40;23;38
K567;Brooklyn Theatre Arts High School;09-12;CTT;62;2;31.00;29;33
K567;Brooklyn Theatre Arts High School;09-12;CTT;66;2;33.00;32;34
K567;Brooklyn Theatre Arts High School;09-12;CTT;61;3;20.30;12;25
K567;Brooklyn Theatre Arts High School;09-12;CTT;25;1;25.00;25;25
K567;Brooklyn Theatre Arts High School;;;0;0;.00;0;0
