SCHOOL CODE;SCHOOL NAME;GRADE ;PROGRAM TYPE;NUMBER OF STUDENTS   SEATS FILLED;NUMBER OF SECTIONS;AVERAGE CLASS SIZE;SIZE OF SMALLEST CLASS;SIZE OF LARGEST CLASS
K568;Brownsville Academy High School;09-12;GEN ED;114;8;14.30;10;20
K568;Brownsville Academy High School;09-12;GEN ED;58;3;19.30;18;21
K568;Brownsville Academy High School;09-12;GEN ED;33;2;16.50;13;20
K568;Brownsville Academy High School;09-12;GEN ED;76;4;19.00;12;28
K568;Brownsville Academy High School;09-12;GEN ED;18;1;18.00;18;18
K568;Brownsville Academy High School;09-12;GEN ED;30;2;15.00;13;17
K568;Brownsville Academy High School;09-12;GEN ED;61;3;20.30;13;33
K568;Brownsville Academy High School;09-12;GEN ED;22;1;22.00;22;22
K568;Brownsville Academy High School;09-12;GEN ED;28;2;14.00;10;18
K568;Brownsville Academy High School;09-12;GEN ED;49;3;16.30;12;19
K568;Brownsville Academy High School;09-12;GEN ED;103;5;20.60;10;33
K568;Brownsville Academy High School;09-12;CTT;45;1;45.00;45;45
K568;Brownsville Academy High School;;;0;0;.00;0;0
