SCHOOL CODE;SCHOOL NAME;GRADE ;PROGRAM TYPE;NUMBER OF STUDENTS   SEATS FILLED;NUMBER OF SECTIONS;AVERAGE CLASS SIZE;SIZE OF SMALLEST CLASS;SIZE OF LARGEST CLASS
K569;Kurt Hahn Expeditionary Learning School;09-12;GEN ED;23;1;23.00;23;23
K569;Kurt Hahn Expeditionary Learning School;09-12;GEN ED;26;1;26.00;26;26
K569;Kurt Hahn Expeditionary Learning School;09-12;GEN ED;60;2;30.00;29;31
K569;Kurt Hahn Expeditionary Learning School;09-12;GEN ED;60;3;20.00;12;25
K569;Kurt Hahn Expeditionary Learning School;09-12;GEN ED;61;2;30.50;28;33
K569;Kurt Hahn Expeditionary Learning School;09-12;GEN ED;51;2;25.50;18;33
K569;Kurt Hahn Expeditionary Learning School;09-12;GEN ED;17;1;17.00;17;17
K569;Kurt Hahn Expeditionary Learning School;09-12;GEN ED;32;1;32.00;32;32
K569;Kurt Hahn Expeditionary Learning School;09-12;GEN ED;65;2;32.50;31;34
K569;Kurt Hahn Expeditionary Learning School;09-12;GEN ED;34;1;34.00;34;34
K569;Kurt Hahn Expeditionary Learning School;09-12;GEN ED;95;3;31.70;26;35
K569;Kurt Hahn Expeditionary Learning School;09-12;GEN ED;18;1;18.00;18;18
K569;Kurt Hahn Expeditionary Learning School;09-12;GEN ED;70;3;23.30;12;31
K569;Kurt Hahn Expeditionary Learning School;09-12;GEN ED;51;2;25.50;20;31
K569;Kurt Hahn Expeditionary Learning School;09-12;GEN ED;72;3;24.00;18;28
K569;Kurt Hahn Expeditionary Learning School;09-12;GEN ED;25;1;25.00;25;25
K569;Kurt Hahn Expeditionary Learning School;09-12;CTT;28;1;28.00;28;28
K569;Kurt Hahn Expeditionary Learning School;09-12;CTT;47;2;23.50;23;24
K569;Kurt Hahn Expeditionary Learning School;09-12;CTT;32;1;32.00;32;32
K569;Kurt Hahn Expeditionary Learning School;09-12;CTT;60;2;30.00;30;30
K569;Kurt Hahn Expeditionary Learning School;09-12;CTT;44;2;22.00;21;23
K569;Kurt Hahn Expeditionary Learning School;09-12;CTT;34;1;34.00;34;34
K569;Kurt Hahn Expeditionary Learning School;09-12;CTT;35;1;35.00;35;35
K569;Kurt Hahn Expeditionary Learning School;09-12;CTT;12;1;12.00;12;12
K569;Kurt Hahn Expeditionary Learning School;09-12;CTT;93;3;31.00;29;34
K569;Kurt Hahn Expeditionary Learning School;09-12;CTT;34;1;34.00;34;34
K569;Kurt Hahn Expeditionary Learning School;;;0;0;.00;0;0
