SCHOOL CODE;SCHOOL NAME;GRADE ;PROGRAM TYPE;NUMBER OF STUDENTS   SEATS FILLED;NUMBER OF SECTIONS;AVERAGE CLASS SIZE;SIZE OF SMALLEST CLASS;SIZE OF LARGEST CLASS
K571;M.S. 571;06;GEN ED;43;2;21.50;21;22
K571;M.S. 571;07;GEN ED;44;2;22.00;21;23
K571;M.S. 571;08;GEN ED;63;2;31.50;31;32
K571;M.S. 571;0K-09;SPEC ED;20;3;6.70;4;10
K571;M.S. 571;MS Core;GEN ED;134;6;22.30;19;28
K571;M.S. 571;MS Core;GEN ED;134;6;22.30;19;28
K571;M.S. 571;MS Core;GEN ED;134;6;22.30;19;28
K571;M.S. 571;MS Core;GEN ED;134;6;22.30;19;28
K571;M.S. 571;MS Core;SPEC ED;10;1;10.00;10;10
K571;M.S. 571;MS Core;SPEC ED;10;1;10.00;10;10
K571;M.S. 571;MS Core;SPEC ED;10;1;10.00;10;10
K571;M.S. 571;MS Core;SPEC ED;10;1;10.00;10;10
K571;M.S. 571;;;0;0;.00;0;0
