SCHOOL CODE;SCHOOL NAME;GRADE ;PROGRAM TYPE;NUMBER OF STUDENTS   SEATS FILLED;NUMBER OF SECTIONS;AVERAGE CLASS SIZE;SIZE OF SMALLEST CLASS;SIZE OF LARGEST CLASS
K572;Expeditionary Learning School for Community Leaders;09-12;GEN ED;51;3;17.00;10;21
K572;Expeditionary Learning School for Community Leaders;09-12;GEN ED;27;1;27.00;27;27
K572;Expeditionary Learning School for Community Leaders;09-12;GEN ED;22;1;22.00;22;22
K572;Expeditionary Learning School for Community Leaders;09-12;GEN ED;14;1;14.00;14;14
K572;Expeditionary Learning School for Community Leaders;09-12;GEN ED;71;7;10.10;10;11
K572;Expeditionary Learning School for Community Leaders;09-12;GEN ED;77;4;19.30;11;26
K572;Expeditionary Learning School for Community Leaders;09-12;GEN ED;53;2;26.50;26;27
K572;Expeditionary Learning School for Community Leaders;09-12;GEN ED;30;1;30.00;30;30
K572;Expeditionary Learning School for Community Leaders;09-12;GEN ED;35;1;35.00;35;35
K572;Expeditionary Learning School for Community Leaders;09-12;GEN ED;40;2;20.00;19;21
K572;Expeditionary Learning School for Community Leaders;09-12;GEN ED;55;3;18.30;13;23
K572;Expeditionary Learning School for Community Leaders;09-12;GEN ED;20;1;20.00;20;20
K572;Expeditionary Learning School for Community Leaders;09-12;GEN ED;115;5;23.00;10;30
K572;Expeditionary Learning School for Community Leaders;09-12;GEN ED;28;2;14.00;12;16
K572;Expeditionary Learning School for Community Leaders;09-12;CTT;25;1;25.00;25;25
K572;Expeditionary Learning School for Community Leaders;09-12;CTT;27;1;27.00;27;27
K572;Expeditionary Learning School for Community Leaders;09-12;CTT;27;1;27.00;27;27
K572;Expeditionary Learning School for Community Leaders;09-12;CTT;31;3;10.30;10;11
K572;Expeditionary Learning School for Community Leaders;09-12;CTT;21;1;21.00;21;21
K572;Expeditionary Learning School for Community Leaders;09-12;CTT;22;1;22.00;22;22
K572;Expeditionary Learning School for Community Leaders;09-12;CTT;34;1;34.00;34;34
K572;Expeditionary Learning School for Community Leaders;09-12;CTT;46;2;23.00;19;27
K572;Expeditionary Learning School for Community Leaders;09-12;CTT;18;1;18.00;18;18
K572;Expeditionary Learning School for Community Leaders;09-12;CTT;70;3;23.30;14;28
K572;Expeditionary Learning School for Community Leaders;09-12;CTT;25;1;25.00;25;25
K572;Expeditionary Learning School for Community Leaders;09-12;CTT;21;1;21.00;21;21
K572;Expeditionary Learning School for Community Leaders;;;0;0;.00;0;0
