SCHOOL CODE;SCHOOL NAME;GRADE ;PROGRAM TYPE;NUMBER OF STUDENTS   SEATS FILLED;NUMBER OF SECTIONS;AVERAGE CLASS SIZE;SIZE OF SMALLEST CLASS;SIZE OF LARGEST CLASS
K575;Bedford Stuyvesant Preparatory High School;09-12;GEN ED;23;1;23.00;23;23
K575;Bedford Stuyvesant Preparatory High School;09-12;GEN ED;19;1;19.00;19;19
K575;Bedford Stuyvesant Preparatory High School;09-12;GEN ED;16;1;16.00;16;16
K575;Bedford Stuyvesant Preparatory High School;09-12;GEN ED;55;3;18.30;14;22
K575;Bedford Stuyvesant Preparatory High School;09-12;GEN ED;72;4;18.00;14;23
K575;Bedford Stuyvesant Preparatory High School;09-12;GEN ED;15;1;15.00;15;15
K575;Bedford Stuyvesant Preparatory High School;09-12;GEN ED;44;4;11.00;11;11
K575;Bedford Stuyvesant Preparatory High School;09-12;GEN ED;90;6;15.00;10;23
K575;Bedford Stuyvesant Preparatory High School;09-12;GEN ED;36;2;18.00;18;18
K575;Bedford Stuyvesant Preparatory High School;09-12;GEN ED;55;2;27.50;27;28
K575;Bedford Stuyvesant Preparatory High School;09-12;GEN ED;68;4;17.00;12;21
K575;Bedford Stuyvesant Preparatory High School;09-12;GEN ED;82;4;20.50;14;32
K575;Bedford Stuyvesant Preparatory High School;;;0;0;.00;0;0
