SCHOOL CODE;SCHOOL NAME;GRADE ;PROGRAM TYPE;NUMBER OF STUDENTS   SEATS FILLED;NUMBER OF SECTIONS;AVERAGE CLASS SIZE;SIZE OF SMALLEST CLASS;SIZE OF LARGEST CLASS
K576;Victory Collegiate High School;09-12;GEN ED;68;3;22.70;18;27
K576;Victory Collegiate High School;09-12;GEN ED;171;7;24.40;19;29
K576;Victory Collegiate High School;09-12;GEN ED;49;2;24.50;21;28
K576;Victory Collegiate High School;09-12;GEN ED;30;1;30.00;30;30
K576;Victory Collegiate High School;09-12;GEN ED;46;2;23.00;23;23
K576;Victory Collegiate High School;09-12;GEN ED;56;2;28.00;28;28
K576;Victory Collegiate High School;09-12;GEN ED;154;6;25.70;22;33
K576;Victory Collegiate High School;09-12;GEN ED;41;2;20.50;19;22
K576;Victory Collegiate High School;09-12;GEN ED;158;6;26.30;21;34
K576;Victory Collegiate High School;09-12;CTT;59;2;29.50;28;31
K576;Victory Collegiate High School;09-12;CTT;32;1;32.00;32;32
K576;Victory Collegiate High School;09-12;CTT;42;2;21.00;21;21
K576;Victory Collegiate High School;09-12;CTT;87;3;29.00;25;32
K576;Victory Collegiate High School;09-12;CTT;32;1;32.00;32;32
K576;Victory Collegiate High School;09-12;CTT;91;3;30.30;24;38
K576;Victory Collegiate High School;;;0;0;.00;0;0
