SCHOOL CODE;SCHOOL NAME;GRADE ;PROGRAM TYPE;NUMBER OF STUDENTS   SEATS FILLED;NUMBER OF SECTIONS;AVERAGE CLASS SIZE;SIZE OF SMALLEST CLASS;SIZE OF LARGEST CLASS
K577;Conselyea Preparatory School;06;GEN ED;138;4;34.50;33;36
K577;Conselyea Preparatory School;06;CTT;30;1;30.00;30;30
K577;Conselyea Preparatory School;07;GEN ED;131;4;32.80;31;35
K577;Conselyea Preparatory School;07;CTT;27;1;27.00;27;27
K577;Conselyea Preparatory School;08;GEN ED;96;3;32.00;30;33
K577;Conselyea Preparatory School;08;CTT;25;1;25.00;25;25
K577;Conselyea Preparatory School;MS Core;GEN ED;367;11;33.40;30;36
K577;Conselyea Preparatory School;MS Core;GEN ED;367;11;33.40;30;36
K577;Conselyea Preparatory School;MS Core;GEN ED;367;11;33.40;30;36
K577;Conselyea Preparatory School;MS Core;GEN ED;367;11;33.40;30;36
K577;Conselyea Preparatory School;MS Core;CTT;80;3;26.70;24;29
K577;Conselyea Preparatory School;MS Core;CTT;80;3;26.70;24;29
K577;Conselyea Preparatory School;MS Core;CTT;80;3;26.70;24;29
K577;Conselyea Preparatory School;MS Core;CTT;80;3;26.70;24;29
K577;Conselyea Preparatory School;;;0;0;.00;0;0
