SCHOOL CODE;SCHOOL NAME;GRADE ;PROGRAM TYPE;NUMBER OF STUDENTS   SEATS FILLED;NUMBER OF SECTIONS;AVERAGE CLASS SIZE;SIZE OF SMALLEST CLASS;SIZE OF LARGEST CLASS
K578;Brooklyn Bridge Academy;09-12;GEN ED;41;2;20.50;15;26
K578;Brooklyn Bridge Academy;09-12;GEN ED;71;5;14.20;10;16
K578;Brooklyn Bridge Academy;09-12;GEN ED;65;4;16.30;13;22
K578;Brooklyn Bridge Academy;09-12;GEN ED;49;3;16.30;11;21
K578;Brooklyn Bridge Academy;09-12;GEN ED;112;6;18.70;12;31
K578;Brooklyn Bridge Academy;09-12;GEN ED;31;2;15.50;13;18
K578;Brooklyn Bridge Academy;09-12;GEN ED;17;1;17.00;17;17
K578;Brooklyn Bridge Academy;09-12;GEN ED;17;1;17.00;17;17
K578;Brooklyn Bridge Academy;09-12;CTT;83;3;27.70;24;32
K578;Brooklyn Bridge Academy;09-12;CTT;38;2;19.00;15;23
K578;Brooklyn Bridge Academy;09-12;CTT;27;1;27.00;27;27
K578;Brooklyn Bridge Academy;09-12;CTT;18;1;18.00;18;18
K578;Brooklyn Bridge Academy;09-12;CTT;25;1;25.00;25;25
K578;Brooklyn Bridge Academy;;;0;0;.00;0;0
