SCHOOL CODE;SCHOOL NAME;GRADE ;PROGRAM TYPE;NUMBER OF STUDENTS   SEATS FILLED;NUMBER OF SECTIONS;AVERAGE CLASS SIZE;SIZE OF SMALLEST CLASS;SIZE OF LARGEST CLASS
K581;East Flatbush Community Research School;06;GEN ED;60;3;20.00;19;22
K581;East Flatbush Community Research School;06;CTT;25;1;25.00;25;25
K581;East Flatbush Community Research School;07;GEN ED;45;2;22.50;22;23
K581;East Flatbush Community Research School;07;CTT;22;1;22.00;22;22
K581;East Flatbush Community Research School;08;GEN ED;48;2;24.00;24;24
K581;East Flatbush Community Research School;08;CTT;22;1;22.00;22;22
K581;East Flatbush Community Research School;0K-09;SPEC ED;10;1;10.00;10;10
K581;East Flatbush Community Research School;MS Core;GEN ED;157;7;22.40;20;25
K581;East Flatbush Community Research School;MS Core;GEN ED;157;7;22.40;20;25
K581;East Flatbush Community Research School;MS Core;GEN ED;157;7;22.40;20;25
K581;East Flatbush Community Research School;MS Core;GEN ED;157;7;22.40;20;25
K581;East Flatbush Community Research School;MS Core;CTT;61;3;20.30;18;22
K581;East Flatbush Community Research School;MS Core;CTT;61;3;20.30;18;22
K581;East Flatbush Community Research School;MS Core;CTT;61;3;20.30;18;22
K581;East Flatbush Community Research School;MS Core;CTT;61;3;20.30;18;22
K581;East Flatbush Community Research School;MS Core;SPEC ED;10;1;10.00;10;10
K581;East Flatbush Community Research School;MS Core;SPEC ED;10;1;10.00;10;10
K581;East Flatbush Community Research School;MS Core;SPEC ED;10;1;10.00;10;10
K581;East Flatbush Community Research School;MS Core;SPEC ED;10;1;10.00;10;10
K581;East Flatbush Community Research School;;;0;0;.00;0;0
