SCHOOL CODE;SCHOOL NAME;GRADE ;PROGRAM TYPE;NUMBER OF STUDENTS   SEATS FILLED;NUMBER OF SECTIONS;AVERAGE CLASS SIZE;SIZE OF SMALLEST CLASS;SIZE OF LARGEST CLASS
K582;M.S. 582;07;GEN ED;76;3;25.30;25;26
K582;M.S. 582;07;CTT;24;1;24.00;24;24
K582;M.S. 582;06;GEN ED;84;3;28.00;28;28
K582;M.S. 582;06;CTT;18;1;18.00;18;18
K582;M.S. 582;08;GEN ED;79;3;26.30;25;27
K582;M.S. 582;08;CTT;25;1;25.00;25;25
K582;M.S. 582;0K-09;SPEC ED;4;1;4.00;4;4
K582;M.S. 582;0K-09;SPEC ED;3;1;3.00;3;3
K582;M.S. 582;MS Core;GEN ED;234;9;26.00;24;28
K582;M.S. 582;MS Core;GEN ED;154;6;25.70;24;28
K582;M.S. 582;MS Core;GEN ED;154;6;25.70;24;28
K582;M.S. 582;MS Core;GEN ED;80;3;26.70;25;28
K582;M.S. 582;MS Core;GEN ED;154;6;25.70;24;28
K582;M.S. 582;MS Core;GEN ED;80;3;26.70;25;28
K582;M.S. 582;MS Core;CTT;71;3;23.70;22;25
K582;M.S. 582;MS Core;CTT;46;2;23.00;22;24
K582;M.S. 582;MS Core;CTT;46;2;23.00;22;24
K582;M.S. 582;MS Core;CTT;25;1;25.00;25;25
K582;M.S. 582;MS Core;CTT;46;2;23.00;22;24
K582;M.S. 582;MS Core;CTT;25;1;25.00;25;25
K582;M.S. 582;;;0;0;.00;0;0
