SCHOOL CODE;SCHOOL NAME;GRADE ;PROGRAM TYPE;NUMBER OF STUDENTS   SEATS FILLED;NUMBER OF SECTIONS;AVERAGE CLASS SIZE;SIZE OF SMALLEST CLASS;SIZE OF LARGEST CLASS
K583;Multicultural High School;09-12;GEN ED;25;1;25.00;25;25
K583;Multicultural High School;09-12;GEN ED;131;7;18.70;10;30
K583;Multicultural High School;09-12;GEN ED;65;4;16.30;14;19
K583;Multicultural High School;09-12;GEN ED;26;1;26.00;26;26
K583;Multicultural High School;09-12;GEN ED;238;9;26.40;20;34
K583;Multicultural High School;09-12;GEN ED;104;6;17.30;10;21
K583;Multicultural High School;09-12;GEN ED;125;4;31.30;24;34
K583;Multicultural High School;09-12;GEN ED;120;5;24.00;20;27
K583;Multicultural High School;09-12;GEN ED;119;5;23.80;22;26
K583;Multicultural High School;09-12;GEN ED;234;9;26.00;18;33
K583;Multicultural High School;09-12;GEN ED;106;5;21.20;17;26
K583;Multicultural High School;09-12;GEN ED;89;3;29.70;28;31
K583;Multicultural High School;;;0;0;.00;0;0
