SCHOOL CODE;SCHOOL NAME;GRADE ;PROGRAM TYPE;NUMBER OF STUDENTS   SEATS FILLED;NUMBER OF SECTIONS;AVERAGE CLASS SIZE;SIZE OF SMALLEST CLASS;SIZE OF LARGEST CLASS
K584;M.S. 584;06;GEN ED;24;1;24.00;24;24
K584;M.S. 584;06;CTT;24;1;24.00;24;24
K584;M.S. 584;07;GEN ED;46;2;23.00;23;23
K584;M.S. 584;07;CTT;20;1;20.00;20;20
K584;M.S. 584;08;GEN ED;92;4;23.00;17;25
K584;M.S. 584;0K-09;SPEC ED;21;2;10.50;10;11
K584;M.S. 584;MS Core;GEN ED;165;7;23.60;20;26
K584;M.S. 584;MS Core;GEN ED;208;9;23.10;17;26
K584;M.S. 584;MS Core;GEN ED;182;8;22.80;17;26
K584;M.S. 584;MS Core;GEN ED;182;8;22.80;17;26
K584;M.S. 584;MS Core;CTT;47;2;23.50;20;27
K584;M.S. 584;MS Core;CTT;20;1;20.00;20;20
K584;M.S. 584;MS Core;CTT;20;1;20.00;20;20
K584;M.S. 584;MS Core;CTT;20;1;20.00;20;20
K584;M.S. 584;MS Core;SPEC ED;11;1;11.00;11;11
K584;M.S. 584;MS Core;SPEC ED;11;1;11.00;11;11
K584;M.S. 584;MS Core;SPEC ED;11;1;11.00;11;11
K584;M.S. 584;;;0;0;.00;0;0
