SCHOOL CODE;SCHOOL NAME;GRADE ;PROGRAM TYPE;NUMBER OF STUDENTS   SEATS FILLED;NUMBER OF SECTIONS;AVERAGE CLASS SIZE;SIZE OF SMALLEST CLASS;SIZE OF LARGEST CLASS
K586;Lyons Community School;06;GEN ED;49;2;24.50;23;26
K586;Lyons Community School;07;GEN ED;48;2;24.00;24;24
K586;Lyons Community School;07;CTT;29;1;29.00;29;29
K586;Lyons Community School;08;GEN ED;53;2;26.50;25;28
K586;Lyons Community School;08;CTT;24;1;24.00;24;24
K586;Lyons Community School;0K-09;SPEC ED;12;1;12.00;12;12
K586;Lyons Community School;MS Core;GEN ED;143;6;23.80;21;27
K586;Lyons Community School;MS Core;GEN ED;201;8;25.10;24;27
K586;Lyons Community School;MS Core;GEN ED;101;4;25.30;24;27
K586;Lyons Community School;MS Core;GEN ED;151;6;25.20;24;27
K586;Lyons Community School;MS Core;CTT;52;2;26.00;24;28
K586;Lyons Community School;MS Core;CTT;52;2;26.00;24;28
K586;Lyons Community School;MS Core;CTT;52;2;26.00;24;28
K586;Lyons Community School;MS Core;CTT;52;2;26.00;24;28
K586;Lyons Community School;MS Core;SPEC ED;14;1;14.00;14;14
K586;Lyons Community School;MS Core;SPEC ED;14;1;14.00;14;14
K586;Lyons Community School;MS Core;SPEC ED;14;1;14.00;14;14
K586;Lyons Community School;09-12;GEN ED;63;3;21.00;11;36
K586;Lyons Community School;09-12;GEN ED;51;2;25.50;22;29
K586;Lyons Community School;09-12;GEN ED;80;5;16.00;10;21
K586;Lyons Community School;09-12;GEN ED;62;3;20.70;19;23
K586;Lyons Community School;09-12;GEN ED;13;1;13.00;13;13
K586;Lyons Community School;09-12;GEN ED;62;3;20.70;18;23
K586;Lyons Community School;09-12;GEN ED;131;5;26.20;17;36
K586;Lyons Community School;09-12;GEN ED;10;1;10.00;10;10
K586;Lyons Community School;09-12;GEN ED;78;3;26.00;24;27
K586;Lyons Community School;09-12;GEN ED;95;5;19.00;12;27
K586;Lyons Community School;09-12;GEN ED;95;4;23.80;22;26
K586;Lyons Community School;09-12;GEN ED;36;1;36.00;36;36
K586;Lyons Community School;09-12;GEN ED;125;6;20.80;10;36
K586;Lyons Community School;09-12;GEN ED;53;3;17.70;15;21
K586;Lyons Community School;09-12;GEN ED;49;3;16.30;13;21
K586;Lyons Community School;09-12;GEN ED;39;2;19.50;18;21
K586;Lyons Community School;09-12;CTT;57;2;28.50;24;33
K586;Lyons Community School;09-12;CTT;30;1;30.00;30;30
K586;Lyons Community School;09-12;CTT;14;1;14.00;14;14
K586;Lyons Community School;09-12;CTT;15;1;15.00;15;15
K586;Lyons Community School;09-12;CTT;46;2;23.00;20;26
K586;Lyons Community School;09-12;CTT;112;4;28.00;15;35
K586;Lyons Community School;09-12;CTT;20;1;20.00;20;20
K586;Lyons Community School;09-12;CTT;47;2;23.50;17;30
K586;Lyons Community School;09-12;CTT;68;2;34.00;33;35
K586;Lyons Community School;09-12;CTT;119;4;29.80;20;35
K586;Lyons Community School;09-12;CTT;23;1;23.00;23;23
K586;Lyons Community School;09-12;SPEC ED;14;1;14.00;14;14
K586;Lyons Community School;;;0;0;.00;0;0
