SCHOOL CODE;SCHOOL NAME;GRADE ;PROGRAM TYPE;NUMBER OF STUDENTS   SEATS FILLED;NUMBER OF SECTIONS;AVERAGE CLASS SIZE;SIZE OF SMALLEST CLASS;SIZE OF LARGEST CLASS
K587;Middle School for the Arts;06;GEN ED;93;3;31.00;29;33
K587;Middle School for the Arts;06;CTT;32;1;32.00;32;32
K587;Middle School for the Arts;07;GEN ED;72;3;24.00;23;25
K587;Middle School for the Arts;07;CTT;25;1;25.00;25;25
K587;Middle School for the Arts;08;GEN ED;88;3;29.30;28;30
K587;Middle School for the Arts;08;CTT;31;1;31.00;31;31
K587;Middle School for the Arts;0K-09;SPEC ED;9;1;9.00;9;9
K587;Middle School for the Arts;0K-09;SPEC ED;23;2;11.50;11;12
K587;Middle School for the Arts;MS Core;GEN ED;259;9;28.80;23;33
K587;Middle School for the Arts;MS Core;GEN ED;291;10;29.10;23;33
K587;Middle School for the Arts;MS Core;GEN ED;259;9;28.80;23;33
K587;Middle School for the Arts;MS Core;GEN ED;94;3;31.30;29;33
K587;Middle School for the Arts;MS Core;GEN ED;74;3;24.70;23;26
K587;Middle School for the Arts;MS Core;GEN ED;91;3;30.30;29;31
K587;Middle School for the Arts;MS Core;CTT;88;3;29.30;25;32
K587;Middle School for the Arts;MS Core;CTT;88;3;29.30;25;32
K587;Middle School for the Arts;MS Core;CTT;88;3;29.30;25;32
K587;Middle School for the Arts;MS Core;CTT;32;1;32.00;32;32
K587;Middle School for the Arts;MS Core;CTT;25;1;25.00;25;25
K587;Middle School for the Arts;MS Core;CTT;31;1;31.00;31;31
K587;Middle School for the Arts;MS Core;SPEC ED;23;2;11.50;11;12
K587;Middle School for the Arts;MS Core;SPEC ED;35;3;11.70;11;12
K587;Middle School for the Arts;MS Core;SPEC ED;23;2;11.50;11;12
K587;Middle School for the Arts;MS Core;SPEC ED;12;1;12.00;12;12
K587;Middle School for the Arts;MS Core;SPEC ED;11;1;11.00;11;11
K587;Middle School for the Arts;09-12;GEN ED;94;3;31.30;29;33
K587;Middle School for the Arts;09-12;GEN ED;103;4;25.80;23;29
K587;Middle School for the Arts;09-12;GEN ED;259;9;28.80;23;33
K587;Middle School for the Arts;09-12;CTT;32;1;32.00;32;32
K587;Middle School for the Arts;09-12;CTT;56;2;28.00;25;31
K587;Middle School for the Arts;09-12;CTT;88;3;29.30;25;32
K587;Middle School for the Arts;09-12;SPEC ED;12;1;12.00;12;12
K587;Middle School for the Arts;09-12;SPEC ED;11;1;11.00;11;11
K587;Middle School for the Arts;09-12;SPEC ED;23;2;11.50;11;12
K587;Middle School for the Arts;;;0;0;.00;0;0
