SCHOOL CODE;SCHOOL NAME;GRADE ;PROGRAM TYPE;NUMBER OF STUDENTS   SEATS FILLED;NUMBER OF SECTIONS;AVERAGE CLASS SIZE;SIZE OF SMALLEST CLASS;SIZE OF LARGEST CLASS
K588;Middle School for Art and Philosophy;06;GEN ED;107;4;26.80;25;28
K588;Middle School for Art and Philosophy;06;CTT;21;1;21.00;21;21
K588;Middle School for Art and Philosophy;07;GEN ED;91;4;22.80;21;24
K588;Middle School for Art and Philosophy;07;CTT;18;1;18.00;18;18
K588;Middle School for Art and Philosophy;08;GEN ED;74;3;24.70;19;28
K588;Middle School for Art and Philosophy;08;CTT;20;1;20.00;20;20
K588;Middle School for Art and Philosophy;0K-09;SPEC ED;9;1;9.00;9;9
K588;Middle School for Art and Philosophy;0K-09;SPEC ED;10;1;10.00;10;10
K588;Middle School for Art and Philosophy;MS Core;GEN ED;299;13;23.00;15;28
K588;Middle School for Art and Philosophy;MS Core;GEN ED;284;12;23.70;15;28
K588;Middle School for Art and Philosophy;MS Core;GEN ED;284;12;23.70;15;28
K588;Middle School for Art and Philosophy;MS Core;GEN ED;284;12;23.70;15;28
K588;Middle School for Art and Philosophy;MS Core;CTT;41;2;20.50;20;21
K588;Middle School for Art and Philosophy;MS Core;CTT;41;2;20.50;20;21
K588;Middle School for Art and Philosophy;MS Core;CTT;41;2;20.50;20;21
K588;Middle School for Art and Philosophy;MS Core;CTT;41;2;20.50;20;21
K588;Middle School for Art and Philosophy;MS Core;SPEC ED;15;2;7.50;7;8
K588;Middle School for Art and Philosophy;MS Core;SPEC ED;8;1;8.00;8;8
K588;Middle School for Art and Philosophy;MS Core;SPEC ED;15;2;7.50;7;8
K588;Middle School for Art and Philosophy;MS Core;SPEC ED;15;2;7.50;7;8
K588;Middle School for Art and Philosophy;09-12;GEN ED;15;1;15.00;15;15
K588;Middle School for Art and Philosophy;;;0;0;.00;0;0
