SCHOOL CODE;SCHOOL NAME;GRADE ;PROGRAM TYPE;NUMBER OF STUDENTS   SEATS FILLED;NUMBER OF SECTIONS;AVERAGE CLASS SIZE;SIZE OF SMALLEST CLASS;SIZE OF LARGEST CLASS
K589;Arts & Media Preparatory Academy;09-12;GEN ED;53;3;17.70;17;18
K589;Arts & Media Preparatory Academy;09-12;GEN ED;44;2;22.00;21;23
K589;Arts & Media Preparatory Academy;09-12;GEN ED;89;4;22.30;20;24
K589;Arts & Media Preparatory Academy;09-12;GEN ED;40;2;20.00;18;22
K589;Arts & Media Preparatory Academy;09-12;GEN ED;94;5;18.80;17;21
K589;Arts & Media Preparatory Academy;09-12;GEN ED;56;3;18.70;12;23
K589;Arts & Media Preparatory Academy;09-12;GEN ED;13;1;13.00;13;13
K589;Arts & Media Preparatory Academy;09-12;GEN ED;67;3;22.30;19;27
K589;Arts & Media Preparatory Academy;09-12;GEN ED;40;2;20.00;20;20
K589;Arts & Media Preparatory Academy;09-12;GEN ED;53;3;17.70;17;18
K589;Arts & Media Preparatory Academy;09-12;GEN ED;96;5;19.20;17;23
K589;Arts & Media Preparatory Academy;09-12;GEN ED;48;2;24.00;20;28
K589;Arts & Media Preparatory Academy;09-12;GEN ED;21;1;21.00;21;21
K589;Arts & Media Preparatory Academy;09-12;GEN ED;24;1;24.00;24;24
K589;Arts & Media Preparatory Academy;09-12;CTT;17;1;17.00;17;17
K589;Arts & Media Preparatory Academy;09-12;CTT;21;1;21.00;21;21
K589;Arts & Media Preparatory Academy;09-12;CTT;45;2;22.50;21;24
K589;Arts & Media Preparatory Academy;09-12;CTT;37;2;18.50;17;20
K589;Arts & Media Preparatory Academy;09-12;CTT;29;1;29.00;29;29
K589;Arts & Media Preparatory Academy;09-12;CTT;21;1;21.00;21;21
K589;Arts & Media Preparatory Academy;09-12;CTT;17;1;17.00;17;17
K589;Arts & Media Preparatory Academy;09-12;CTT;23;1;23.00;23;23
K589;Arts & Media Preparatory Academy;09-12;CTT;38;2;19.00;17;21
K589;Arts & Media Preparatory Academy;09-12;CTT;27;1;27.00;27;27
K589;Arts & Media Preparatory Academy;09-12;CTT;23;1;23.00;23;23
K589;Arts & Media Preparatory Academy;;;0;0;.00;0;0
