SCHOOL CODE;SCHOOL NAME;GRADE ;PROGRAM TYPE;NUMBER OF STUDENTS   SEATS FILLED;NUMBER OF SECTIONS;AVERAGE CLASS SIZE;SIZE OF SMALLEST CLASS;SIZE OF LARGEST CLASS
K590;Medgar Evers College Preparatory School;06;GEN ED;74;3;24.70;22;28
K590;Medgar Evers College Preparatory School;07;GEN ED;79;4;19.80;9;24
K590;Medgar Evers College Preparatory School;08;GEN ED;75;3;25.00;18;35
K590;Medgar Evers College Preparatory School;MS Core;GEN ED;75;4;18.80;15;21
K590;Medgar Evers College Preparatory School;MS Core;GEN ED;180;9;20.00;13;27
K590;Medgar Evers College Preparatory School;MS Core;GEN ED;165;9;18.30;15;21
K590;Medgar Evers College Preparatory School;MS Core;GEN ED;166;9;18.40;12;23
K590;Medgar Evers College Preparatory School;09-12;GEN ED;352;13;27.10;13;39
K590;Medgar Evers College Preparatory School;09-12;GEN ED;191;6;31.80;22;35
K590;Medgar Evers College Preparatory School;09-12;GEN ED;282;10;28.20;22;39
K590;Medgar Evers College Preparatory School;09-12;GEN ED;98;3;32.70;29;38
K590;Medgar Evers College Preparatory School;09-12;GEN ED;119;6;19.80;10;34
K590;Medgar Evers College Preparatory School;09-12;GEN ED;142;5;28.40;21;32
K590;Medgar Evers College Preparatory School;09-12;GEN ED;250;8;31.30;17;36
K590;Medgar Evers College Preparatory School;09-12;GEN ED;92;4;23.00;20;29
K590;Medgar Evers College Preparatory School;09-12;GEN ED;190;6;31.70;25;40
K590;Medgar Evers College Preparatory School;09-12;GEN ED;541;19;28.50;13;38
K590;Medgar Evers College Preparatory School;09-12;GEN ED;484;16;30.30;16;37
K590;Medgar Evers College Preparatory School;09-12;GEN ED;575;22;26.10;18;35
K590;Medgar Evers College Preparatory School;09-12;GEN ED;284;13;21.80;13;46
K590;Medgar Evers College Preparatory School;09-12;GEN ED;279;10;27.90;13;37
K590;Medgar Evers College Preparatory School;09-12;GEN ED;230;8;28.80;20;35
K590;Medgar Evers College Preparatory School;09-12;GEN ED;108;4;27.00;21;31
K590;Medgar Evers College Preparatory School;09-12;GEN ED;366;15;24.40;15;34
K590;Medgar Evers College Preparatory School;;;0;0;.00;0;0
