SCHOOL CODE;SCHOOL NAME;GRADE ;PROGRAM TYPE;NUMBER OF STUDENTS   SEATS FILLED;NUMBER OF SECTIONS;AVERAGE CLASS SIZE;SIZE OF SMALLEST CLASS;SIZE OF LARGEST CLASS
K592;Khalil Gibran International Academy;06;GEN ED;32;2;16.00;14;18
K592;Khalil Gibran International Academy;07;GEN ED;45;2;22.50;21;24
K592;Khalil Gibran International Academy;08;GEN ED;30;1;30.00;30;30
K592;Khalil Gibran International Academy;MS Core;GEN ED;214;10;21.40;15;29
K592;Khalil Gibran International Academy;MS Core;GEN ED;107;5;21.40;15;29
K592;Khalil Gibran International Academy;MS Core;GEN ED;107;5;21.40;15;29
K592;Khalil Gibran International Academy;MS Core;GEN ED;107;5;21.40;15;29
K592;Khalil Gibran International Academy;;;0;0;.00;0;0
