SCHOOL CODE;SCHOOL NAME;GRADE ;PROGRAM TYPE;NUMBER OF STUDENTS   SEATS FILLED;NUMBER OF SECTIONS;AVERAGE CLASS SIZE;SIZE OF SMALLEST CLASS;SIZE OF LARGEST CLASS
K595;Bedford Academy High School;09-12;GEN ED;238;10;23.80;19;28
K595;Bedford Academy High School;09-12;GEN ED;46;2;23.00;17;29
K595;Bedford Academy High School;09-12;GEN ED;15;1;15.00;15;15
K595;Bedford Academy High School;09-12;GEN ED;43;2;21.50;17;26
K595;Bedford Academy High School;09-12;GEN ED;26;1;26.00;26;26
K595;Bedford Academy High School;09-12;GEN ED;79;4;19.80;17;23
K595;Bedford Academy High School;09-12;GEN ED;39;3;13.00;13;13
K595;Bedford Academy High School;09-12;GEN ED;216;10;21.60;12;28
K595;Bedford Academy High School;09-12;GEN ED;178;9;19.80;14;25
K595;Bedford Academy High School;09-12;GEN ED;180;8;22.50;18;28
K595;Bedford Academy High School;09-12;GEN ED;177;7;25.30;20;32
K595;Bedford Academy High School;09-12;GEN ED;50;2;25.00;25;25
K595;Bedford Academy High School;09-12;GEN ED;27;2;13.50;10;17
K595;Bedford Academy High School;09-12;GEN ED;153;7;21.90;12;29
K595;Bedford Academy High School;09-12;GEN ED;109;4;27.30;20;30
K595;Bedford Academy High School;09-12;GEN ED;89;3;29.70;26;33
K595;Bedford Academy High School;;;0;0;.00;0;0
