SCHOOL CODE;SCHOOL NAME;GRADE ;PROGRAM TYPE;NUMBER OF STUDENTS   SEATS FILLED;NUMBER OF SECTIONS;AVERAGE CLASS SIZE;SIZE OF SMALLEST CLASS;SIZE OF LARGEST CLASS
K596;Knowledge and Power Preparatory Academy VII Middle School;06;GEN ED;36;2;18.00;16;20
K596;Knowledge and Power Preparatory Academy VII Middle School;07;GEN ED;40;2;20.00;19;21
K596;Knowledge and Power Preparatory Academy VII Middle School;07;CTT;20;1;20.00;20;20
K596;Knowledge and Power Preparatory Academy VII Middle School;08;GEN ED;50;2;25.00;24;26
K596;Knowledge and Power Preparatory Academy VII Middle School;08;CTT;24;1;24.00;24;24
K596;Knowledge and Power Preparatory Academy VII Middle School;0K-09;SPEC ED;5;1;5.00;5;5
K596;Knowledge and Power Preparatory Academy VII Middle School;MS Core;GEN ED;131;7;18.70;16;21
K596;Knowledge and Power Preparatory Academy VII Middle School;MS Core;GEN ED;131;7;18.70;16;21
K596;Knowledge and Power Preparatory Academy VII Middle School;MS Core;GEN ED;209;11;19.00;16;21
K596;Knowledge and Power Preparatory Academy VII Middle School;MS Core;GEN ED;222;12;18.50;16;21
K596;Knowledge and Power Preparatory Academy VII Middle School;MS Core;GEN ED;59;3;19.70;19;20
K596;Knowledge and Power Preparatory Academy VII Middle School;MS Core;CTT;39;2;19.50;19;20
K596;Knowledge and Power Preparatory Academy VII Middle School;MS Core;CTT;39;2;19.50;19;20
K596;Knowledge and Power Preparatory Academy VII Middle School;MS Core;CTT;59;3;19.70;19;20
K596;Knowledge and Power Preparatory Academy VII Middle School;MS Core;CTT;78;4;19.50;19;20
K596;Knowledge and Power Preparatory Academy VII Middle School;MS Core;CTT;20;1;20.00;20;20
K596;Knowledge and Power Preparatory Academy VII Middle School;09-12;GEN ED;40;2;20.00;20;20
K596;Knowledge and Power Preparatory Academy VII Middle School;09-12;CTT;20;1;20.00;20;20
K596;Knowledge and Power Preparatory Academy VII Middle School;;;0;0;.00;0;0
