SCHOOL CODE;SCHOOL NAME;GRADE ;PROGRAM TYPE;NUMBER OF STUDENTS   SEATS FILLED;NUMBER OF SECTIONS;AVERAGE CLASS SIZE;SIZE OF SMALLEST CLASS;SIZE OF LARGEST CLASS
K598;Middle School of Marketing and Legal Studies;06;GEN ED;76;3;25.30;23;28
K598;Middle School of Marketing and Legal Studies;06;CTT;20;1;20.00;20;20
K598;Middle School of Marketing and Legal Studies;07;GEN ED;86;3;28.70;27;30
K598;Middle School of Marketing and Legal Studies;07;CTT;30;1;30.00;30;30
K598;Middle School of Marketing and Legal Studies;08;GEN ED;74;3;24.70;21;29
K598;Middle School of Marketing and Legal Studies;08;CTT;20;1;20.00;20;20
K598;Middle School of Marketing and Legal Studies;0K-09;SPEC ED;21;2;10.50;10;11
K598;Middle School of Marketing and Legal Studies;MS Core;GEN ED;243;9;27.00;23;31
K598;Middle School of Marketing and Legal Studies;MS Core;GEN ED;243;9;27.00;23;31
K598;Middle School of Marketing and Legal Studies;MS Core;GEN ED;243;9;27.00;23;31
K598;Middle School of Marketing and Legal Studies;MS Core;GEN ED;243;9;27.00;23;31
K598;Middle School of Marketing and Legal Studies;MS Core;CTT;69;3;23.00;20;29
K598;Middle School of Marketing and Legal Studies;MS Core;CTT;69;3;23.00;20;29
K598;Middle School of Marketing and Legal Studies;MS Core;CTT;69;3;23.00;20;29
K598;Middle School of Marketing and Legal Studies;MS Core;CTT;69;3;23.00;20;29
K598;Middle School of Marketing and Legal Studies;MS Core;SPEC ED;11;1;11.00;11;11
K598;Middle School of Marketing and Legal Studies;MS Core;SPEC ED;11;1;11.00;11;11
K598;Middle School of Marketing and Legal Studies;MS Core;SPEC ED;11;1;11.00;11;11
K598;Middle School of Marketing and Legal Studies;MS Core;SPEC ED;11;1;11.00;11;11
K598;Middle School of Marketing and Legal Studies;;;0;0;.00;0;0
