SCHOOL CODE;SCHOOL NAME;GRADE ;PROGRAM TYPE;NUMBER OF STUDENTS   SEATS FILLED;NUMBER OF SECTIONS;AVERAGE CLASS SIZE;SIZE OF SMALLEST CLASS;SIZE OF LARGEST CLASS
K600;Clara Barton High School;09-12;CTT;20;1;20.00;20;20
K600;Clara Barton High School;09-12;GEN ED;291;11;26.50;16;33
K600;Clara Barton High School;09-12;GEN ED;379;14;27.10;12;33
K600;Clara Barton High School;09-12;GEN ED;364;12;30.30;24;34
K600;Clara Barton High School;09-12;GEN ED;361;12;30.10;22;51
K600;Clara Barton High School;09-12;GEN ED;162;5;32.40;28;36
K600;Clara Barton High School;09-12;GEN ED;579;22;26.30;15;33
K600;Clara Barton High School;09-12;GEN ED;493;17;29.00;20;33
K600;Clara Barton High School;09-12;GEN ED;165;5;33.00;32;34
K600;Clara Barton High School;09-12;GEN ED;32;1;32.00;32;32
K600;Clara Barton High School;09-12;GEN ED;667;23;29.00;12;34
K600;Clara Barton High School;09-12;GEN ED;828;32;25.90;11;33
K600;Clara Barton High School;09-12;GEN ED;333;12;27.80;21;34
K600;Clara Barton High School;09-12;GEN ED;135;4;33.80;33;34
K600;Clara Barton High School;09-12;GEN ED;363;12;30.30;23;33
K600;Clara Barton High School;09-12;GEN ED;939;36;26.10;11;33
K600;Clara Barton High School;09-12;GEN ED;358;12;29.80;27;34
K600;Clara Barton High School;09-12;GEN ED;311;10;31.10;18;51
K600;Clara Barton High School;09-12;GEN ED;26;1;26.00;26;26
K600;Clara Barton High School;09-12;CTT;42;2;21.00;19;23
K600;Clara Barton High School;09-12;CTT;33;1;33.00;33;33
K600;Clara Barton High School;09-12;CTT;33;1;33.00;33;33
K600;Clara Barton High School;09-12;CTT;28;1;28.00;28;28
K600;Clara Barton High School;09-12;CTT;60;2;30.00;20;40
K600;Clara Barton High School;09-12;CTT;79;3;26.30;20;32
K600;Clara Barton High School;09-12;CTT;34;1;34.00;34;34
K600;Clara Barton High School;09-12;CTT;127;5;25.40;14;30
K600;Clara Barton High School;09-12;CTT;111;4;27.80;20;33
K600;Clara Barton High School;09-12;CTT;21;1;21.00;21;21
K600;Clara Barton High School;09-12;SPEC ED;27;2;13.50;12;15
K600;Clara Barton High School;;;0;0;.00;0;0
