SCHOOL CODE;SCHOOL NAME;GRADE ;PROGRAM TYPE;NUMBER OF STUDENTS   SEATS FILLED;NUMBER OF SECTIONS;AVERAGE CLASS SIZE;SIZE OF SMALLEST CLASS;SIZE OF LARGEST CLASS
K605;George Westinghouse Career and Technical Education High School;09-12;GEN ED;231;9;25.70;20;34
K605;George Westinghouse Career and Technical Education High School;09-12;GEN ED;200;7;28.60;17;33
K605;George Westinghouse Career and Technical Education High School;09-12;GEN ED;162;6;27.00;16;32
K605;George Westinghouse Career and Technical Education High School;09-12;GEN ED;120;4;30.00;27;34
K605;George Westinghouse Career and Technical Education High School;09-12;GEN ED;174;7;24.90;20;29
K605;George Westinghouse Career and Technical Education High School;09-12;GEN ED;161;7;23.00;19;25
K605;George Westinghouse Career and Technical Education High School;09-12;GEN ED;224;11;20.40;14;34
K605;George Westinghouse Career and Technical Education High School;09-12;GEN ED;214;8;26.80;18;34
K605;George Westinghouse Career and Technical Education High School;09-12;GEN ED;342;14;24.40;16;32
K605;George Westinghouse Career and Technical Education High School;09-12;GEN ED;396;14;28.30;20;34
K605;George Westinghouse Career and Technical Education High School;09-12;GEN ED;158;6;26.30;22;33
K605;George Westinghouse Career and Technical Education High School;09-12;GEN ED;148;6;24.70;16;34
K605;George Westinghouse Career and Technical Education High School;09-12;GEN ED;377;14;26.90;17;33
K605;George Westinghouse Career and Technical Education High School;09-12;GEN ED;167;6;27.80;16;32
K605;George Westinghouse Career and Technical Education High School;09-12;GEN ED;120;4;30.00;27;33
K605;George Westinghouse Career and Technical Education High School;09-12;GEN ED;33;1;33.00;33;33
K605;George Westinghouse Career and Technical Education High School;09-12;CTT;32;1;32.00;32;32
K605;George Westinghouse Career and Technical Education High School;09-12;CTT;59;2;29.50;27;32
K605;George Westinghouse Career and Technical Education High School;09-12;CTT;34;1;34.00;34;34
K605;George Westinghouse Career and Technical Education High School;09-12;CTT;28;1;28.00;28;28
K605;George Westinghouse Career and Technical Education High School;09-12;CTT;32;1;32.00;32;32
K605;George Westinghouse Career and Technical Education High School;09-12;CTT;61;2;30.50;29;32
K605;George Westinghouse Career and Technical Education High School;09-12;CTT;53;2;26.50;26;27
K605;George Westinghouse Career and Technical Education High School;09-12;CTT;61;2;30.50;30;31
K605;George Westinghouse Career and Technical Education High School;09-12;CTT;130;4;32.50;32;33
K605;George Westinghouse Career and Technical Education High School;09-12;CTT;24;1;24.00;24;24
K605;George Westinghouse Career and Technical Education High School;09-12;CTT;98;3;32.70;32;34
K605;George Westinghouse Career and Technical Education High School;09-12;CTT;27;1;27.00;27;27
K605;George Westinghouse Career and Technical Education High School;09-12;CTT;28;1;28.00;28;28
K605;George Westinghouse Career and Technical Education High School;09-12;SPEC ED;21;2;10.50;9;12
K605;George Westinghouse Career and Technical Education High School;09-12;SPEC ED;6;1;6.00;6;6
K605;George Westinghouse Career and Technical Education High School;09-12;SPEC ED;21;2;10.50;8;13
K605;George Westinghouse Career and Technical Education High School;09-12;SPEC ED;7;1;7.00;7;7
K605;George Westinghouse Career and Technical Education High School;09-12;SPEC ED;21;2;10.50;9;12
K605;George Westinghouse Career and Technical Education High School;09-12;SPEC ED;7;1;7.00;7;7
K605;George Westinghouse Career and Technical Education High School;09-12;SPEC ED;22;2;11.00;8;14
K605;George Westinghouse Career and Technical Education High School;09-12;SPEC ED;21;2;10.50;9;12
K605;George Westinghouse Career and Technical Education High School;09-12;SPEC ED;12;2;6.00;6;6
K605;George Westinghouse Career and Technical Education High School;09-12;SPEC ED;22;2;11.00;9;13
K605;George Westinghouse Career and Technical Education High School;09-12;SPEC ED;27;3;9.00;6;12
K605;George Westinghouse Career and Technical Education High School;09-12;SPEC ED;22;2;11.00;8;14
K605;George Westinghouse Career and Technical Education High School;09-12;SPEC ED;7;1;7.00;7;7
K605;George Westinghouse Career and Technical Education High School;;;0;0;.00;0;0
