SCHOOL CODE;SCHOOL NAME;GRADE ;PROGRAM TYPE;NUMBER OF STUDENTS   SEATS FILLED;NUMBER OF SECTIONS;AVERAGE CLASS SIZE;SIZE OF SMALLEST CLASS;SIZE OF LARGEST CLASS
K609;Urban Assembly School for Criminal Justice;06;CTT;74;3;24.70;24;25
K609;Urban Assembly School for Criminal Justice;07;CTT;68;3;22.70;22;24
K609;Urban Assembly School for Criminal Justice;08;GEN ED;23;1;23.00;23;23
K609;Urban Assembly School for Criminal Justice;08;CTT;40;2;20.00;20;20
K609;Urban Assembly School for Criminal Justice;09;GEN ED;86;4;21.50;21;22
K609;Urban Assembly School for Criminal Justice;MS Core;GEN ED;212;10;21.20;17;24
K609;Urban Assembly School for Criminal Justice;MS Core;GEN ED;109;5;21.80;19;24
K609;Urban Assembly School for Criminal Justice;MS Core;GEN ED;21;1;21.00;21;21
K609;Urban Assembly School for Criminal Justice;MS Core;GEN ED;65;3;21.70;21;23
K609;Urban Assembly School for Criminal Justice;MS Core;GEN ED;109;5;21.80;19;24
K609;Urban Assembly School for Criminal Justice;MS Core;GEN ED;86;4;21.50;21;23
K609;Urban Assembly School for Criminal Justice;MS Core;GEN ED;109;5;21.80;19;24
K609;Urban Assembly School for Criminal Justice;MS Core;GEN ED;86;4;21.50;21;23
K609;Urban Assembly School for Criminal Justice;MS Core;CTT;58;3;19.30;14;24
K609;Urban Assembly School for Criminal Justice;MS Core;CTT;88;4;22.00;19;25
K609;Urban Assembly School for Criminal Justice;MS Core;CTT;88;4;22.00;19;25
K609;Urban Assembly School for Criminal Justice;MS Core;CTT;88;4;22.00;19;25
K609;Urban Assembly School for Criminal Justice;09-12;GEN ED;10;1;10.00;10;10
K609;Urban Assembly School for Criminal Justice;09-12;GEN ED;30;2;15.00;10;20
K609;Urban Assembly School for Criminal Justice;09-12;GEN ED;12;1;12.00;12;12
K609;Urban Assembly School for Criminal Justice;09-12;GEN ED;53;4;13.30;11;18
K609;Urban Assembly School for Criminal Justice;09-12;CTT;12;1;12.00;12;12
K609;Urban Assembly School for Criminal Justice;09-12;CTT;23;2;11.50;10;13
K609;Urban Assembly School for Criminal Justice;09-12;CTT;16;1;16.00;16;16
K609;Urban Assembly School for Criminal Justice;;;0;0;.00;0;0
