SCHOOL CODE;SCHOOL NAME;GRADE ;PROGRAM TYPE;NUMBER OF STUDENTS   SEATS FILLED;NUMBER OF SECTIONS;AVERAGE CLASS SIZE;SIZE OF SMALLEST CLASS;SIZE OF LARGEST CLASS
K610;Automotive High School;09-12;GEN ED;136;6;22.70;15;27
K610;Automotive High School;09-12;GEN ED;122;4;30.50;29;32
K610;Automotive High School;09-12;GEN ED;360;12;30.00;24;35
K610;Automotive High School;09-12;GEN ED;374;18;20.80;10;34
K610;Automotive High School;09-12;GEN ED;137;6;22.80;16;27
K610;Automotive High School;09-12;GEN ED;99;4;24.80;10;34
K610;Automotive High School;09-12;GEN ED;29;1;29.00;29;29
K610;Automotive High School;09-12;GEN ED;230;9;25.60;19;32
K610;Automotive High School;09-12;GEN ED;164;8;20.50;17;23
K610;Automotive High School;09-12;GEN ED;31;2;15.50;11;20
K610;Automotive High School;09-12;GEN ED;31;1;31.00;31;31
K610;Automotive High School;09-12;GEN ED;151;6;25.20;13;32
K610;Automotive High School;09-12;GEN ED;305;11;27.70;15;34
K610;Automotive High School;09-12;GEN ED;191;6;31.80;26;35
K610;Automotive High School;09-12;GEN ED;51;2;25.50;25;26
K610;Automotive High School;09-12;CTT;61;3;20.30;16;23
K610;Automotive High School;09-12;CTT;73;3;24.30;16;30
K610;Automotive High School;09-12;CTT;21;1;21.00;21;21
K610;Automotive High School;09-12;CTT;51;2;25.50;16;35
K610;Automotive High School;09-12;CTT;141;5;28.20;20;33
K610;Automotive High School;09-12;CTT;45;2;22.50;18;27
K610;Automotive High School;09-12;CTT;44;2;22.00;14;30
K610;Automotive High School;09-12;CTT;161;6;26.80;20;31
K610;Automotive High School;09-12;CTT;33;1;33.00;33;33
K610;Automotive High School;09-12;CTT;51;2;25.50;25;26
K610;Automotive High School;09-12;CTT;95;4;23.80;16;33
K610;Automotive High School;09-12;CTT;24;1;24.00;24;24
K610;Automotive High School;09-12;SPEC ED;16;1;16.00;16;16
K610;Automotive High School;09-12;SPEC ED;11;1;11.00;11;11
K610;Automotive High School;09-12;SPEC ED;28;2;14.00;12;16
K610;Automotive High School;09-12;SPEC ED;29;2;14.50;13;16
K610;Automotive High School;09-12;SPEC ED;14;1;14.00;14;14
K610;Automotive High School;09-12;SPEC ED;16;1;16.00;16;16
K610;Automotive High School;;;0;0;.00;0;0
