SCHOOL CODE;SCHOOL NAME;GRADE ;PROGRAM TYPE;NUMBER OF STUDENTS   SEATS FILLED;NUMBER OF SECTIONS;AVERAGE CLASS SIZE;SIZE OF SMALLEST CLASS;SIZE OF LARGEST CLASS
K614;Young Women's Leadership School of Brooklyn;06;GEN ED;56;3;18.70;17;22
K614;Young Women's Leadership School of Brooklyn;06;CTT;20;1;20.00;20;20
K614;Young Women's Leadership School of Brooklyn;07;GEN ED;18;1;18.00;18;18
K614;Young Women's Leadership School of Brooklyn;07;CTT;38;2;19.00;19;19
K614;Young Women's Leadership School of Brooklyn;08;GEN ED;21;1;21.00;21;21
K614;Young Women's Leadership School of Brooklyn;08;CTT;44;2;22.00;22;22
K614;Young Women's Leadership School of Brooklyn;MS Core;GEN ED;160;10;16.00;12;21
K614;Young Women's Leadership School of Brooklyn;MS Core;GEN ED;134;8;16.80;14;22
K614;Young Women's Leadership School of Brooklyn;MS Core;GEN ED;110;7;15.70;13;18
K614;Young Women's Leadership School of Brooklyn;MS Core;GEN ED;144;9;16.00;12;21
K614;Young Women's Leadership School of Brooklyn;MS Core;CTT;12;1;12.00;12;12
K614;Young Women's Leadership School of Brooklyn;MS Core;CTT;22;1;22.00;22;22
K614;Young Women's Leadership School of Brooklyn;MS Core;CTT;44;2;22.00;22;22
K614;Young Women's Leadership School of Brooklyn;MS Core;CTT;22;1;22.00;22;22
K614;Young Women's Leadership School of Brooklyn;09-12;GEN ED;42;2;21.00;21;21
K614;Young Women's Leadership School of Brooklyn;09-12;GEN ED;42;2;21.00;21;21
K614;Young Women's Leadership School of Brooklyn;;;0;0;.00;0;0
