SCHOOL CODE;SCHOOL NAME;GRADE ;PROGRAM TYPE;NUMBER OF STUDENTS   SEATS FILLED;NUMBER OF SECTIONS;AVERAGE CLASS SIZE;SIZE OF SMALLEST CLASS;SIZE OF LARGEST CLASS
K615;Transit Tech Career and Technical Education High School;09-12;GEN ED;284;12;23.70;18;27
K615;Transit Tech Career and Technical Education High School;09-12;GEN ED;297;10;29.70;25;33
K615;Transit Tech Career and Technical Education High School;09-12;GEN ED;263;10;26.30;24;29
K615;Transit Tech Career and Technical Education High School;09-12;GEN ED;292;9;32.40;30;34
K615;Transit Tech Career and Technical Education High School;09-12;GEN ED;433;17;25.50;12;33
K615;Transit Tech Career and Technical Education High School;09-12;GEN ED;177;6;29.50;23;34
K615;Transit Tech Career and Technical Education High School;09-12;GEN ED;237;9;26.30;19;32
K615;Transit Tech Career and Technical Education High School;09-12;GEN ED;39;2;19.50;17;22
K615;Transit Tech Career and Technical Education High School;09-12;GEN ED;316;11;28.70;25;32
K615;Transit Tech Career and Technical Education High School;09-12;GEN ED;315;12;26.30;21;32
K615;Transit Tech Career and Technical Education High School;09-12;GEN ED;83;3;27.70;21;32
K615;Transit Tech Career and Technical Education High School;09-12;GEN ED;325;13;25.00;17;33
K615;Transit Tech Career and Technical Education High School;09-12;GEN ED;526;19;27.70;22;33
K615;Transit Tech Career and Technical Education High School;09-12;GEN ED;586;20;29.30;22;34
K615;Transit Tech Career and Technical Education High School;09-12;CTT;31;1;31.00;31;31
K615;Transit Tech Career and Technical Education High School;09-12;CTT;29;1;29.00;29;29
K615;Transit Tech Career and Technical Education High School;09-12;CTT;60;2;30.00;30;30
K615;Transit Tech Career and Technical Education High School;09-12;CTT;30;1;30.00;30;30
K615;Transit Tech Career and Technical Education High School;09-12;CTT;116;4;29.00;28;30
K615;Transit Tech Career and Technical Education High School;09-12;CTT;32;1;32.00;32;32
K615;Transit Tech Career and Technical Education High School;09-12;CTT;25;1;25.00;25;25
K615;Transit Tech Career and Technical Education High School;09-12;CTT;59;2;29.50;28;31
K615;Transit Tech Career and Technical Education High School;09-12;CTT;94;3;31.30;31;32
K615;Transit Tech Career and Technical Education High School;09-12;SPEC ED;22;3;7.30;7;8
K615;Transit Tech Career and Technical Education High School;09-12;SPEC ED;17;3;5.70;5;7
K615;Transit Tech Career and Technical Education High School;09-12;SPEC ED;9;1;9.00;9;9
K615;Transit Tech Career and Technical Education High School;09-12;SPEC ED;8;1;8.00;8;8
K615;Transit Tech Career and Technical Education High School;09-12;SPEC ED;34;5;6.80;5;8
K615;Transit Tech Career and Technical Education High School;09-12;SPEC ED;10;1;10.00;10;10
K615;Transit Tech Career and Technical Education High School;09-12;SPEC ED;17;3;5.70;5;7
K615;Transit Tech Career and Technical Education High School;09-12;SPEC ED;22;3;7.30;7;8
K615;Transit Tech Career and Technical Education High School;09-12;SPEC ED;7;1;7.00;7;7
K615;Transit Tech Career and Technical Education High School;09-12;SPEC ED;40;6;6.70;5;8
K615;Transit Tech Career and Technical Education High School;09-12;SPEC ED;13;2;6.50;6;7
K615;Transit Tech Career and Technical Education High School;;;0;0;.00;0;0
