SCHOOL CODE;SCHOOL NAME;GRADE ;PROGRAM TYPE;NUMBER OF STUDENTS   SEATS FILLED;NUMBER OF SECTIONS;AVERAGE CLASS SIZE;SIZE OF SMALLEST CLASS;SIZE OF LARGEST CLASS
K616;Brooklyn High School for Leadership and Community Service;09-12;GEN ED;31;2;15.50;13;18
K616;Brooklyn High School for Leadership and Community Service;09-12;GEN ED;23;2;11.50;11;12
K616;Brooklyn High School for Leadership and Community Service;09-12;GEN ED;58;3;19.30;16;21
K616;Brooklyn High School for Leadership and Community Service;09-12;GEN ED;43;3;14.30;11;20
K616;Brooklyn High School for Leadership and Community Service;09-12;GEN ED;134;7;19.10;14;27
K616;Brooklyn High School for Leadership and Community Service;09-12;GEN ED;41;2;20.50;16;25
K616;Brooklyn High School for Leadership and Community Service;09-12;GEN ED;94;4;23.50;22;25
K616;Brooklyn High School for Leadership and Community Service;09-12;GEN ED;48;3;16.00;14;20
K616;Brooklyn High School for Leadership and Community Service;09-12;GEN ED;179;9;19.90;12;25
K616;Brooklyn High School for Leadership and Community Service;09-12;GEN ED;13;1;13.00;13;13
K616;Brooklyn High School for Leadership and Community Service;09-12;GEN ED;42;2;21.00;17;25
K616;Brooklyn High School for Leadership and Community Service;09-12;GEN ED;27;1;27.00;27;27
K616;Brooklyn High School for Leadership and Community Service;09-12;CTT;29;1;29.00;29;29
K616;Brooklyn High School for Leadership and Community Service;09-12;CTT;14;1;14.00;14;14
K616;Brooklyn High School for Leadership and Community Service;;;0;0;.00;0;0
