SCHOOL CODE;SCHOOL NAME;GRADE ;PROGRAM TYPE;NUMBER OF STUDENTS   SEATS FILLED;NUMBER OF SECTIONS;AVERAGE CLASS SIZE;SIZE OF SMALLEST CLASS;SIZE OF LARGEST CLASS
K617;High School for Innovation in Advertising and Media;09-12;GEN ED;54;3;18.00;14;21
K617;High School for Innovation in Advertising and Media;09-12;GEN ED;81;3;27.00;22;30
K617;High School for Innovation in Advertising and Media;09-12;GEN ED;45;3;15.00;11;20
K617;High School for Innovation in Advertising and Media;09-12;GEN ED;178;9;19.80;11;30
K617;High School for Innovation in Advertising and Media;09-12;GEN ED;58;3;19.30;14;28
K617;High School for Innovation in Advertising and Media;09-12;GEN ED;79;3;26.30;22;33
K617;High School for Innovation in Advertising and Media;09-12;GEN ED;39;3;13.00;10;17
K617;High School for Innovation in Advertising and Media;09-12;GEN ED;244;12;20.30;10;31
K617;High School for Innovation in Advertising and Media;09-12;GEN ED;108;6;18.00;14;21
K617;High School for Innovation in Advertising and Media;09-12;GEN ED;140;6;23.30;15;31
K617;High School for Innovation in Advertising and Media;09-12;GEN ED;31;2;15.50;13;18
K617;High School for Innovation in Advertising and Media;09-12;GEN ED;40;2;20.00;19;21
K617;High School for Innovation in Advertising and Media;09-12;CTT;20;1;20.00;20;20
K617;High School for Innovation in Advertising and Media;09-12;CTT;20;1;20.00;20;20
K617;High School for Innovation in Advertising and Media;09-12;CTT;16;1;16.00;16;16
K617;High School for Innovation in Advertising and Media;09-12;CTT;57;3;19.00;16;21
K617;High School for Innovation in Advertising and Media;09-12;CTT;22;1;22.00;22;22
K617;High School for Innovation in Advertising and Media;09-12;CTT;19;1;19.00;19;19
K617;High School for Innovation in Advertising and Media;09-12;CTT;15;1;15.00;15;15
K617;High School for Innovation in Advertising and Media;09-12;CTT;70;4;17.50;16;19
K617;High School for Innovation in Advertising and Media;09-12;CTT;64;3;21.30;21;22
K617;High School for Innovation in Advertising and Media;09-12;CTT;41;2;20.50;20;21
K617;High School for Innovation in Advertising and Media;09-12;CTT;15;1;15.00;15;15
K617;High School for Innovation in Advertising and Media;;;0;0;.00;0;0
