SCHOOL CODE;SCHOOL NAME;GRADE ;PROGRAM TYPE;NUMBER OF STUDENTS   SEATS FILLED;NUMBER OF SECTIONS;AVERAGE CLASS SIZE;SIZE OF SMALLEST CLASS;SIZE OF LARGEST CLASS
K618;Academy of Innovative Technology;09-12;GEN ED;45;2;22.50;22;23
K618;Academy of Innovative Technology;09-12;GEN ED;80;4;20.00;13;30
K618;Academy of Innovative Technology;09-12;GEN ED;84;4;21.00;13;28
K618;Academy of Innovative Technology;09-12;GEN ED;121;5;24.20;21;31
K618;Academy of Innovative Technology;09-12;GEN ED;80;3;26.70;20;32
K618;Academy of Innovative Technology;09-12;GEN ED;85;3;28.30;23;32
K618;Academy of Innovative Technology;09-12;GEN ED;69;4;17.30;11;21
K618;Academy of Innovative Technology;09-12;GEN ED;22;1;22.00;22;22
K618;Academy of Innovative Technology;09-12;GEN ED;69;3;23.00;18;30
K618;Academy of Innovative Technology;09-12;GEN ED;47;2;23.50;19;28
K618;Academy of Innovative Technology;09-12;GEN ED;28;1;28.00;28;28
K618;Academy of Innovative Technology;09-12;CTT;52;2;26.00;21;31
K618;Academy of Innovative Technology;09-12;CTT;27;1;27.00;27;27
K618;Academy of Innovative Technology;09-12;CTT;57;3;19.00;16;24
K618;Academy of Innovative Technology;09-12;CTT;106;4;26.50;16;33
K618;Academy of Innovative Technology;09-12;CTT;67;3;22.30;16;30
K618;Academy of Innovative Technology;09-12;CTT;85;3;28.30;25;30
K618;Academy of Innovative Technology;;;0;0;.00;0;0
