SCHOOL CODE;SCHOOL NAME;GRADE ;PROGRAM TYPE;NUMBER OF STUDENTS   SEATS FILLED;NUMBER OF SECTIONS;AVERAGE CLASS SIZE;SIZE OF SMALLEST CLASS;SIZE OF LARGEST CLASS
K620;William E. Grady Career and Technical Education High School;09-12;GEN ED;147;6;24.50;21;33
K620;William E. Grady Career and Technical Education High School;09-12;GEN ED;233;9;25.90;14;33
K620;William E. Grady Career and Technical Education High School;09-12;GEN ED;229;8;28.60;23;34
K620;William E. Grady Career and Technical Education High School;09-12;GEN ED;186;7;26.60;21;31
K620;William E. Grady Career and Technical Education High School;09-12;GEN ED;52;3;17.30;14;19
K620;William E. Grady Career and Technical Education High School;09-12;GEN ED;413;17;24.30;12;33
K620;William E. Grady Career and Technical Education High School;09-12;GEN ED;339;13;26.10;16;35
K620;William E. Grady Career and Technical Education High School;09-12;GEN ED;83;3;27.70;24;34
K620;William E. Grady Career and Technical Education High School;09-12;GEN ED;24;1;24.00;24;24
K620;William E. Grady Career and Technical Education High School;09-12;GEN ED;468;18;26.00;18;33
K620;William E. Grady Career and Technical Education High School;09-12;GEN ED;535;24;22.30;13;29
K620;William E. Grady Career and Technical Education High School;09-12;GEN ED;130;4;32.50;32;33
K620;William E. Grady Career and Technical Education High School;09-12;GEN ED;28;2;14.00;14;14
K620;William E. Grady Career and Technical Education High School;09-12;GEN ED;197;7;28.10;24;34
K620;William E. Grady Career and Technical Education High School;09-12;GEN ED;532;19;28.00;19;34
K620;William E. Grady Career and Technical Education High School;09-12;GEN ED;275;9;30.60;26;34
K620;William E. Grady Career and Technical Education High School;09-12;GEN ED;146;5;29.20;21;33
K620;William E. Grady Career and Technical Education High School;09-12;CTT;52;2;26.00;24;28
K620;William E. Grady Career and Technical Education High School;09-12;CTT;58;2;29.00;29;29
K620;William E. Grady Career and Technical Education High School;09-12;CTT;45;2;22.50;18;27
K620;William E. Grady Career and Technical Education High School;09-12;CTT;22;1;22.00;22;22
K620;William E. Grady Career and Technical Education High School;09-12;CTT;116;5;23.20;17;28
K620;William E. Grady Career and Technical Education High School;09-12;CTT;106;4;26.50;24;29
K620;William E. Grady Career and Technical Education High School;09-12;CTT;108;4;27.00;27;27
K620;William E. Grady Career and Technical Education High School;09-12;CTT;90;3;30.00;30;30
K620;William E. Grady Career and Technical Education High School;09-12;CTT;112;4;28.00;23;31
K620;William E. Grady Career and Technical Education High School;09-12;CTT;29;1;29.00;29;29
K620;William E. Grady Career and Technical Education High School;09-12;CTT;30;1;30.00;30;30
K620;William E. Grady Career and Technical Education High School;09-12;SPEC ED;29;2;14.50;12;17
K620;William E. Grady Career and Technical Education High School;09-12;SPEC ED;25;2;12.50;10;15
K620;William E. Grady Career and Technical Education High School;09-12;SPEC ED;24;2;12.00;11;13
K620;William E. Grady Career and Technical Education High School;09-12;SPEC ED;21;2;10.50;10;11
K620;William E. Grady Career and Technical Education High School;09-12;SPEC ED;70;5;14.00;12;17
K620;William E. Grady Career and Technical Education High School;09-12;SPEC ED;16;1;16.00;16;16
K620;William E. Grady Career and Technical Education High School;09-12;SPEC ED;30;2;15.00;15;15
K620;William E. Grady Career and Technical Education High School;09-12;SPEC ED;57;5;11.40;9;14
K620;William E. Grady Career and Technical Education High School;09-12;SPEC ED;43;3;14.30;12;17
K620;William E. Grady Career and Technical Education High School;09-12;SPEC ED;54;4;13.50;10;17
K620;William E. Grady Career and Technical Education High School;09-12;SPEC ED;28;2;14.00;11;17
K620;William E. Grady Career and Technical Education High School;09-12;SPEC ED;24;2;12.00;10;14
K620;William E. Grady Career and Technical Education High School;;;0;0;.00;0;0
