SCHOOL CODE;SCHOOL NAME;GRADE ;PROGRAM TYPE;NUMBER OF STUDENTS   SEATS FILLED;NUMBER OF SECTIONS;AVERAGE CLASS SIZE;SIZE OF SMALLEST CLASS;SIZE OF LARGEST CLASS
K625;Paul Robeson High School;09-12;GEN ED;26;2;13.00;13;13
K625;Paul Robeson High School;09-12;GEN ED;138;6;23.00;10;34
K625;Paul Robeson High School;09-12;GEN ED;116;4;29.00;24;32
K625;Paul Robeson High School;09-12;GEN ED;208;8;26.00;17;35
K625;Paul Robeson High School;09-12;GEN ED;25;2;12.50;12;13
K625;Paul Robeson High School;09-12;GEN ED;136;5;27.20;14;36
K625;Paul Robeson High School;09-12;GEN ED;111;5;22.20;14;29
K625;Paul Robeson High School;09-12;GEN ED;24;1;24.00;24;24
K625;Paul Robeson High School;09-12;GEN ED;23;1;23.00;23;23
K625;Paul Robeson High School;09-12;GEN ED;137;6;22.80;19;26
K625;Paul Robeson High School;09-12;GEN ED;207;8;25.90;17;35
K625;Paul Robeson High School;09-12;GEN ED;24;1;24.00;24;24
K625;Paul Robeson High School;09-12;GEN ED;444;15;29.60;15;36
K625;Paul Robeson High School;09-12;GEN ED;89;3;29.70;24;33
K625;Paul Robeson High School;09-12;GEN ED;98;3;32.70;30;34
K625;Paul Robeson High School;09-12;GEN ED;67;2;33.50;33;34
K625;Paul Robeson High School;09-12;CTT;34;1;34.00;34;34
K625;Paul Robeson High School;09-12;CTT;24;1;24.00;24;24
K625;Paul Robeson High School;09-12;CTT;34;1;34.00;34;34
K625;Paul Robeson High School;09-12;CTT;67;2;33.50;32;35
K625;Paul Robeson High School;09-12;CTT;66;2;33.00;31;35
K625;Paul Robeson High School;09-12;CTT;26;1;26.00;26;26
K625;Paul Robeson High School;09-12;SPEC ED;16;1;16.00;16;16
K625;Paul Robeson High School;09-12;SPEC ED;15;1;15.00;15;15
K625;Paul Robeson High School;09-12;SPEC ED;8;1;8.00;8;8
K625;Paul Robeson High School;09-12;SPEC ED;14;1;14.00;14;14
K625;Paul Robeson High School;09-12;SPEC ED;12;1;12.00;12;12
K625;Paul Robeson High School;09-12;SPEC ED;13;1;13.00;13;13
K625;Paul Robeson High School;09-12;SPEC ED;27;2;13.50;13;14
K625;Paul Robeson High School;09-12;SPEC ED;14;1;14.00;14;14
K625;Paul Robeson High School;;;0;0;.00;0;0
