SCHOOL CODE;SCHOOL NAME;GRADE ;PROGRAM TYPE;NUMBER OF STUDENTS   SEATS FILLED;NUMBER OF SECTIONS;AVERAGE CLASS SIZE;SIZE OF SMALLEST CLASS;SIZE OF LARGEST CLASS
K627;Brighter Choice Community School;0K;GEN ED;25;1;25.00;25;25
K627;Brighter Choice Community School;01;GEN ED;25;1;25.00;25;25
K627;Brighter Choice Community School;02;GEN ED;23;1;23.00;23;23
K627;Brighter Choice Community School;03;GEN ED;21;1;21.00;21;21
K627;Brighter Choice Community School;04;GEN ED;17;1;17.00;17;17
K627;Brighter Choice Community School;0K-09;SPEC ED;11;1;11.00;11;11
K627;Brighter Choice Community School;;;0;0;.00;0;0
