SCHOOL CODE;SCHOOL NAME;GRADE ;PROGRAM TYPE;NUMBER OF STUDENTS   SEATS FILLED;NUMBER OF SECTIONS;AVERAGE CLASS SIZE;SIZE OF SMALLEST CLASS;SIZE OF LARGEST CLASS
K629;Cultural Academy for the Arts and Sciences;09-12;GEN ED;54;3;18.00;17;19
K629;Cultural Academy for the Arts and Sciences;09-12;GEN ED;50;3;16.70;14;21
K629;Cultural Academy for the Arts and Sciences;09-12;GEN ED;58;3;19.30;16;23
K629;Cultural Academy for the Arts and Sciences;09-12;GEN ED;61;4;15.30;13;17
K629;Cultural Academy for the Arts and Sciences;09-12;GEN ED;64;3;21.30;20;23
K629;Cultural Academy for the Arts and Sciences;09-12;GEN ED;70;4;17.50;11;23
K629;Cultural Academy for the Arts and Sciences;09-12;GEN ED;122;6;20.30;19;23
K629;Cultural Academy for the Arts and Sciences;09-12;GEN ED;138;7;19.70;18;21
K629;Cultural Academy for the Arts and Sciences;09-12;GEN ED;68;4;17.00;11;23
K629;Cultural Academy for the Arts and Sciences;09-12;GEN ED;144;8;18.00;12;24
K629;Cultural Academy for the Arts and Sciences;09-12;GEN ED;57;3;19.00;19;19
K629;Cultural Academy for the Arts and Sciences;09-12;CTT;42;3;14.00;10;21
K629;Cultural Academy for the Arts and Sciences;09-12;CTT;38;2;19.00;17;21
K629;Cultural Academy for the Arts and Sciences;09-12;CTT;23;1;23.00;23;23
K629;Cultural Academy for the Arts and Sciences;09-12;CTT;34;2;17.00;13;21
K629;Cultural Academy for the Arts and Sciences;09-12;CTT;21;1;21.00;21;21
K629;Cultural Academy for the Arts and Sciences;09-12;CTT;27;1;27.00;27;27
K629;Cultural Academy for the Arts and Sciences;09-12;CTT;58;3;19.30;14;30
K629;Cultural Academy for the Arts and Sciences;09-12;CTT;72;4;18.00;15;21
K629;Cultural Academy for the Arts and Sciences;09-12;CTT;54;3;18.00;14;26
K629;Cultural Academy for the Arts and Sciences;09-12;CTT;73;4;18.30;13;21
K629;Cultural Academy for the Arts and Sciences;09-12;CTT;34;2;17.00;12;22
K629;Cultural Academy for the Arts and Sciences;;;0;0;.00;0;0
