SCHOOL CODE;SCHOOL NAME;GRADE ;PROGRAM TYPE;NUMBER OF STUDENTS   SEATS FILLED;NUMBER OF SECTIONS;AVERAGE CLASS SIZE;SIZE OF SMALLEST CLASS;SIZE OF LARGEST CLASS
K631;General D. Chappie James Elementary School of Science;0K;GEN ED;59;2;29.50;29;30
K631;General D. Chappie James Elementary School of Science;01;GEN ED;55;2;27.50;27;28
K631;General D. Chappie James Elementary School of Science;01;CTT;23;1;23.00;23;23
K631;General D. Chappie James Elementary School of Science;02;GEN ED;66;3;22.00;21;23
K631;General D. Chappie James Elementary School of Science;03;GEN ED;59;3;19.70;19;20
K631;General D. Chappie James Elementary School of Science;04;GEN ED;70;3;23.30;23;24
K631;General D. Chappie James Elementary School of Science;05;GEN ED;69;3;23.00;23;23
K631;General D. Chappie James Elementary School of Science;0K-09;SPEC ED;31;3;10.30;8;12
K631;General D. Chappie James Elementary School of Science;;;0;0;.00;0;0
