SCHOOL CODE;SCHOOL NAME;GRADE ;PROGRAM TYPE;NUMBER OF STUDENTS   SEATS FILLED;NUMBER OF SECTIONS;AVERAGE CLASS SIZE;SIZE OF SMALLEST CLASS;SIZE OF LARGEST CLASS
K632;Frances Perkins Academy;09-12;GEN ED;29;2;14.50;13;16
K632;Frances Perkins Academy;09-12;GEN ED;19;1;19.00;19;19
K632;Frances Perkins Academy;09-12;GEN ED;59;3;19.70;18;22
K632;Frances Perkins Academy;09-12;GEN ED;57;4;14.30;11;18
K632;Frances Perkins Academy;09-12;GEN ED;42;2;21.00;20;22
K632;Frances Perkins Academy;09-12;GEN ED;77;4;19.30;17;23
K632;Frances Perkins Academy;09-12;GEN ED;40;3;13.30;11;16
K632;Frances Perkins Academy;09-12;GEN ED;176;10;17.60;11;22
K632;Frances Perkins Academy;09-12;CTT;19;1;19.00;19;19
K632;Frances Perkins Academy;09-12;CTT;18;1;18.00;18;18
K632;Frances Perkins Academy;09-12;CTT;19;1;19.00;19;19
K632;Frances Perkins Academy;09-12;CTT;20;1;20.00;20;20
K632;Frances Perkins Academy;09-12;CTT;19;1;19.00;19;19
K632;Frances Perkins Academy;;;0;0;.00;0;0
