SCHOOL CODE;SCHOOL NAME;GRADE ;PROGRAM TYPE;NUMBER OF STUDENTS   SEATS FILLED;NUMBER OF SECTIONS;AVERAGE CLASS SIZE;SIZE OF SMALLEST CLASS;SIZE OF LARGEST CLASS
K633;High School for Medical Professions;09-12;GEN ED;91;3;30.30;29;33
K633;High School for Medical Professions;09-12;GEN ED;89;3;29.70;27;33
K633;High School for Medical Professions;09-12;GEN ED;70;3;23.30;15;33
K633;High School for Medical Professions;09-12;GEN ED;45;2;22.50;15;30
K633;High School for Medical Professions;09-12;GEN ED;75;3;25.00;20;28
K633;High School for Medical Professions;09-12;GEN ED;90;3;30.00;28;33
K633;High School for Medical Professions;09-12;GEN ED;52;3;17.30;10;28
K633;High School for Medical Professions;09-12;GEN ED;17;1;17.00;17;17
K633;High School for Medical Professions;09-12;GEN ED;26;1;26.00;26;26
K633;High School for Medical Professions;09-12;GEN ED;170;6;28.30;26;31
K633;High School for Medical Professions;09-12;GEN ED;182;6;30.30;27;34
K633;High School for Medical Professions;09-12;GEN ED;130;4;32.50;32;33
K633;High School for Medical Professions;09-12;GEN ED;118;4;29.50;24;33
K633;High School for Medical Professions;09-12;GEN ED;159;6;26.50;15;34
K633;High School for Medical Professions;09-12;GEN ED;95;3;31.70;29;34
K633;High School for Medical Professions;09-12;GEN ED;94;3;31.30;29;33
K633;High School for Medical Professions;09-12;CTT;28;1;28.00;28;28
K633;High School for Medical Professions;09-12;CTT;28;1;28.00;28;28
K633;High School for Medical Professions;09-12;CTT;29;1;29.00;29;29
K633;High School for Medical Professions;09-12;CTT;33;1;33.00;33;33
K633;High School for Medical Professions;09-12;CTT;26;1;26.00;26;26
K633;High School for Medical Professions;09-12;CTT;25;1;25.00;25;25
K633;High School for Medical Professions;09-12;CTT;19;1;19.00;19;19
K633;High School for Medical Professions;09-12;CTT;58;2;29.00;29;29
K633;High School for Medical Professions;09-12;CTT;52;2;26.00;26;26
K633;High School for Medical Professions;09-12;CTT;56;2;28.00;28;28
K633;High School for Medical Professions;09-12;CTT;28;1;28.00;28;28
K633;High School for Medical Professions;09-12;CTT;58;2;29.00;25;33
K633;High School for Medical Professions;09-12;CTT;28;1;28.00;28;28
K633;High School for Medical Professions;09-12;CTT;28;1;28.00;28;28
K633;High School for Medical Professions;;;0;0;.00;0;0
