SCHOOL CODE;SCHOOL NAME;GRADE ;PROGRAM TYPE;NUMBER OF STUDENTS   SEATS FILLED;NUMBER OF SECTIONS;AVERAGE CLASS SIZE;SIZE OF SMALLEST CLASS;SIZE OF LARGEST CLASS
K634;General D. Chappie James Middle School of Science;06;GEN ED;48;2;24.00;22;26
K634;General D. Chappie James Middle School of Science;07;GEN ED;65;3;21.70;19;23
K634;General D. Chappie James Middle School of Science;08;GEN ED;56;2;28.00;26;30
K634;General D. Chappie James Middle School of Science;0K-09;SPEC ED;11;1;11.00;11;11
K634;General D. Chappie James Middle School of Science;0K-09;SPEC ED;16;2;8.00;7;9
K634;General D. Chappie James Middle School of Science;MS Core;GEN ED;222;12;18.50;12;24
K634;General D. Chappie James Middle School of Science;MS Core;GEN ED;168;9;18.70;12;24
K634;General D. Chappie James Middle School of Science;MS Core;GEN ED;168;9;18.70;12;24
K634;General D. Chappie James Middle School of Science;MS Core;GEN ED;168;9;18.70;12;24
K634;General D. Chappie James Middle School of Science;MS Core;SPEC ED;26;3;8.70;7;10
K634;General D. Chappie James Middle School of Science;MS Core;SPEC ED;52;6;8.70;7;10
K634;General D. Chappie James Middle School of Science;MS Core;SPEC ED;26;3;8.70;7;10
K634;General D. Chappie James Middle School of Science;MS Core;SPEC ED;26;3;8.70;7;10
K634;General D. Chappie James Middle School of Science;;;0;0;.00;0;0
