SCHOOL CODE;SCHOOL NAME;GRADE ;PROGRAM TYPE;NUMBER OF STUDENTS   SEATS FILLED;NUMBER OF SECTIONS;AVERAGE CLASS SIZE;SIZE OF SMALLEST CLASS;SIZE OF LARGEST CLASS
K636;Young Scholars' Academy for Discovery and Exploration;0K;GEN ED;41;2;20.50;20;21
K636;Young Scholars' Academy for Discovery and Exploration;01;GEN ED;31;2;15.50;15;16
K636;Young Scholars' Academy for Discovery and Exploration;02;GEN ED;20;1;20.00;20;20
K636;Young Scholars' Academy for Discovery and Exploration;03;GEN ED;22;1;22.00;22;22
K636;Young Scholars' Academy for Discovery and Exploration;04;GEN ED;25;1;25.00;25;25
K636;Young Scholars' Academy for Discovery and Exploration;05;GEN ED;31;1;31.00;31;31
K636;Young Scholars' Academy for Discovery and Exploration;0K-09;SPEC ED;20;2;10.00;8;12
K636;Young Scholars' Academy for Discovery and Exploration;;;0;0;.00;0;0
