SCHOOL CODE;SCHOOL NAME;GRADE ;PROGRAM TYPE;NUMBER OF STUDENTS   SEATS FILLED;NUMBER OF SECTIONS;AVERAGE CLASS SIZE;SIZE OF SMALLEST CLASS;SIZE OF LARGEST CLASS
K637;Academy for Conservation and the Environment;09-12;GEN ED;39;2;19.50;19;20
K637;Academy for Conservation and the Environment;09-12;GEN ED;39;2;19.50;18;21
K637;Academy for Conservation and the Environment;09-12;GEN ED;52;3;17.30;16;20
K637;Academy for Conservation and the Environment;09-12;GEN ED;58;3;19.30;19;20
K637;Academy for Conservation and the Environment;09-12;GEN ED;33;2;16.50;15;18
K637;Academy for Conservation and the Environment;09-12;GEN ED;80;4;20.00;10;28
K637;Academy for Conservation and the Environment;09-12;GEN ED;59;3;19.70;17;23
K637;Academy for Conservation and the Environment;09-12;GEN ED;48;2;24.00;21;27
K637;Academy for Conservation and the Environment;09-12;GEN ED;103;5;20.60;18;24
K637;Academy for Conservation and the Environment;09-12;CTT;12;1;12.00;12;12
K637;Academy for Conservation and the Environment;09-12;CTT;20;1;20.00;20;20
K637;Academy for Conservation and the Environment;09-12;CTT;103;5;20.60;18;24
K637;Academy for Conservation and the Environment;09-12;CTT;70;3;23.30;21;25
K637;Academy for Conservation and the Environment;09-12;CTT;50;2;25.00;25;25
K637;Academy for Conservation and the Environment;09-12;CTT;87;4;21.80;19;23
K637;Academy for Conservation and the Environment;09-12;CTT;84;4;21.00;21;21
K637;Academy for Conservation and the Environment;09-12;CTT;67;3;22.30;22;23
K637;Academy for Conservation and the Environment;;;0;0;.00;0;0
