SCHOOL CODE;SCHOOL NAME;GRADE ;PROGRAM TYPE;NUMBER OF STUDENTS   SEATS FILLED;NUMBER OF SECTIONS;AVERAGE CLASS SIZE;SIZE OF SMALLEST CLASS;SIZE OF LARGEST CLASS
K639;Brooklyn Lab School;09-12;GEN ED;31;1;31.00;31;31
K639;Brooklyn Lab School;09-12;GEN ED;54;2;27.00;25;29
K639;Brooklyn Lab School;09-12;GEN ED;128;5;25.60;20;30
K639;Brooklyn Lab School;09-12;GEN ED;49;2;24.50;24;25
K639;Brooklyn Lab School;09-12;GEN ED;49;2;24.50;23;26
K639;Brooklyn Lab School;09-12;GEN ED;76;3;25.30;20;29
K639;Brooklyn Lab School;09-12;GEN ED;55;2;27.50;27;28
K639;Brooklyn Lab School;09-12;GEN ED;17;1;17.00;17;17
K639;Brooklyn Lab School;09-12;GEN ED;82;3;27.30;23;30
K639;Brooklyn Lab School;09-12;GEN ED;23;1;23.00;23;23
K639;Brooklyn Lab School;09-12;GEN ED;103;4;25.80;21;28
K639;Brooklyn Lab School;09-12;GEN ED;73;3;24.30;23;26
K639;Brooklyn Lab School;09-12;GEN ED;26;1;26.00;26;26
K639;Brooklyn Lab School;09-12;CTT;76;3;25.30;21;28
K639;Brooklyn Lab School;09-12;CTT;49;2;24.50;20;29
K639;Brooklyn Lab School;09-12;CTT;56;2;28.00;27;29
K639;Brooklyn Lab School;09-12;CTT;62;2;31.00;28;34
K639;Brooklyn Lab School;09-12;CTT;50;2;25.00;21;29
K639;Brooklyn Lab School;09-12;CTT;26;1;26.00;26;26
K639;Brooklyn Lab School;09-12;CTT;43;2;21.50;21;22
K639;Brooklyn Lab School;09-12;CTT;95;3;31.70;30;34
K639;Brooklyn Lab School;09-12;CTT;21;1;21.00;21;21
K639;Brooklyn Lab School;09-12;CTT;108;4;27.00;23;31
K639;Brooklyn Lab School;09-12;CTT;28;1;28.00;28;28
K639;Brooklyn Lab School;;;0;0;.00;0;0
