SCHOOL CODE;SCHOOL NAME;GRADE ;PROGRAM TYPE;NUMBER OF STUDENTS   SEATS FILLED;NUMBER OF SECTIONS;AVERAGE CLASS SIZE;SIZE OF SMALLEST CLASS;SIZE OF LARGEST CLASS
K642;Urban Action Academy;09-12;GEN ED;34;2;17.00;12;22
K642;Urban Action Academy;09-12;GEN ED;165;8;20.60;16;25
K642;Urban Action Academy;09-12;GEN ED;82;4;20.50;16;23
K642;Urban Action Academy;09-12;GEN ED;46;2;23.00;23;23
K642;Urban Action Academy;09-12;GEN ED;67;3;22.30;21;24
K642;Urban Action Academy;09-12;GEN ED;66;3;22.00;19;25
K642;Urban Action Academy;09-12;GEN ED;40;2;20.00;17;23
K642;Urban Action Academy;09-12;GEN ED;191;10;19.10;12;22
K642;Urban Action Academy;09-12;CTT;27;2;13.50;13;14
K642;Urban Action Academy;09-12;CTT;39;2;19.50;15;24
K642;Urban Action Academy;09-12;CTT;88;4;22.00;19;25
K642;Urban Action Academy;09-12;CTT;41;2;20.50;20;21
K642;Urban Action Academy;09-12;CTT;23;1;23.00;23;23
K642;Urban Action Academy;09-12;CTT;24;1;24.00;24;24
K642;Urban Action Academy;09-12;CTT;38;2;19.00;17;21
K642;Urban Action Academy;09-12;CTT;55;3;18.30;16;22
K642;Urban Action Academy;09-12;CTT;23;1;23.00;23;23
K642;Urban Action Academy;;;0;0;.00;0;0
