SCHOOL CODE;SCHOOL NAME;GRADE ;PROGRAM TYPE;NUMBER OF STUDENTS   SEATS FILLED;NUMBER OF SECTIONS;AVERAGE CLASS SIZE;SIZE OF SMALLEST CLASS;SIZE OF LARGEST CLASS
K644;Eagle Academy for Young Men II;06;GEN ED;50;3;16.70;15;18
K644;Eagle Academy for Young Men II;06;CTT;21;1;21.00;21;21
K644;Eagle Academy for Young Men II;07;GEN ED;69;3;23.00;21;24
K644;Eagle Academy for Young Men II;08;GEN ED;43;3;14.30;14;15
K644;Eagle Academy for Young Men II;08;CTT;20;1;20.00;20;20
K644;Eagle Academy for Young Men II;0K-09;SPEC ED;8;1;8.00;8;8
K644;Eagle Academy for Young Men II;MS Core;GEN ED;213;11;19.40;15;26
K644;Eagle Academy for Young Men II;MS Core;GEN ED;155;9;17.20;11;25
K644;Eagle Academy for Young Men II;MS Core;GEN ED;155;9;17.20;11;25
K644;Eagle Academy for Young Men II;MS Core;GEN ED;155;9;17.20;11;25
K644;Eagle Academy for Young Men II;MS Core;CTT;35;2;17.50;17;18
K644;Eagle Academy for Young Men II;MS Core;CTT;35;2;17.50;17;18
K644;Eagle Academy for Young Men II;MS Core;CTT;35;2;17.50;17;18
K644;Eagle Academy for Young Men II;MS Core;CTT;35;2;17.50;17;18
K644;Eagle Academy for Young Men II;;;0;0;.00;0;0
