SCHOOL CODE;SCHOOL NAME;GRADE ;PROGRAM TYPE;NUMBER OF STUDENTS   SEATS FILLED;NUMBER OF SECTIONS;AVERAGE CLASS SIZE;SIZE OF SMALLEST CLASS;SIZE OF LARGEST CLASS
K645;EBC/ENY High School for Public Safety & Law;09-12;GEN ED;56;2;28.00;22;34
K645;EBC/ENY High School for Public Safety & Law;09-12;GEN ED;14;1;14.00;14;14
K645;EBC/ENY High School for Public Safety & Law;09-12;GEN ED;30;2;15.00;11;19
K645;EBC/ENY High School for Public Safety & Law;09-12;GEN ED;67;3;22.30;12;29
K645;EBC/ENY High School for Public Safety & Law;09-12;CTT;14;1;14.00;14;14
K645;EBC/ENY High School for Public Safety & Law;;;0;0;.00;0;0
