SCHOOL CODE;SCHOOL NAME;GRADE ;PROGRAM TYPE;NUMBER OF STUDENTS   SEATS FILLED;NUMBER OF SECTIONS;AVERAGE CLASS SIZE;SIZE OF SMALLEST CLASS;SIZE OF LARGEST CLASS
K646;Aspirations Diploma Plus High School;09-12;GEN ED;10;1;10.00;10;10
K646;Aspirations Diploma Plus High School;09-12;GEN ED;157;8;19.60;12;28
K646;Aspirations Diploma Plus High School;09-12;GEN ED;38;2;19.00;18;20
K646;Aspirations Diploma Plus High School;09-12;GEN ED;23;2;11.50;11;12
K646;Aspirations Diploma Plus High School;09-12;GEN ED;21;2;10.50;10;11
K646;Aspirations Diploma Plus High School;09-12;GEN ED;130;5;26.00;22;28
K646;Aspirations Diploma Plus High School;09-12;GEN ED;74;4;18.50;15;21
K646;Aspirations Diploma Plus High School;09-12;GEN ED;29;1;29.00;29;29
K646;Aspirations Diploma Plus High School;09-12;GEN ED;53;2;26.50;22;31
K646;Aspirations Diploma Plus High School;09-12;CTT;36;2;18.00;14;22
K646;Aspirations Diploma Plus High School;09-12;CTT;25;1;25.00;25;25
K646;Aspirations Diploma Plus High School;;;0;0;.00;0;0
