SCHOOL CODE;SCHOOL NAME;GRADE ;PROGRAM TYPE;NUMBER OF STUDENTS   SEATS FILLED;NUMBER OF SECTIONS;AVERAGE CLASS SIZE;SIZE OF SMALLEST CLASS;SIZE OF LARGEST CLASS
K647;Metropolitan Diploma Plus High School;09-12;GEN ED;10;1;10.00;10;10
K647;Metropolitan Diploma Plus High School;09-12;GEN ED;40;3;13.30;11;15
K647;Metropolitan Diploma Plus High School;09-12;GEN ED;45;3;15.00;10;18
K647;Metropolitan Diploma Plus High School;09-12;GEN ED;74;3;24.70;19;28
K647;Metropolitan Diploma Plus High School;09-12;GEN ED;22;1;22.00;22;22
K647;Metropolitan Diploma Plus High School;09-12;GEN ED;76;3;25.30;24;28
K647;Metropolitan Diploma Plus High School;09-12;GEN ED;65;2;32.50;32;33
K647;Metropolitan Diploma Plus High School;09-12;GEN ED;56;2;28.00;25;31
K647;Metropolitan Diploma Plus High School;09-12;CTT;11;1;11.00;11;11
K647;Metropolitan Diploma Plus High School;09-12;CTT;13;1;13.00;13;13
K647;Metropolitan Diploma Plus High School;09-12;CTT;75;3;25.00;24;26
K647;Metropolitan Diploma Plus High School;09-12;CTT;24;1;24.00;24;24
K647;Metropolitan Diploma Plus High School;09-12;CTT;90;3;30.00;28;32
K647;Metropolitan Diploma Plus High School;09-12;CTT;60;2;30.00;30;30
K647;Metropolitan Diploma Plus High School;09-12;CTT;117;4;29.30;28;30
K647;Metropolitan Diploma Plus High School;09-12;CTT;26;1;26.00;26;26
K647;Metropolitan Diploma Plus High School;;;0;0;.00;0;0
