SCHOOL CODE;SCHOOL NAME;GRADE ;PROGRAM TYPE;NUMBER OF STUDENTS   SEATS FILLED;NUMBER OF SECTIONS;AVERAGE CLASS SIZE;SIZE OF SMALLEST CLASS;SIZE OF LARGEST CLASS
K656;Brooklyn High School of the Arts;09-12;GEN ED;272;10;27.20;11;34
K656;Brooklyn High School of the Arts;09-12;GEN ED;235;10;23.50;13;28
K656;Brooklyn High School of the Arts;09-12;GEN ED;184;8;23.00;13;32
K656;Brooklyn High School of the Arts;09-12;GEN ED;96;4;24.00;16;33
K656;Brooklyn High School of the Arts;09-12;GEN ED;325;13;25.00;11;31
K656;Brooklyn High School of the Arts;09-12;GEN ED;225;10;22.50;16;28
K656;Brooklyn High School of the Arts;09-12;GEN ED;56;2;28.00;24;32
K656;Brooklyn High School of the Arts;09-12;GEN ED;101;5;20.20;13;26
K656;Brooklyn High School of the Arts;09-12;GEN ED;290;9;32.20;30;34
K656;Brooklyn High School of the Arts;09-12;GEN ED;427;14;30.50;23;34
K656;Brooklyn High School of the Arts;09-12;GEN ED;178;6;29.70;24;33
K656;Brooklyn High School of the Arts;09-12;GEN ED;160;6;26.70;16;32
K656;Brooklyn High School of the Arts;09-12;GEN ED;87;3;29.00;22;34
K656;Brooklyn High School of the Arts;09-12;GEN ED;418;14;29.90;23;34
K656;Brooklyn High School of the Arts;09-12;GEN ED;237;9;26.30;17;33
K656;Brooklyn High School of the Arts;09-12;GEN ED;92;3;30.70;30;32
K656;Brooklyn High School of the Arts;09-12;SPEC ED;20;2;10.00;10;10
K656;Brooklyn High School of the Arts;;;0;0;.00;0;0
