SCHOOL CODE;SCHOOL NAME;GRADE ;PROGRAM TYPE;NUMBER OF STUDENTS   SEATS FILLED;NUMBER OF SECTIONS;AVERAGE CLASS SIZE;SIZE OF SMALLEST CLASS;SIZE OF LARGEST CLASS
K659;Cypress Hills Collegiate Preparatory School;09-12;GEN ED;25;1;25.00;25;25
K659;Cypress Hills Collegiate Preparatory School;09-12;GEN ED;26;1;26.00;26;26
K659;Cypress Hills Collegiate Preparatory School;09-12;GEN ED;21;1;21.00;21;21
K659;Cypress Hills Collegiate Preparatory School;09-12;GEN ED;91;4;22.80;21;27
K659;Cypress Hills Collegiate Preparatory School;09-12;GEN ED;25;1;25.00;25;25
K659;Cypress Hills Collegiate Preparatory School;09-12;GEN ED;53;2;26.50;25;28
K659;Cypress Hills Collegiate Preparatory School;09-12;GEN ED;49;2;24.50;24;25
K659;Cypress Hills Collegiate Preparatory School;09-12;GEN ED;57;2;28.50;25;32
K659;Cypress Hills Collegiate Preparatory School;09-12;GEN ED;32;2;16.00;15;17
K659;Cypress Hills Collegiate Preparatory School;09-12;GEN ED;52;2;26.00;26;26
K659;Cypress Hills Collegiate Preparatory School;09-12;GEN ED;50;2;25.00;25;25
K659;Cypress Hills Collegiate Preparatory School;09-12;GEN ED;42;2;21.00;21;21
K659;Cypress Hills Collegiate Preparatory School;09-12;GEN ED;68;4;17.00;11;22
K659;Cypress Hills Collegiate Preparatory School;09-12;GEN ED;102;4;25.50;24;28
K659;Cypress Hills Collegiate Preparatory School;09-12;GEN ED;100;3;33.30;25;43
K659;Cypress Hills Collegiate Preparatory School;09-12;GEN ED;48;2;24.00;21;27
K659;Cypress Hills Collegiate Preparatory School;09-12;GEN ED;73;4;18.30;15;27
K659;Cypress Hills Collegiate Preparatory School;09-12;CTT;28;1;28.00;28;28
K659;Cypress Hills Collegiate Preparatory School;09-12;CTT;24;1;24.00;24;24
K659;Cypress Hills Collegiate Preparatory School;09-12;CTT;27;1;27.00;27;27
K659;Cypress Hills Collegiate Preparatory School;09-12;CTT;17;1;17.00;17;17
K659;Cypress Hills Collegiate Preparatory School;09-12;CTT;48;2;24.00;24;24
K659;Cypress Hills Collegiate Preparatory School;09-12;CTT;56;2;28.00;28;28
K659;Cypress Hills Collegiate Preparatory School;09-12;CTT;54;2;27.00;27;27
K659;Cypress Hills Collegiate Preparatory School;;;0;0;.00;0;0
