SCHOOL CODE;SCHOOL NAME;GRADE ;PROGRAM TYPE;NUMBER OF STUDENTS   SEATS FILLED;NUMBER OF SECTIONS;AVERAGE CLASS SIZE;SIZE OF SMALLEST CLASS;SIZE OF LARGEST CLASS
K660;W. H. Maxwell Career and Technical Education High School;09-12;GEN ED;67;4;16.80;5;28
K660;W. H. Maxwell Career and Technical Education High School;09-12;GEN ED;148;6;24.70;16;32
K660;W. H. Maxwell Career and Technical Education High School;09-12;GEN ED;184;7;26.30;18;30
K660;W. H. Maxwell Career and Technical Education High School;09-12;GEN ED;157;6;26.20;21;30
K660;W. H. Maxwell Career and Technical Education High School;09-12;GEN ED;294;11;26.70;19;33
K660;W. H. Maxwell Career and Technical Education High School;09-12;GEN ED;74;3;24.70;14;32
K660;W. H. Maxwell Career and Technical Education High School;09-12;GEN ED;119;5;23.80;14;32
K660;W. H. Maxwell Career and Technical Education High School;09-12;GEN ED;202;8;25.30;20;33
K660;W. H. Maxwell Career and Technical Education High School;09-12;GEN ED;308;12;25.70;13;32
K660;W. H. Maxwell Career and Technical Education High School;09-12;GEN ED;54;2;27.00;27;27
K660;W. H. Maxwell Career and Technical Education High School;09-12;GEN ED;281;12;23.40;12;34
K660;W. H. Maxwell Career and Technical Education High School;09-12;GEN ED;224;9;24.90;13;32
K660;W. H. Maxwell Career and Technical Education High School;09-12;GEN ED;168;6;28.00;25;34
K660;W. H. Maxwell Career and Technical Education High School;09-12;GEN ED;152;5;30.40;22;33
K660;W. H. Maxwell Career and Technical Education High School;09-12;CTT;10;1;10.00;10;10
K660;W. H. Maxwell Career and Technical Education High School;09-12;CTT;56;2;28.00;28;28
K660;W. H. Maxwell Career and Technical Education High School;09-12;CTT;13;1;13.00;13;13
K660;W. H. Maxwell Career and Technical Education High School;09-12;CTT;24;2;12.00;10;14
K660;W. H. Maxwell Career and Technical Education High School;09-12;CTT;30;1;30.00;30;30
K660;W. H. Maxwell Career and Technical Education High School;09-12;SPEC ED;22;2;11.00;6;16
K660;W. H. Maxwell Career and Technical Education High School;09-12;SPEC ED;20;2;10.00;8;12
K660;W. H. Maxwell Career and Technical Education High School;09-12;SPEC ED;10;1;10.00;10;10
K660;W. H. Maxwell Career and Technical Education High School;09-12;SPEC ED;17;1;17.00;17;17
K660;W. H. Maxwell Career and Technical Education High School;09-12;SPEC ED;15;2;7.50;7;8
K660;W. H. Maxwell Career and Technical Education High School;09-12;SPEC ED;25;2;12.50;12;13
K660;W. H. Maxwell Career and Technical Education High School;09-12;SPEC ED;46;4;11.50;10;14
K660;W. H. Maxwell Career and Technical Education High School;09-12;SPEC ED;15;1;15.00;15;15
K660;W. H. Maxwell Career and Technical Education High School;09-12;SPEC ED;41;3;13.70;12;16
K660;W. H. Maxwell Career and Technical Education High School;09-12;SPEC ED;21;2;10.50;8;13
K660;W. H. Maxwell Career and Technical Education High School;;;0;0;.00;0;0
