SCHOOL CODE;SCHOOL NAME;GRADE ;PROGRAM TYPE;NUMBER OF STUDENTS   SEATS FILLED;NUMBER OF SECTIONS;AVERAGE CLASS SIZE;SIZE OF SMALLEST CLASS;SIZE OF LARGEST CLASS
K667;SUNSET PARK HIGH SCHOOL;09-12;GEN ED;190;8;23.80;20;29
K667;SUNSET PARK HIGH SCHOOL;09-12;GEN ED;248;9;27.60;26;29
K667;SUNSET PARK HIGH SCHOOL;09-12;GEN ED;725;27;26.90;20;33
K667;SUNSET PARK HIGH SCHOOL;09-12;GEN ED;242;9;26.90;25;29
K667;SUNSET PARK HIGH SCHOOL;09-12;GEN ED;263;9;29.20;27;33
K667;SUNSET PARK HIGH SCHOOL;09-12;GEN ED;526;18;29.20;27;33
K667;SUNSET PARK HIGH SCHOOL;09-12;GEN ED;484;18;26.90;25;29
K667;SUNSET PARK HIGH SCHOOL;09-12;GEN ED;505;18;28.10;25;33
K667;SUNSET PARK HIGH SCHOOL;09-12;GEN ED;208;9;23.10;21;26
K667;SUNSET PARK HIGH SCHOOL;09-12;CTT;110;4;27.50;23;39
K667;SUNSET PARK HIGH SCHOOL;09-12;CTT;80;3;26.70;24;30
K667;SUNSET PARK HIGH SCHOOL;09-12;CTT;88;3;29.30;27;31
K667;SUNSET PARK HIGH SCHOOL;09-12;CTT;94;5;18.80;10;23
K667;SUNSET PARK HIGH SCHOOL;09-12;CTT;79;3;26.30;24;29
K667;SUNSET PARK HIGH SCHOOL;09-12;CTT;178;6;29.70;28;31
K667;SUNSET PARK HIGH SCHOOL;09-12;CTT;168;6;28.00;27;29
K667;SUNSET PARK HIGH SCHOOL;09-12;CTT;173;6;28.80;27;31
K667;SUNSET PARK HIGH SCHOOL;09-12;CTT;76;3;25.30;23;28
K667;SUNSET PARK HIGH SCHOOL;;;0;0;.00;0;0
