SCHOOL CODE;SCHOOL NAME;GRADE ;PROGRAM TYPE;NUMBER OF STUDENTS   SEATS FILLED;NUMBER OF SECTIONS;AVERAGE CLASS SIZE;SIZE OF SMALLEST CLASS;SIZE OF LARGEST CLASS
K670;Benjamin Banneker Academy;09-12;GEN ED;207;7;29.60;27;33
K670;Benjamin Banneker Academy;09-12;GEN ED;244;8;30.50;21;34
K670;Benjamin Banneker Academy;09-12;GEN ED;332;12;27.70;12;34
K670;Benjamin Banneker Academy;09-12;GEN ED;121;4;30.30;24;36
K670;Benjamin Banneker Academy;09-12;GEN ED;29;2;14.50;13;16
K670;Benjamin Banneker Academy;09-12;GEN ED;171;6;28.50;25;33
K670;Benjamin Banneker Academy;09-12;GEN ED;145;5;29.00;19;33
K670;Benjamin Banneker Academy;09-12;GEN ED;209;7;29.90;17;37
K670;Benjamin Banneker Academy;09-12;GEN ED;155;6;25.80;15;32
K670;Benjamin Banneker Academy;09-12;GEN ED;64;2;32.00;31;33
K670;Benjamin Banneker Academy;09-12;GEN ED;205;7;29.30;26;33
K670;Benjamin Banneker Academy;09-12;GEN ED;168;5;33.60;33;34
K670;Benjamin Banneker Academy;09-12;GEN ED;104;4;26.00;16;31
K670;Benjamin Banneker Academy;09-12;GEN ED;176;6;29.30;20;35
K670;Benjamin Banneker Academy;09-12;GEN ED;456;16;28.50;19;34
K670;Benjamin Banneker Academy;09-12;GEN ED;228;8;28.50;13;32
K670;Benjamin Banneker Academy;09-12;GEN ED;19;1;19.00;19;19
K670;Benjamin Banneker Academy;09-12;GEN ED;195;6;32.50;31;34
K670;Benjamin Banneker Academy;09-12;GEN ED;102;4;25.50;19;32
K670;Benjamin Banneker Academy;09-12;CTT;29;1;29.00;29;29
K670;Benjamin Banneker Academy;09-12;CTT;33;1;33.00;33;33
K670;Benjamin Banneker Academy;;;0;0;.00;0;0
