SCHOOL CODE;SCHOOL NAME;GRADE ;PROGRAM TYPE;NUMBER OF STUDENTS   SEATS FILLED;NUMBER OF SECTIONS;AVERAGE CLASS SIZE;SIZE OF SMALLEST CLASS;SIZE OF LARGEST CLASS
K671;MOTT HALL BRIDGES MIDDLE SCHOOL;06;GEN ED;30;2;15.00;15;15
K671;MOTT HALL BRIDGES MIDDLE SCHOOL;06;CTT;15;1;15.00;15;15
K671;MOTT HALL BRIDGES MIDDLE SCHOOL;MS Core;GEN ED;14;1;14.00;14;14
K671;MOTT HALL BRIDGES MIDDLE SCHOOL;MS Core;GEN ED;14;1;14.00;14;14
K671;MOTT HALL BRIDGES MIDDLE SCHOOL;MS Core;GEN ED;14;1;14.00;14;14
K671;MOTT HALL BRIDGES MIDDLE SCHOOL;MS Core;CTT;27;1;27.00;27;27
K671;MOTT HALL BRIDGES MIDDLE SCHOOL;MS Core;CTT;27;1;27.00;27;27
K671;MOTT HALL BRIDGES MIDDLE SCHOOL;MS Core;CTT;27;1;27.00;27;27
K671;MOTT HALL BRIDGES MIDDLE SCHOOL;;;0;0;.00;0;0
