SCHOOL CODE;SCHOOL NAME;GRADE ;PROGRAM TYPE;NUMBER OF STUDENTS   SEATS FILLED;NUMBER OF SECTIONS;AVERAGE CLASS SIZE;SIZE OF SMALLEST CLASS;SIZE OF LARGEST CLASS
K673;EAST BROOKLYN COMMUNITY HIGH SCHOOL;09-12;GEN ED;19;1;19.00;19;19
K673;EAST BROOKLYN COMMUNITY HIGH SCHOOL;09-12;GEN ED;27;1;27.00;27;27
K673;EAST BROOKLYN COMMUNITY HIGH SCHOOL;09-12;GEN ED;20;1;20.00;20;20
K673;EAST BROOKLYN COMMUNITY HIGH SCHOOL;09-12;GEN ED;10;1;10.00;10;10
K673;EAST BROOKLYN COMMUNITY HIGH SCHOOL;09-12;GEN ED;18;1;18.00;18;18
K673;EAST BROOKLYN COMMUNITY HIGH SCHOOL;;;0;0;.00;0;0
