SCHOOL CODE;SCHOOL NAME;GRADE ;PROGRAM TYPE;NUMBER OF STUDENTS   SEATS FILLED;NUMBER OF SECTIONS;AVERAGE CLASS SIZE;SIZE OF SMALLEST CLASS;SIZE OF LARGEST CLASS
K676;RED HOOK NEIGHBORHOOD SCHOOL;0K-09;SPEC ED;23;2;11.50;11;12
K676;RED HOOK NEIGHBORHOOD SCHOOL;;;0;0;.00;0;0
K676;RED HOOK NEIGHBORHOOD SCHOOL;0K;GEN ED;22;1;22.00;22;22
K676;RED HOOK NEIGHBORHOOD SCHOOL;01;GEN ED;21;1;21.00;21;21
K676;RED HOOK NEIGHBORHOOD SCHOOL;02;CTT;29;1;29.00;29;29
K676;RED HOOK NEIGHBORHOOD SCHOOL;03;GEN ED;12;1;12.00;12;12
K676;RED HOOK NEIGHBORHOOD SCHOOL;03;CTT;18;1;18.00;18;18
K676;RED HOOK NEIGHBORHOOD SCHOOL;04;GEN ED;21;1;21.00;21;21
K676;RED HOOK NEIGHBORHOOD SCHOOL;04;CTT;21;1;21.00;21;21
