SCHOOL CODE;SCHOOL NAME;GRADE ;PROGRAM TYPE;NUMBER OF STUDENTS   SEATS FILLED;NUMBER OF SECTIONS;AVERAGE CLASS SIZE;SIZE OF SMALLEST CLASS;SIZE OF LARGEST CLASS
K677;EAST NEW YORK ELEMENTARY SCHOOL OF EXCELLENCE;0K;GEN ED;60;3;20.00;20;20
K677;EAST NEW YORK ELEMENTARY SCHOOL OF EXCELLENCE;0K;CTT;21;1;21.00;21;21
K677;EAST NEW YORK ELEMENTARY SCHOOL OF EXCELLENCE;01;GEN ED;47;2;23.50;23;24
K677;EAST NEW YORK ELEMENTARY SCHOOL OF EXCELLENCE;01;CTT;26;1;26.00;26;26
K677;EAST NEW YORK ELEMENTARY SCHOOL OF EXCELLENCE;02;GEN ED;66;3;22.00;18;24
K677;EAST NEW YORK ELEMENTARY SCHOOL OF EXCELLENCE;03;GEN ED;61;3;20.30;18;22
K677;EAST NEW YORK ELEMENTARY SCHOOL OF EXCELLENCE;04;GEN ED;88;4;22.00;21;23
K677;EAST NEW YORK ELEMENTARY SCHOOL OF EXCELLENCE;0K-09;SPEC ED;11;1;11.00;11;11
K677;EAST NEW YORK ELEMENTARY SCHOOL OF EXCELLENCE;;;0;0;.00;0;0
