SCHOOL CODE;SCHOOL NAME;GRADE ;PROGRAM TYPE;NUMBER OF STUDENTS   SEATS FILLED;NUMBER OF SECTIONS;AVERAGE CLASS SIZE;SIZE OF SMALLEST CLASS;SIZE OF LARGEST CLASS
K678;EAST NEW YORK MIDDLE SCHOOL OF EXCELLENCE;06;GEN ED;43;2;21.50;21;22
K678;EAST NEW YORK MIDDLE SCHOOL OF EXCELLENCE;06;CTT;21;1;21.00;21;21
K678;EAST NEW YORK MIDDLE SCHOOL OF EXCELLENCE;07;GEN ED;43;2;21.50;19;24
K678;EAST NEW YORK MIDDLE SCHOOL OF EXCELLENCE;07;CTT;23;1;23.00;23;23
K678;EAST NEW YORK MIDDLE SCHOOL OF EXCELLENCE;0K-09;SPEC ED;11;1;11.00;11;11
K678;EAST NEW YORK MIDDLE SCHOOL OF EXCELLENCE;MS Core;GEN ED;129;6;21.50;19;24
K678;EAST NEW YORK MIDDLE SCHOOL OF EXCELLENCE;MS Core;GEN ED;86;4;21.50;19;24
K678;EAST NEW YORK MIDDLE SCHOOL OF EXCELLENCE;MS Core;GEN ED;86;4;21.50;19;24
K678;EAST NEW YORK MIDDLE SCHOOL OF EXCELLENCE;MS Core;GEN ED;86;4;21.50;19;24
K678;EAST NEW YORK MIDDLE SCHOOL OF EXCELLENCE;MS Core;CTT;67;3;22.30;21;23
K678;EAST NEW YORK MIDDLE SCHOOL OF EXCELLENCE;MS Core;CTT;44;2;22.00;21;23
K678;EAST NEW YORK MIDDLE SCHOOL OF EXCELLENCE;MS Core;CTT;44;2;22.00;21;23
K678;EAST NEW YORK MIDDLE SCHOOL OF EXCELLENCE;MS Core;CTT;44;2;22.00;21;23
K678;EAST NEW YORK MIDDLE SCHOOL OF EXCELLENCE;MS Core;SPEC ED;10;1;10.00;10;10
K678;EAST NEW YORK MIDDLE SCHOOL OF EXCELLENCE;MS Core;SPEC ED;10;1;10.00;10;10
K678;EAST NEW YORK MIDDLE SCHOOL OF EXCELLENCE;MS Core;SPEC ED;10;1;10.00;10;10
K678;EAST NEW YORK MIDDLE SCHOOL OF EXCELLENCE;MS Core;SPEC ED;10;1;10.00;10;10
K678;EAST NEW YORK MIDDLE SCHOOL OF EXCELLENCE;;;0;0;.00;0;0
