SCHOOL CODE;SCHOOL NAME;GRADE ;PROGRAM TYPE;NUMBER OF STUDENTS   SEATS FILLED;NUMBER OF SECTIONS;AVERAGE CLASS SIZE;SIZE OF SMALLEST CLASS;SIZE OF LARGEST CLASS
K682;THE ACADEMY OF TALENTED SCHOLARS;0K;GEN ED;52;2;26.00;26;26
K682;THE ACADEMY OF TALENTED SCHOLARS;0K;CTT;12;1;12.00;12;12
K682;THE ACADEMY OF TALENTED SCHOLARS;01;GEN ED;67;3;22.30;21;23
K682;THE ACADEMY OF TALENTED SCHOLARS;02;GEN ED;48;2;24.00;24;24
K682;THE ACADEMY OF TALENTED SCHOLARS;0K-09;SPEC ED;12;1;12.00;12;12
K682;THE ACADEMY OF TALENTED SCHOLARS;;;0;0;.00;0;0
