SCHOOL CODE;SCHOOL NAME;GRADE ;PROGRAM TYPE;NUMBER OF STUDENTS   SEATS FILLED;NUMBER OF SECTIONS;AVERAGE CLASS SIZE;SIZE OF SMALLEST CLASS;SIZE OF LARGEST CLASS
K683;THE SCHOOL FOR CLASSICS: AN ACADEMY OF THINKERS, WRITERS AND PERFORMERS;09-12;GEN ED;125;5;25.00;17;30
K683;THE SCHOOL FOR CLASSICS: AN ACADEMY OF THINKERS, WRITERS AND PERFORMERS;09-12;GEN ED;52;2;26.00;20;32
K683;THE SCHOOL FOR CLASSICS: AN ACADEMY OF THINKERS, WRITERS AND PERFORMERS;09-12;GEN ED;57;2;28.50;28;29
K683;THE SCHOOL FOR CLASSICS: AN ACADEMY OF THINKERS, WRITERS AND PERFORMERS;09-12;GEN ED;38;2;19.00;15;23
K683;THE SCHOOL FOR CLASSICS: AN ACADEMY OF THINKERS, WRITERS AND PERFORMERS;09-12;GEN ED;105;4;26.30;24;31
K683;THE SCHOOL FOR CLASSICS: AN ACADEMY OF THINKERS, WRITERS AND PERFORMERS;09-12;GEN ED;84;4;21.00;16;25
K683;THE SCHOOL FOR CLASSICS: AN ACADEMY OF THINKERS, WRITERS AND PERFORMERS;09-12;GEN ED;30;1;30.00;30;30
K683;THE SCHOOL FOR CLASSICS: AN ACADEMY OF THINKERS, WRITERS AND PERFORMERS;09-12;GEN ED;178;7;25.40;20;31
K683;THE SCHOOL FOR CLASSICS: AN ACADEMY OF THINKERS, WRITERS AND PERFORMERS;09-12;GEN ED;174;6;29.00;28;30
K683;THE SCHOOL FOR CLASSICS: AN ACADEMY OF THINKERS, WRITERS AND PERFORMERS;09-12;GEN ED;25;1;25.00;25;25
K683;THE SCHOOL FOR CLASSICS: AN ACADEMY OF THINKERS, WRITERS AND PERFORMERS;09-12;GEN ED;138;5;27.60;22;33
K683;THE SCHOOL FOR CLASSICS: AN ACADEMY OF THINKERS, WRITERS AND PERFORMERS;09-12;GEN ED;82;3;27.30;22;31
K683;THE SCHOOL FOR CLASSICS: AN ACADEMY OF THINKERS, WRITERS AND PERFORMERS;09-12;CTT;21;1;21.00;21;21
K683;THE SCHOOL FOR CLASSICS: AN ACADEMY OF THINKERS, WRITERS AND PERFORMERS;09-12;CTT;59;2;29.50;29;30
K683;THE SCHOOL FOR CLASSICS: AN ACADEMY OF THINKERS, WRITERS AND PERFORMERS;09-12;CTT;24;1;24.00;24;24
K683;THE SCHOOL FOR CLASSICS: AN ACADEMY OF THINKERS, WRITERS AND PERFORMERS;09-12;CTT;32;1;32.00;32;32
K683;THE SCHOOL FOR CLASSICS: AN ACADEMY OF THINKERS, WRITERS AND PERFORMERS;09-12;CTT;36;2;18.00;18;18
K683;THE SCHOOL FOR CLASSICS: AN ACADEMY OF THINKERS, WRITERS AND PERFORMERS;09-12;CTT;17;1;17.00;17;17
K683;THE SCHOOL FOR CLASSICS: AN ACADEMY OF THINKERS, WRITERS AND PERFORMERS;09-12;SPEC ED;15;1;15.00;15;15
K683;THE SCHOOL FOR CLASSICS: AN ACADEMY OF THINKERS, WRITERS AND PERFORMERS;09-12;SPEC ED;15;1;15.00;15;15
K683;THE SCHOOL FOR CLASSICS: AN ACADEMY OF THINKERS, WRITERS AND PERFORMERS;09-12;SPEC ED;38;4;9.50;8;11
K683;THE SCHOOL FOR CLASSICS: AN ACADEMY OF THINKERS, WRITERS AND PERFORMERS;09-12;SPEC ED;15;1;15.00;15;15
K683;THE SCHOOL FOR CLASSICS: AN ACADEMY OF THINKERS, WRITERS AND PERFORMERS;;;0;0;.00;0;0
