SCHOOL CODE;SCHOOL NAME;GRADE ;PROGRAM TYPE;NUMBER OF STUDENTS   SEATS FILLED;NUMBER OF SECTIONS;AVERAGE CLASS SIZE;SIZE OF SMALLEST CLASS;SIZE OF LARGEST CLASS
K685;El Puente Academy for Peace and Justice;MS Core;GEN ED;18;1;18.00;18;18
K685;El Puente Academy for Peace and Justice;MS Core;CTT;18;1;18.00;18;18
K685;El Puente Academy for Peace and Justice;09-12;GEN ED;324;14;23.10;20;27
K685;El Puente Academy for Peace and Justice;09-12;GEN ED;64;3;21.30;18;25
K685;El Puente Academy for Peace and Justice;09-12;GEN ED;52;2;26.00;25;27
K685;El Puente Academy for Peace and Justice;09-12;GEN ED;64;3;21.30;20;23
K685;El Puente Academy for Peace and Justice;09-12;GEN ED;21;1;21.00;21;21
K685;El Puente Academy for Peace and Justice;09-12;GEN ED;110;5;22.00;20;26
K685;El Puente Academy for Peace and Justice;09-12;GEN ED;52;2;26.00;25;27
K685;El Puente Academy for Peace and Justice;09-12;GEN ED;18;1;18.00;18;18
K685;El Puente Academy for Peace and Justice;09-12;CTT;18;1;18.00;18;18
K685;El Puente Academy for Peace and Justice;09-12;CTT;18;1;18.00;18;18
K685;El Puente Academy for Peace and Justice;09-12;CTT;18;1;18.00;18;18
K685;El Puente Academy for Peace and Justice;;;0;0;.00;0;0
