SCHOOL CODE;SCHOOL NAME;GRADE ;PROGRAM TYPE;NUMBER OF STUDENTS   SEATS FILLED;NUMBER OF SECTIONS;AVERAGE CLASS SIZE;SIZE OF SMALLEST CLASS;SIZE OF LARGEST CLASS
K688;The Brooklyn Academy of Global Finance;09-12;GEN ED;41;2;20.50;17;24
K688;The Brooklyn Academy of Global Finance;09-12;GEN ED;44;2;22.00;18;26
K688;The Brooklyn Academy of Global Finance;09-12;GEN ED;87;4;21.80;17;26
K688;The Brooklyn Academy of Global Finance;09-12;GEN ED;62;3;20.70;12;26
K688;The Brooklyn Academy of Global Finance;09-12;GEN ED;23;1;23.00;23;23
K688;The Brooklyn Academy of Global Finance;09-12;GEN ED;88;4;22.00;18;26
K688;The Brooklyn Academy of Global Finance;09-12;GEN ED;80;4;20.00;16;24
K688;The Brooklyn Academy of Global Finance;09-12;GEN ED;87;4;21.80;17;29
K688;The Brooklyn Academy of Global Finance;09-12;CTT;26;1;26.00;26;26
K688;The Brooklyn Academy of Global Finance;09-12;CTT;32;1;32.00;32;32
K688;The Brooklyn Academy of Global Finance;09-12;CTT;56;2;28.00;26;30
K688;The Brooklyn Academy of Global Finance;09-12;CTT;58;2;29.00;26;32
K688;The Brooklyn Academy of Global Finance;09-12;CTT;66;2;33.00;33;33
K688;The Brooklyn Academy of Global Finance;09-12;CTT;52;2;26.00;26;26
K688;The Brooklyn Academy of Global Finance;09-12;CTT;56;2;28.00;26;30
K688;The Brooklyn Academy of Global Finance;;;0;0;.00;0;0
