SCHOOL CODE;SCHOOL NAME;GRADE ;PROGRAM TYPE;NUMBER OF STUDENTS   SEATS FILLED;NUMBER OF SECTIONS;AVERAGE CLASS SIZE;SIZE OF SMALLEST CLASS;SIZE OF LARGEST CLASS
K690;Brooklyn Studio Secondary School;06;CTT;96;4;24.00;22;26
K690;Brooklyn Studio Secondary School;06;G&T;117;5;23.40;21;26
K690;Brooklyn Studio Secondary School;07;CTT;102;4;25.50;24;27
K690;Brooklyn Studio Secondary School;07;G&T;131;5;26.20;24;29
K690;Brooklyn Studio Secondary School;08;CTT;116;4;29.00;28;30
K690;Brooklyn Studio Secondary School;08;G&T;141;5;28.20;25;30
K690;Brooklyn Studio Secondary School;MS Core;GEN ED;163;7;23.30;15;30
K690;Brooklyn Studio Secondary School;MS Core;GEN ED;126;5;25.20;21;30
K690;Brooklyn Studio Secondary School;MS Core;GEN ED;24;1;24.00;24;24
K690;Brooklyn Studio Secondary School;MS Core;GEN ED;130;5;26.00;22;30
K690;Brooklyn Studio Secondary School;MS Core;GEN ED;39;2;19.50;17;22
K690;Brooklyn Studio Secondary School;MS Core;GEN ED;129;5;25.80;22;30
K690;Brooklyn Studio Secondary School;MS Core;CTT;128;5;25.60;21;28
K690;Brooklyn Studio Secondary School;MS Core;CTT;149;6;24.80;21;28
K690;Brooklyn Studio Secondary School;MS Core;CTT;102;4;25.50;21;28
K690;Brooklyn Studio Secondary School;MS Core;CTT;102;4;25.50;21;28
K690;Brooklyn Studio Secondary School;09-12;GEN ED;95;4;23.80;14;35
K690;Brooklyn Studio Secondary School;09-12;GEN ED;57;2;28.50;27;30
K690;Brooklyn Studio Secondary School;09-12;GEN ED;95;3;31.70;29;33
K690;Brooklyn Studio Secondary School;09-12;GEN ED;90;4;22.50;12;29
K690;Brooklyn Studio Secondary School;09-12;GEN ED;85;3;28.30;27;30
K690;Brooklyn Studio Secondary School;09-12;GEN ED;137;5;27.40;23;32
K690;Brooklyn Studio Secondary School;09-12;GEN ED;80;3;26.70;22;34
K690;Brooklyn Studio Secondary School;09-12;GEN ED;95;3;31.70;28;34
K690;Brooklyn Studio Secondary School;09-12;GEN ED;14;1;14.00;14;14
K690;Brooklyn Studio Secondary School;09-12;GEN ED;156;6;26.00;14;36
K690;Brooklyn Studio Secondary School;09-12;GEN ED;60;2;30.00;30;30
K690;Brooklyn Studio Secondary School;09-12;GEN ED;148;6;24.70;19;34
K690;Brooklyn Studio Secondary School;09-12;GEN ED;108;5;21.60;11;32
K690;Brooklyn Studio Secondary School;09-12;GEN ED;25;1;25.00;25;25
K690;Brooklyn Studio Secondary School;09-12;GEN ED;161;6;26.80;20;32
K690;Brooklyn Studio Secondary School;09-12;GEN ED;113;4;28.30;18;34
K690;Brooklyn Studio Secondary School;09-12;GEN ED;31;1;31.00;31;31
K690;Brooklyn Studio Secondary School;09-12;GEN ED;77;3;25.70;17;30
K690;Brooklyn Studio Secondary School;09-12;GEN ED;220;7;31.40;27;35
K690;Brooklyn Studio Secondary School;09-12;CTT;62;2;31.00;28;34
K690;Brooklyn Studio Secondary School;09-12;CTT;96;3;32.00;31;33
K690;Brooklyn Studio Secondary School;09-12;CTT;78;3;26.00;16;31
K690;Brooklyn Studio Secondary School;09-12;CTT;32;1;32.00;32;32
K690;Brooklyn Studio Secondary School;09-12;CTT;44;2;22.00;14;30
K690;Brooklyn Studio Secondary School;09-12;CTT;73;3;24.30;21;27
K690;Brooklyn Studio Secondary School;09-12;CTT;102;4;25.50;15;31
K690;Brooklyn Studio Secondary School;09-12;CTT;33;1;33.00;33;33
K690;Brooklyn Studio Secondary School;09-12;CTT;386;12;32.20;28;36
K690;Brooklyn Studio Secondary School;09-12;CTT;29;1;29.00;29;29
K690;Brooklyn Studio Secondary School;09-12;CTT;75;3;25.00;10;34
K690;Brooklyn Studio Secondary School;09-12;CTT;188;6;31.30;29;33
K690;Brooklyn Studio Secondary School;09-12;CTT;64;2;32.00;30;34
K690;Brooklyn Studio Secondary School;09-12;CTT;30;1;30.00;30;30
K690;Brooklyn Studio Secondary School;09-12;CTT;97;3;32.30;32;33
K690;Brooklyn Studio Secondary School;09-12;CTT;155;5;31.00;27;33
K690;Brooklyn Studio Secondary School;;;0;0;.00;0;0
