SCHOOL CODE;SCHOOL NAME;GRADE ;PROGRAM TYPE;NUMBER OF STUDENTS   SEATS FILLED;NUMBER OF SECTIONS;AVERAGE CLASS SIZE;SIZE OF SMALLEST CLASS;SIZE OF LARGEST CLASS
K691;FORT GREENE PREPARATORY ACADEMY;06;GEN ED;62;2;31.00;31;31
K691;FORT GREENE PREPARATORY ACADEMY;06;CTT;29;1;29.00;29;29
K691;FORT GREENE PREPARATORY ACADEMY;0K-09;SPEC ED;10;1;10.00;10;10
K691;FORT GREENE PREPARATORY ACADEMY;MS Core;GEN ED;69;3;23.00;22;24
K691;FORT GREENE PREPARATORY ACADEMY;MS Core;GEN ED;69;3;23.00;22;24
K691;FORT GREENE PREPARATORY ACADEMY;MS Core;GEN ED;69;3;23.00;22;24
K691;FORT GREENE PREPARATORY ACADEMY;MS Core;GEN ED;69;3;23.00;22;24
K691;FORT GREENE PREPARATORY ACADEMY;MS Core;CTT;22;1;22.00;22;22
K691;FORT GREENE PREPARATORY ACADEMY;MS Core;CTT;22;1;22.00;22;22
K691;FORT GREENE PREPARATORY ACADEMY;MS Core;CTT;22;1;22.00;22;22
K691;FORT GREENE PREPARATORY ACADEMY;MS Core;CTT;22;1;22.00;22;22
K691;FORT GREENE PREPARATORY ACADEMY;MS Core;SPEC ED;11;1;11.00;11;11
K691;FORT GREENE PREPARATORY ACADEMY;MS Core;SPEC ED;11;1;11.00;11;11
K691;FORT GREENE PREPARATORY ACADEMY;MS Core;SPEC ED;11;1;11.00;11;11
K691;FORT GREENE PREPARATORY ACADEMY;MS Core;SPEC ED;11;1;11.00;11;11
K691;FORT GREENE PREPARATORY ACADEMY;;;0;0;.00;0;0
