SCHOOL CODE;SCHOOL NAME;GRADE ;PROGRAM TYPE;NUMBER OF STUDENTS   SEATS FILLED;NUMBER OF SECTIONS;AVERAGE CLASS SIZE;SIZE OF SMALLEST CLASS;SIZE OF LARGEST CLASS
K697;Teachers Preparatory High School;06;GEN ED;46;2;23.00;22;24
K697;Teachers Preparatory High School;07;GEN ED;60;2;30.00;29;31
K697;Teachers Preparatory High School;08;GEN ED;50;2;25.00;25;25
K697;Teachers Preparatory High School;0K-09;SPEC ED;5;1;5.00;5;5
K697;Teachers Preparatory High School;0K-09;SPEC ED;4;1;4.00;4;4
K697;Teachers Preparatory High School;MS Core;GEN ED;197;10;19.70;10;31
K697;Teachers Preparatory High School;MS Core;GEN ED;156;6;26.00;22;31
K697;Teachers Preparatory High School;MS Core;GEN ED;106;4;26.50;22;31
K697;Teachers Preparatory High School;MS Core;GEN ED;155;6;25.80;22;31
K697;Teachers Preparatory High School;09-12;GEN ED;107;4;26.80;24;29
K697;Teachers Preparatory High School;09-12;GEN ED;145;6;24.20;17;32
K697;Teachers Preparatory High School;09-12;GEN ED;95;4;23.80;10;33
K697;Teachers Preparatory High School;09-12;GEN ED;79;3;26.30;21;33
K697;Teachers Preparatory High School;09-12;GEN ED;356;15;23.70;10;33
K697;Teachers Preparatory High School;09-12;GEN ED;251;10;25.10;18;31
K697;Teachers Preparatory High School;09-12;GEN ED;91;4;22.80;17;28
K697;Teachers Preparatory High School;09-12;GEN ED;113;4;28.30;21;33
K697;Teachers Preparatory High School;09-12;GEN ED;256;10;25.60;14;34
K697;Teachers Preparatory High School;09-12;GEN ED;226;8;28.30;25;32
K697;Teachers Preparatory High School;09-12;GEN ED;62;2;31.00;31;31
K697;Teachers Preparatory High School;09-12;GEN ED;20;1;20.00;20;20
K697;Teachers Preparatory High School;09-12;GEN ED;70;3;23.30;16;29
K697;Teachers Preparatory High School;09-12;GEN ED;276;11;25.10;18;32
K697;Teachers Preparatory High School;09-12;GEN ED;176;7;25.10;16;32
K697;Teachers Preparatory High School;09-12;GEN ED;67;3;22.30;12;31
K697;Teachers Preparatory High School;;;0;0;.00;0;0
