SCHOOL CODE;SCHOOL NAME;GRADE ;PROGRAM TYPE;NUMBER OF STUDENTS   SEATS FILLED;NUMBER OF SECTIONS;AVERAGE CLASS SIZE;SIZE OF SMALLEST CLASS;SIZE OF LARGEST CLASS
K698;South Brooklyn Community High School;09-12;GEN ED;55;3;18.30;16;21
K698;South Brooklyn Community High School;09-12;GEN ED;54;3;18.00;13;24
K698;South Brooklyn Community High School;09-12;GEN ED;26;1;26.00;26;26
K698;South Brooklyn Community High School;09-12;GEN ED;13;1;13.00;13;13
K698;South Brooklyn Community High School;09-12;GEN ED;73;5;14.60;11;22
K698;South Brooklyn Community High School;09-12;GEN ED;29;2;14.50;10;19
K698;South Brooklyn Community High School;09-12;GEN ED;100;6;16.70;10;22
K698;South Brooklyn Community High School;09-12;GEN ED;60;3;20.00;18;24
K698;South Brooklyn Community High School;09-12;GEN ED;46;2;23.00;21;25
K698;South Brooklyn Community High School;09-12;GEN ED;27;1;27.00;27;27
K698;South Brooklyn Community High School;;;0;0;.00;0;0
