SCHOOL CODE;SCHOOL NAME;GRADE ;PROGRAM TYPE;NUMBER OF STUDENTS   SEATS FILLED;NUMBER OF SECTIONS;AVERAGE CLASS SIZE;SIZE OF SMALLEST CLASS;SIZE OF LARGEST CLASS
K728;Liberation Diploma Plus;09-12;GEN ED;12;1;12.00;12;12
K728;Liberation Diploma Plus;09-12;GEN ED;104;6;17.30;14;21
K728;Liberation Diploma Plus;09-12;GEN ED;15;1;15.00;15;15
K728;Liberation Diploma Plus;09-12;GEN ED;12;1;12.00;12;12
K728;Liberation Diploma Plus;09-12;GEN ED;50;3;16.70;15;18
K728;Liberation Diploma Plus;09-12;GEN ED;40;3;13.30;10;16
K728;Liberation Diploma Plus;09-12;GEN ED;43;2;21.50;18;25
K728;Liberation Diploma Plus;;;0;0;.00;0;0
