SCHOOL CODE;SCHOOL NAME;GRADE ;PROGRAM TYPE;NUMBER OF STUDENTS   SEATS FILLED;NUMBER OF SECTIONS;AVERAGE CLASS SIZE;SIZE OF SMALLEST CLASS;SIZE OF LARGEST CLASS
K751;ACADEMY FOR HEALTH CAREERS;09;GEN ED;79;6;13.20;5;18
K751;ACADEMY FOR HEALTH CAREERS;09-12;GEN ED;77;4;19.30;16;22
K751;ACADEMY FOR HEALTH CAREERS;09-12;GEN ED;59;3;19.70;16;22
K751;ACADEMY FOR HEALTH CAREERS;09-12;GEN ED;59;3;19.70;16;22
K751;ACADEMY FOR HEALTH CAREERS;09-12;GEN ED;59;3;19.70;16;22
K751;ACADEMY FOR HEALTH CAREERS;09-12;CTT;23;1;23.00;23;23
K751;ACADEMY FOR HEALTH CAREERS;09-12;CTT;23;1;23.00;23;23
K751;ACADEMY FOR HEALTH CAREERS;09-12;CTT;23;1;23.00;23;23
K751;ACADEMY FOR HEALTH CAREERS;;;0;0;.00;0;0
