SCHOOL CODE;SCHOOL NAME;GRADE ;PROGRAM TYPE;NUMBER OF STUDENTS   SEATS FILLED;NUMBER OF SECTIONS;AVERAGE CLASS SIZE;SIZE OF SMALLEST CLASS;SIZE OF LARGEST CLASS
K821;Sunset Park Prep;06;GEN ED;137;5;27.40;25;29
K821;Sunset Park Prep;06;CTT;22;1;22.00;22;22
K821;Sunset Park Prep;07;GEN ED;139;5;27.80;26;29
K821;Sunset Park Prep;07;CTT;20;1;20.00;20;20
K821;Sunset Park Prep;08;GEN ED;135;5;27.00;22;32
K821;Sunset Park Prep;08;CTT;22;1;22.00;22;22
K821;Sunset Park Prep;0K-09;SPEC ED;28;3;9.30;5;12
K821;Sunset Park Prep;MS Core;GEN ED;411;15;27.40;22;32
K821;Sunset Park Prep;MS Core;GEN ED;347;13;26.70;22;29
K821;Sunset Park Prep;MS Core;GEN ED;64;2;32.00;32;32
K821;Sunset Park Prep;MS Core;GEN ED;347;13;26.70;22;29
K821;Sunset Park Prep;MS Core;GEN ED;64;2;32.00;32;32
K821;Sunset Park Prep;MS Core;GEN ED;411;15;27.40;22;32
K821;Sunset Park Prep;MS Core;CTT;64;3;21.30;20;22
K821;Sunset Park Prep;MS Core;CTT;64;3;21.30;20;22
K821;Sunset Park Prep;MS Core;CTT;64;3;21.30;20;22
K821;Sunset Park Prep;MS Core;CTT;64;3;21.30;20;22
K821;Sunset Park Prep;MS Core;SPEC ED;22;2;11.00;10;12
K821;Sunset Park Prep;MS Core;SPEC ED;22;2;11.00;10;12
K821;Sunset Park Prep;MS Core;SPEC ED;22;2;11.00;10;12
K821;Sunset Park Prep;MS Core;SPEC ED;22;2;11.00;10;12
K821;Sunset Park Prep;;;0;0;.00;0;0
