SCHOOL CODE;SCHOOL NAME;GRADE ;PROGRAM TYPE;NUMBER OF STUDENTS   SEATS FILLED;NUMBER OF SECTIONS;AVERAGE CLASS SIZE;SIZE OF SMALLEST CLASS;SIZE OF LARGEST CLASS
M001;P.S. 001 Alfred E. Smith;0K;GEN ED;65;3;21.70;21;23
M001;P.S. 001 Alfred E. Smith;01;GEN ED;81;4;20.30;20;21
M001;P.S. 001 Alfred E. Smith;02;GEN ED;53;3;17.70;17;18
M001;P.S. 001 Alfred E. Smith;02;CTT;22;1;22.00;22;22
M001;P.S. 001 Alfred E. Smith;03;GEN ED;57;3;19.00;19;19
M001;P.S. 001 Alfred E. Smith;03;CTT;18;1;18.00;18;18
M001;P.S. 001 Alfred E. Smith;04;GEN ED;65;3;21.70;20;23
M001;P.S. 001 Alfred E. Smith;05;GEN ED;86;3;28.70;27;30
M001;P.S. 001 Alfred E. Smith;0K-09;SPEC ED;24;2;12.00;11;13
M001;P.S. 001 Alfred E. Smith;;;0;0;.00;0;0
