SCHOOL CODE;SCHOOL NAME;GRADE ;PROGRAM TYPE;NUMBER OF STUDENTS   SEATS FILLED;NUMBER OF SECTIONS;AVERAGE CLASS SIZE;SIZE OF SMALLEST CLASS;SIZE OF LARGEST CLASS
M002;P.S. 002 Meyer London;0K;GEN ED;102;5;20.40;19;22
M002;P.S. 002 Meyer London;0K;CTT;21;1;21.00;21;21
M002;P.S. 002 Meyer London;01;GEN ED;102;5;20.40;19;22
M002;P.S. 002 Meyer London;01;CTT;20;1;20.00;20;20
M002;P.S. 002 Meyer London;02;GEN ED;114;5;22.80;20;24
M002;P.S. 002 Meyer London;02;CTT;23;1;23.00;23;23
M002;P.S. 002 Meyer London;03;GEN ED;111;5;22.20;21;25
M002;P.S. 002 Meyer London;03;CTT;21;1;21.00;21;21
M002;P.S. 002 Meyer London;04;GEN ED;111;5;22.20;19;24
M002;P.S. 002 Meyer London;04;CTT;24;1;24.00;24;24
M002;P.S. 002 Meyer London;05;GEN ED;114;4;28.50;23;31
M002;P.S. 002 Meyer London;05;CTT;25;1;25.00;25;25
M002;P.S. 002 Meyer London;0K-09;SPEC ED;21;2;10.50;10;11
M002;P.S. 002 Meyer London;;;0;0;.00;0;0
