SCHOOL CODE;SCHOOL NAME;GRADE ;PROGRAM TYPE;NUMBER OF STUDENTS   SEATS FILLED;NUMBER OF SECTIONS;AVERAGE CLASS SIZE;SIZE OF SMALLEST CLASS;SIZE OF LARGEST CLASS
M003;P.S. 003 Charrette School;01;GEN ED;23;1;23.00;23;23
M003;P.S. 003 Charrette School;04;GEN ED;31;1;31.00;31;31
M003;P.S. 003 Charrette School;04;CTT;31;1;31.00;31;31
M003;P.S. 003 Charrette School;05;GEN ED;59;2;29.50;29;30
M003;P.S. 003 Charrette School;05;CTT;26;1;26.00;26;26
M003;P.S. 003 Charrette School;0K-09;SPEC ED;21;2;10.50;9;12
M003;P.S. 003 Charrette School;;;0;0;.00;0;0
