SCHOOL CODE;SCHOOL NAME;GRADE ;PROGRAM TYPE;NUMBER OF STUDENTS   SEATS FILLED;NUMBER OF SECTIONS;AVERAGE CLASS SIZE;SIZE OF SMALLEST CLASS;SIZE OF LARGEST CLASS
M004;P.S. 004 Duke Ellington;0K;GEN ED;108;4;27.00;26;28
M004;P.S. 004 Duke Ellington;01;GEN ED;101;4;25.30;21;30
M004;P.S. 004 Duke Ellington;02;GEN ED;109;5;21.80;18;24
M004;P.S. 004 Duke Ellington;03;GEN ED;86;3;28.70;25;31
M004;P.S. 004 Duke Ellington;03;CTT;31;1;31.00;31;31
M004;P.S. 004 Duke Ellington;04;GEN ED;58;2;29.00;26;32
M004;P.S. 004 Duke Ellington;04;CTT;57;2;28.50;27;30
M004;P.S. 004 Duke Ellington;05;GEN ED;69;3;23.00;21;24
M004;P.S. 004 Duke Ellington;05;CTT;23;1;23.00;23;23
M004;P.S. 004 Duke Ellington;0K-09;SPEC ED;26;3;8.70;4;11
M004;P.S. 004 Duke Ellington;;;0;0;.00;0;0
