SCHOOL CODE;SCHOOL NAME;GRADE ;PROGRAM TYPE;NUMBER OF STUDENTS   SEATS FILLED;NUMBER OF SECTIONS;AVERAGE CLASS SIZE;SIZE OF SMALLEST CLASS;SIZE OF LARGEST CLASS
M005;P.S. 005 Ellen Lurie;0K;GEN ED;112;5;22.40;20;24
M005;P.S. 005 Ellen Lurie;01;GEN ED;102;4;25.50;19;29
M005;P.S. 005 Ellen Lurie;02;GEN ED;117;5;23.40;21;25
M005;P.S. 005 Ellen Lurie;03;GEN ED;115;4;28.80;22;32
M005;P.S. 005 Ellen Lurie;03;CTT;23;1;23.00;23;23
M005;P.S. 005 Ellen Lurie;04;GEN ED;104;4;26.00;18;31
M005;P.S. 005 Ellen Lurie;04;CTT;28;1;28.00;28;28
M005;P.S. 005 Ellen Lurie;05;GEN ED;63;3;21.00;20;22
M005;P.S. 005 Ellen Lurie;05;CTT;23;1;23.00;23;23
M005;P.S. 005 Ellen Lurie;0K-09;SPEC ED;42;4;10.50;9;12
M005;P.S. 005 Ellen Lurie;;;0;0;.00;0;0
