SCHOOL CODE;SCHOOL NAME;GRADE ;PROGRAM TYPE;NUMBER OF STUDENTS   SEATS FILLED;NUMBER OF SECTIONS;AVERAGE CLASS SIZE;SIZE OF SMALLEST CLASS;SIZE OF LARGEST CLASS
M006;P.S. 006 Lillie D. Blake;0K;GEN ED;133;5;26.60;26;27
M006;P.S. 006 Lillie D. Blake;0K;CTT;27;1;27.00;27;27
M006;P.S. 006 Lillie D. Blake;01;GEN ED;102;4;25.50;25;26
M006;P.S. 006 Lillie D. Blake;01;CTT;24;1;24.00;24;24
M006;P.S. 006 Lillie D. Blake;02;GEN ED;100;4;25.00;24;26
M006;P.S. 006 Lillie D. Blake;02;CTT;51;2;25.50;25;26
M006;P.S. 006 Lillie D. Blake;03;GEN ED;84;3;28.00;27;29
M006;P.S. 006 Lillie D. Blake;03;CTT;51;2;25.50;25;26
M006;P.S. 006 Lillie D. Blake;04;GEN ED;87;3;29.00;29;29
M006;P.S. 006 Lillie D. Blake;04;CTT;29;1;29.00;29;29
M006;P.S. 006 Lillie D. Blake;05;GEN ED;88;3;29.30;29;30
M006;P.S. 006 Lillie D. Blake;05;CTT;28;1;28.00;28;28
M006;P.S. 006 Lillie D. Blake;0K-09;SPEC ED;12;1;12.00;12;12
M006;P.S. 006 Lillie D. Blake;;;0;0;.00;0;0
