SCHOOL CODE;SCHOOL NAME;GRADE ;PROGRAM TYPE;NUMBER OF STUDENTS   SEATS FILLED;NUMBER OF SECTIONS;AVERAGE CLASS SIZE;SIZE OF SMALLEST CLASS;SIZE OF LARGEST CLASS
M007;P.S. 007 Samuel Stern;0K;GEN ED;44;2;22.00;21;23
M007;P.S. 007 Samuel Stern;01;GEN ED;24;1;24.00;24;24
M007;P.S. 007 Samuel Stern;01;CTT;24;1;24.00;24;24
M007;P.S. 007 Samuel Stern;02;GEN ED;34;2;17.00;17;17
M007;P.S. 007 Samuel Stern;03;GEN ED;53;2;26.50;26;27
M007;P.S. 007 Samuel Stern;04;GEN ED;40;2;20.00;20;20
M007;P.S. 007 Samuel Stern;05;GEN ED;46;2;23.00;22;24
M007;P.S. 007 Samuel Stern;06;GEN ED;36;2;18.00;17;19
M007;P.S. 007 Samuel Stern;07;GEN ED;36;2;18.00;15;21
M007;P.S. 007 Samuel Stern;08;GEN ED;44;2;22.00;22;22
M007;P.S. 007 Samuel Stern;0K-09;SPEC ED;20;2;10.00;9;11
M007;P.S. 007 Samuel Stern;MS Core;GEN ED;110;6;18.30;15;21
M007;P.S. 007 Samuel Stern;MS Core;GEN ED;110;6;18.30;15;21
M007;P.S. 007 Samuel Stern;MS Core;GEN ED;110;6;18.30;15;21
M007;P.S. 007 Samuel Stern;MS Core;GEN ED;110;6;18.30;15;21
M007;P.S. 007 Samuel Stern;MS Core;SPEC ED;11;1;11.00;11;11
M007;P.S. 007 Samuel Stern;MS Core;SPEC ED;11;1;11.00;11;11
M007;P.S. 007 Samuel Stern;MS Core;SPEC ED;11;1;11.00;11;11
M007;P.S. 007 Samuel Stern;MS Core;SPEC ED;11;1;11.00;11;11
M007;P.S. 007 Samuel Stern;;;0;0;.00;0;0
