SCHOOL CODE;SCHOOL NAME;GRADE ;PROGRAM TYPE;NUMBER OF STUDENTS   SEATS FILLED;NUMBER OF SECTIONS;AVERAGE CLASS SIZE;SIZE OF SMALLEST CLASS;SIZE OF LARGEST CLASS
M008;P.S. 008 Luis Belliard;0K;GEN ED;73;3;24.30;24;25
M008;P.S. 008 Luis Belliard;01;GEN ED;88;4;22.00;22;22
M008;P.S. 008 Luis Belliard;01;CTT;23;1;23.00;23;23
M008;P.S. 008 Luis Belliard;02;GEN ED;82;4;20.50;20;21
M008;P.S. 008 Luis Belliard;03;GEN ED;78;3;26.00;25;27
M008;P.S. 008 Luis Belliard;04;GEN ED;76;3;25.30;22;29
M008;P.S. 008 Luis Belliard;05;GEN ED;52;2;26.00;25;27
M008;P.S. 008 Luis Belliard;05;CTT;25;1;25.00;25;25
M008;P.S. 008 Luis Belliard;0K-09;SPEC ED;30;3;10.00;8;12
M008;P.S. 008 Luis Belliard;;;0;0;.00;0;0
