SCHOOL CODE;SCHOOL NAME;GRADE ;PROGRAM TYPE;NUMBER OF STUDENTS   SEATS FILLED;NUMBER OF SECTIONS;AVERAGE CLASS SIZE;SIZE OF SMALLEST CLASS;SIZE OF LARGEST CLASS
M009;P.S. 009 Sarah Anderson;0K;GEN ED;43;2;21.50;21;22
M009;P.S. 009 Sarah Anderson;0K;CTT;20;1;20.00;20;20
M009;P.S. 009 Sarah Anderson;0K;G&T;44;2;22.00;21;23
M009;P.S. 009 Sarah Anderson;01;GEN ED;48;2;24.00;23;25
M009;P.S. 009 Sarah Anderson;01;CTT;22;1;22.00;22;22
M009;P.S. 009 Sarah Anderson;01;G&T;52;2;26.00;26;26
M009;P.S. 009 Sarah Anderson;02;GEN ED;26;1;26.00;26;26
M009;P.S. 009 Sarah Anderson;02;CTT;25;1;25.00;25;25
M009;P.S. 009 Sarah Anderson;02;G&T;26;1;26.00;26;26
M009;P.S. 009 Sarah Anderson;03;GEN ED;39;2;19.50;17;22
M009;P.S. 009 Sarah Anderson;03;G&T;52;2;26.00;25;27
M009;P.S. 009 Sarah Anderson;04;GEN ED;41;2;20.50;20;21
M009;P.S. 009 Sarah Anderson;04;G&T;49;2;24.50;24;25
M009;P.S. 009 Sarah Anderson;05;GEN ED;25;1;25.00;25;25
M009;P.S. 009 Sarah Anderson;05;G&T;44;2;22.00;21;23
M009;P.S. 009 Sarah Anderson;;;0;0;.00;0;0
