SCHOOL CODE;SCHOOL NAME;GRADE ;PROGRAM TYPE;NUMBER OF STUDENTS   SEATS FILLED;NUMBER OF SECTIONS;AVERAGE CLASS SIZE;SIZE OF SMALLEST CLASS;SIZE OF LARGEST CLASS
M011;P.S. 011 William T. Harris;0K;GEN ED;63;3;21.00;21;21
M011;P.S. 011 William T. Harris;0K;CTT;22;1;22.00;22;22
M011;P.S. 011 William T. Harris;0K;G&T;42;2;21.00;21;21
M011;P.S. 011 William T. Harris;01;GEN ED;41;2;20.50;20;21
M011;P.S. 011 William T. Harris;01;CTT;24;1;24.00;24;24
M011;P.S. 011 William T. Harris;01;G&T;41;2;20.50;20;21
M011;P.S. 011 William T. Harris;02;GEN ED;40;2;20.00;19;21
M011;P.S. 011 William T. Harris;02;CTT;22;1;22.00;22;22
M011;P.S. 011 William T. Harris;02;G&T;40;2;20.00;20;20
M011;P.S. 011 William T. Harris;03;GEN ED;22;1;22.00;22;22
M011;P.S. 011 William T. Harris;03;CTT;26;1;26.00;26;26
M011;P.S. 011 William T. Harris;03;G&T;43;2;21.50;21;22
M011;P.S. 011 William T. Harris;04;GEN ED;40;2;20.00;19;21
M011;P.S. 011 William T. Harris;04;CTT;24;1;24.00;24;24
M011;P.S. 011 William T. Harris;04;G&T;19;1;19.00;19;19
M011;P.S. 011 William T. Harris;05;GEN ED;22;1;22.00;22;22
M011;P.S. 011 William T. Harris;05;CTT;24;1;24.00;24;24
M011;P.S. 011 William T. Harris;05;G&T;34;2;17.00;16;18
M011;P.S. 011 William T. Harris;0K-09;SPEC ED;13;1;13.00;13;13
M011;P.S. 011 William T. Harris;0K-09;SPEC ED;13;1;13.00;13;13
M011;P.S. 011 William T. Harris;;;0;0;.00;0;0
