SCHOOL CODE;SCHOOL NAME;GRADE ;PROGRAM TYPE;NUMBER OF STUDENTS   SEATS FILLED;NUMBER OF SECTIONS;AVERAGE CLASS SIZE;SIZE OF SMALLEST CLASS;SIZE OF LARGEST CLASS
M012;Tag Young Scholars;0K;GEN ED;52;2;26.00;25;27
M012;Tag Young Scholars;0K;G&T;25;1;25.00;25;25
M012;Tag Young Scholars;01;GEN ED;58;2;29.00;28;30
M012;Tag Young Scholars;02;GEN ED;47;2;23.50;23;24
M012;Tag Young Scholars;03;GEN ED;58;2;29.00;28;30
M012;Tag Young Scholars;04;GEN ED;56;2;28.00;27;29
M012;Tag Young Scholars;05;GEN ED;28;1;28.00;28;28
M012;Tag Young Scholars;05;G&T;31;1;31.00;31;31
M012;Tag Young Scholars;06;GEN ED;51;2;25.50;25;26
M012;Tag Young Scholars;07;GEN ED;44;2;22.00;22;22
M012;Tag Young Scholars;08;GEN ED;55;2;27.50;27;28
M012;Tag Young Scholars;MS Core;GEN ED;148;4;37.00;26;51
M012;Tag Young Scholars;MS Core;GEN ED;94;2;47.00;43;51
M012;Tag Young Scholars;MS Core;GEN ED;54;1;54.00;54;54
M012;Tag Young Scholars;MS Core;GEN ED;94;2;47.00;43;51
M012;Tag Young Scholars;MS Core;GEN ED;54;1;54.00;54;54
M012;Tag Young Scholars;MS Core;GEN ED;94;2;47.00;43;51
M012;Tag Young Scholars;MS Core;GEN ED;54;2;27.00;26;28
M012;Tag Young Scholars;;;0;0;.00;0;0
