SCHOOL CODE;SCHOOL NAME;GRADE ;PROGRAM TYPE;NUMBER OF STUDENTS   SEATS FILLED;NUMBER OF SECTIONS;AVERAGE CLASS SIZE;SIZE OF SMALLEST CLASS;SIZE OF LARGEST CLASS
M013;J.H.S. 013 Jackie Robinson;06;GEN ED;43;2;21.50;19;24
M013;J.H.S. 013 Jackie Robinson;06;CTT;19;1;19.00;19;19
M013;J.H.S. 013 Jackie Robinson;07;GEN ED;56;2;28.00;28;28
M013;J.H.S. 013 Jackie Robinson;07;CTT;26;1;26.00;26;26
M013;J.H.S. 013 Jackie Robinson;08;GEN ED;55;2;27.50;27;28
M013;J.H.S. 013 Jackie Robinson;08;CTT;27;1;27.00;27;27
M013;J.H.S. 013 Jackie Robinson;0K-09;SPEC ED;31;3;10.30;10;11
M013;J.H.S. 013 Jackie Robinson;MS Core;GEN ED;160;6;26.70;20;30
M013;J.H.S. 013 Jackie Robinson;MS Core;GEN ED;160;6;26.70;20;30
M013;J.H.S. 013 Jackie Robinson;MS Core;GEN ED;131;5;26.20;20;30
M013;J.H.S. 013 Jackie Robinson;MS Core;GEN ED;29;1;29.00;29;29
M013;J.H.S. 013 Jackie Robinson;MS Core;GEN ED;107;4;26.80;20;30
M013;J.H.S. 013 Jackie Robinson;MS Core;CTT;75;3;25.00;19;30
M013;J.H.S. 013 Jackie Robinson;MS Core;CTT;74;3;24.70;19;29
M013;J.H.S. 013 Jackie Robinson;MS Core;CTT;75;3;25.00;19;30
M013;J.H.S. 013 Jackie Robinson;MS Core;CTT;49;2;24.50;19;30
M013;J.H.S. 013 Jackie Robinson;MS Core;SPEC ED;31;3;10.30;10;11
M013;J.H.S. 013 Jackie Robinson;MS Core;SPEC ED;31;3;10.30;10;11
M013;J.H.S. 013 Jackie Robinson;MS Core;SPEC ED;31;3;10.30;10;11
M013;J.H.S. 013 Jackie Robinson;MS Core;SPEC ED;21;2;10.50;10;11
M013;J.H.S. 013 Jackie Robinson;MS Core;SPEC ED;10;1;10.00;10;10
M013;J.H.S. 013 Jackie Robinson;;;0;0;.00;0;0
