SCHOOL CODE;SCHOOL NAME;GRADE ;PROGRAM TYPE;NUMBER OF STUDENTS   SEATS FILLED;NUMBER OF SECTIONS;AVERAGE CLASS SIZE;SIZE OF SMALLEST CLASS;SIZE OF LARGEST CLASS
M015;P.S. 015 Roberto Clemente;0K;GEN ED;19;1;19.00;19;19
M015;P.S. 015 Roberto Clemente;0K;CTT;21;1;21.00;21;21
M015;P.S. 015 Roberto Clemente;01;GEN ED;17;1;17.00;17;17
M015;P.S. 015 Roberto Clemente;01;CTT;17;1;17.00;17;17
M015;P.S. 015 Roberto Clemente;02;GEN ED;15;1;15.00;15;15
M015;P.S. 015 Roberto Clemente;02;CTT;17;1;17.00;17;17
M015;P.S. 015 Roberto Clemente;03;GEN ED;12;1;12.00;12;12
M015;P.S. 015 Roberto Clemente;03;CTT;15;1;15.00;15;15
M015;P.S. 015 Roberto Clemente;04;GEN ED;26;2;13.00;12;14
M015;P.S. 015 Roberto Clemente;05;GEN ED;27;1;27.00;27;27
M015;P.S. 015 Roberto Clemente;0K-09;SPEC ED;9;1;9.00;9;9
M015;P.S. 015 Roberto Clemente;;;0;0;.00;0;0
