SCHOOL CODE;SCHOOL NAME;GRADE ;PROGRAM TYPE;NUMBER OF STUDENTS   SEATS FILLED;NUMBER OF SECTIONS;AVERAGE CLASS SIZE;SIZE OF SMALLEST CLASS;SIZE OF LARGEST CLASS
M018;P.S. 018 Park Terrace;0K;GEN ED;39;2;19.50;19;20
M018;P.S. 018 Park Terrace;01;GEN ED;41;2;20.50;20;21
M018;P.S. 018 Park Terrace;02;GEN ED;28;2;14.00;12;16
M018;P.S. 018 Park Terrace;03;GEN ED;40;2;20.00;20;20
M018;P.S. 018 Park Terrace;04;GEN ED;44;2;22.00;22;22
M018;P.S. 018 Park Terrace;05;GEN ED;48;2;24.00;24;24
M018;P.S. 018 Park Terrace;06;GEN ED;47;2;23.50;23;24
M018;P.S. 018 Park Terrace;07;GEN ED;51;2;25.50;25;26
M018;P.S. 018 Park Terrace;08;GEN ED;54;2;27.00;27;27
M018;P.S. 018 Park Terrace;0K-09;SPEC ED;23;2;11.50;11;12
M018;P.S. 018 Park Terrace;MS Core;GEN ED;94;4;23.50;18;27
M018;P.S. 018 Park Terrace;MS Core;GEN ED;120;5;24.00;18;27
M018;P.S. 018 Park Terrace;MS Core;GEN ED;120;5;24.00;18;27
M018;P.S. 018 Park Terrace;MS Core;GEN ED;120;5;24.00;18;27
M018;P.S. 018 Park Terrace;MS Core;CTT;31;1;31.00;31;31
M018;P.S. 018 Park Terrace;MS Core;CTT;31;1;31.00;31;31
M018;P.S. 018 Park Terrace;MS Core;CTT;31;1;31.00;31;31
M018;P.S. 018 Park Terrace;MS Core;CTT;31;1;31.00;31;31
M018;P.S. 018 Park Terrace;;;0;0;.00;0;0
