SCHOOL CODE;SCHOOL NAME;GRADE ;PROGRAM TYPE;NUMBER OF STUDENTS   SEATS FILLED;NUMBER OF SECTIONS;AVERAGE CLASS SIZE;SIZE OF SMALLEST CLASS;SIZE OF LARGEST CLASS
M019;P.S. 019 Asher Levy;0K;GEN ED;39;2;19.50;18;21
M019;P.S. 019 Asher Levy;0K;CTT;12;1;12.00;12;12
M019;P.S. 019 Asher Levy;01;GEN ED;39;2;19.50;19;20
M019;P.S. 019 Asher Levy;01;CTT;13;1;13.00;13;13
M019;P.S. 019 Asher Levy;02;GEN ED;46;2;23.00;22;24
M019;P.S. 019 Asher Levy;03;GEN ED;35;2;17.50;17;18
M019;P.S. 019 Asher Levy;04;GEN ED;22;1;22.00;22;22
M019;P.S. 019 Asher Levy;04;CTT;24;1;24.00;24;24
M019;P.S. 019 Asher Levy;05;GEN ED;22;1;22.00;22;22
M019;P.S. 019 Asher Levy;05;CTT;21;1;21.00;21;21
M019;P.S. 019 Asher Levy;0K-09;SPEC ED;7;1;7.00;7;7
M019;P.S. 019 Asher Levy;0K-09;SPEC ED;11;1;11.00;11;11
M019;P.S. 019 Asher Levy;;;0;0;.00;0;0
