SCHOOL CODE;SCHOOL NAME;GRADE ;PROGRAM TYPE;NUMBER OF STUDENTS   SEATS FILLED;NUMBER OF SECTIONS;AVERAGE CLASS SIZE;SIZE OF SMALLEST CLASS;SIZE OF LARGEST CLASS
M020;P.S. 020 Anna Silver;0K;GEN ED;89;4;22.30;20;23
M020;P.S. 020 Anna Silver;0K;CTT;22;1;22.00;22;22
M020;P.S. 020 Anna Silver;01;GEN ED;69;3;23.00;22;24
M020;P.S. 020 Anna Silver;01;CTT;21;1;21.00;21;21
M020;P.S. 020 Anna Silver;02;GEN ED;55;3;18.30;16;21
M020;P.S. 020 Anna Silver;02;CTT;22;1;22.00;22;22
M020;P.S. 020 Anna Silver;03;GEN ED;57;3;19.00;17;20
M020;P.S. 020 Anna Silver;03;CTT;22;1;22.00;22;22
M020;P.S. 020 Anna Silver;04;GEN ED;70;3;23.30;23;24
M020;P.S. 020 Anna Silver;04;CTT;24;1;24.00;24;24
M020;P.S. 020 Anna Silver;05;GEN ED;57;2;28.50;28;29
M020;P.S. 020 Anna Silver;05;CTT;29;1;29.00;29;29
M020;P.S. 020 Anna Silver;0K-09;SPEC ED;34;3;11.30;11;12
M020;P.S. 020 Anna Silver;;;0;0;.00;0;0
