SCHOOL CODE;SCHOOL NAME;GRADE ;PROGRAM TYPE;NUMBER OF STUDENTS   SEATS FILLED;NUMBER OF SECTIONS;AVERAGE CLASS SIZE;SIZE OF SMALLEST CLASS;SIZE OF LARGEST CLASS
M028;P.S. 028 Wright Brothers;0K;GEN ED;116;5;23.20;21;25
M028;P.S. 028 Wright Brothers;0K;CTT;25;1;25.00;25;25
M028;P.S. 028 Wright Brothers;01;GEN ED;120;5;24.00;22;27
M028;P.S. 028 Wright Brothers;01;CTT;20;1;20.00;20;20
M028;P.S. 028 Wright Brothers;02;GEN ED;114;5;22.80;20;24
M028;P.S. 028 Wright Brothers;02;CTT;29;1;29.00;29;29
M028;P.S. 028 Wright Brothers;03;GEN ED;124;5;24.80;24;26
M028;P.S. 028 Wright Brothers;03;CTT;29;1;29.00;29;29
M028;P.S. 028 Wright Brothers;04;GEN ED;127;5;25.40;22;29
M028;P.S. 028 Wright Brothers;05;GEN ED;69;3;23.00;20;29
M028;P.S. 028 Wright Brothers;05;CTT;21;1;21.00;21;21
M028;P.S. 028 Wright Brothers;0K-09;SPEC ED;43;4;10.80;8;12
M028;P.S. 028 Wright Brothers;;;0;0;.00;0;0
