SCHOOL CODE;SCHOOL NAME;GRADE ;PROGRAM TYPE;NUMBER OF STUDENTS   SEATS FILLED;NUMBER OF SECTIONS;AVERAGE CLASS SIZE;SIZE OF SMALLEST CLASS;SIZE OF LARGEST CLASS
M030;P.S. 030 Hernandez/Hughes;0K;GEN ED;16;1;16.00;16;16
M030;P.S. 030 Hernandez/Hughes;0K;CTT;23;1;23.00;23;23
M030;P.S. 030 Hernandez/Hughes;01;GEN ED;39;2;19.50;19;20
M030;P.S. 030 Hernandez/Hughes;02;GEN ED;21;1;21.00;21;21
M030;P.S. 030 Hernandez/Hughes;02;CTT;17;1;17.00;17;17
M030;P.S. 030 Hernandez/Hughes;03;CTT;31;1;31.00;31;31
M030;P.S. 030 Hernandez/Hughes;04;GEN ED;19;1;19.00;19;19
M030;P.S. 030 Hernandez/Hughes;04;CTT;18;1;18.00;18;18
M030;P.S. 030 Hernandez/Hughes;05;GEN ED;17;1;17.00;17;17
M030;P.S. 030 Hernandez/Hughes;05;CTT;20;1;20.00;20;20
M030;P.S. 030 Hernandez/Hughes;0K-09;SPEC ED;42;4;10.50;9;11
M030;P.S. 030 Hernandez/Hughes;;;0;0;.00;0;0
