SCHOOL CODE;SCHOOL NAME;GRADE ;PROGRAM TYPE;NUMBER OF STUDENTS   SEATS FILLED;NUMBER OF SECTIONS;AVERAGE CLASS SIZE;SIZE OF SMALLEST CLASS;SIZE OF LARGEST CLASS
M033;P.S. 033 Chelsea Prep;0K;GEN ED;44;2;22.00;22;22
M033;P.S. 033 Chelsea Prep;0K;G&T;20;1;20.00;20;20
M033;P.S. 033 Chelsea Prep;01;GEN ED;47;3;15.70;14;17
M033;P.S. 033 Chelsea Prep;01;G&T;15;1;15.00;15;15
M033;P.S. 033 Chelsea Prep;02;GEN ED;23;1;23.00;23;23
M033;P.S. 033 Chelsea Prep;02;CTT;22;1;22.00;22;22
M033;P.S. 033 Chelsea Prep;03;GEN ED;47;2;23.50;23;24
M033;P.S. 033 Chelsea Prep;04;GEN ED;36;2;18.00;18;18
M033;P.S. 033 Chelsea Prep;05;GEN ED;48;2;24.00;23;25
M033;P.S. 033 Chelsea Prep;0K-09;SPEC ED;11;2;5.50;2;9
M033;P.S. 033 Chelsea Prep;0K-09;SPEC ED;7;1;7.00;7;7
M033;P.S. 033 Chelsea Prep;;;0;0;.00;0;0
