SCHOOL CODE;SCHOOL NAME;GRADE ;PROGRAM TYPE;NUMBER OF STUDENTS   SEATS FILLED;NUMBER OF SECTIONS;AVERAGE CLASS SIZE;SIZE OF SMALLEST CLASS;SIZE OF LARGEST CLASS
M034;P.S. 034 Franklin D. Roosevelt;0K;GEN ED;26;2;13.00;12;14
M034;P.S. 034 Franklin D. Roosevelt;01;GEN ED;16;1;16.00;16;16
M034;P.S. 034 Franklin D. Roosevelt;01;CTT;14;1;14.00;14;14
M034;P.S. 034 Franklin D. Roosevelt;02;GEN ED;24;1;24.00;24;24
M034;P.S. 034 Franklin D. Roosevelt;02;CTT;20;1;20.00;20;20
M034;P.S. 034 Franklin D. Roosevelt;03;GEN ED;15;1;15.00;15;15
M034;P.S. 034 Franklin D. Roosevelt;03;CTT;14;1;14.00;14;14
M034;P.S. 034 Franklin D. Roosevelt;04;GEN ED;18;1;18.00;18;18
M034;P.S. 034 Franklin D. Roosevelt;04;CTT;19;1;19.00;19;19
M034;P.S. 034 Franklin D. Roosevelt;05;GEN ED;19;1;19.00;19;19
M034;P.S. 034 Franklin D. Roosevelt;05;CTT;19;1;19.00;19;19
M034;P.S. 034 Franklin D. Roosevelt;06;GEN ED;26;1;26.00;26;26
M034;P.S. 034 Franklin D. Roosevelt;06;CTT;27;1;27.00;27;27
M034;P.S. 034 Franklin D. Roosevelt;07;GEN ED;25;1;25.00;25;25
M034;P.S. 034 Franklin D. Roosevelt;07;CTT;27;1;27.00;27;27
M034;P.S. 034 Franklin D. Roosevelt;08;GEN ED;23;1;23.00;23;23
M034;P.S. 034 Franklin D. Roosevelt;08;CTT;25;1;25.00;25;25
M034;P.S. 034 Franklin D. Roosevelt;0K-09;SPEC ED;20;2;10.00;8;12
M034;P.S. 034 Franklin D. Roosevelt;MS Core;GEN ED;76;3;25.30;25;26
M034;P.S. 034 Franklin D. Roosevelt;MS Core;GEN ED;76;3;25.30;25;26
M034;P.S. 034 Franklin D. Roosevelt;MS Core;GEN ED;76;3;25.30;25;26
M034;P.S. 034 Franklin D. Roosevelt;MS Core;GEN ED;76;3;25.30;25;26
M034;P.S. 034 Franklin D. Roosevelt;MS Core;CTT;77;3;25.70;22;28
M034;P.S. 034 Franklin D. Roosevelt;MS Core;CTT;77;3;25.70;22;28
M034;P.S. 034 Franklin D. Roosevelt;MS Core;CTT;77;3;25.70;22;28
M034;P.S. 034 Franklin D. Roosevelt;MS Core;CTT;77;3;25.70;22;28
M034;P.S. 034 Franklin D. Roosevelt;;;0;0;.00;0;0
