SCHOOL CODE;SCHOOL NAME;GRADE ;PROGRAM TYPE;NUMBER OF STUDENTS   SEATS FILLED;NUMBER OF SECTIONS;AVERAGE CLASS SIZE;SIZE OF SMALLEST CLASS;SIZE OF LARGEST CLASS
M036;P.S. 036 Margaret Douglas;0K;GEN ED;39;2;19.50;19;20
M036;P.S. 036 Margaret Douglas;0K;CTT;25;1;25.00;25;25
M036;P.S. 036 Margaret Douglas;0K;G&T;21;1;21.00;21;21
M036;P.S. 036 Margaret Douglas;01;GEN ED;51;2;25.50;24;27
M036;P.S. 036 Margaret Douglas;01;CTT;53;2;26.50;25;28
M036;P.S. 036 Margaret Douglas;01;G&T;23;1;23.00;23;23
M036;P.S. 036 Margaret Douglas;02;GEN ED;70;3;23.30;21;25
M036;P.S. 036 Margaret Douglas;02;CTT;23;1;23.00;23;23
M036;P.S. 036 Margaret Douglas;02;G&T;24;1;24.00;24;24
M036;P.S. 036 Margaret Douglas;03;GEN ED;67;3;22.30;18;25
M036;P.S. 036 Margaret Douglas;03;CTT;24;1;24.00;24;24
M036;P.S. 036 Margaret Douglas;03;G&T;24;1;24.00;24;24
M036;P.S. 036 Margaret Douglas;04;GEN ED;43;2;21.50;18;25
M036;P.S. 036 Margaret Douglas;04;CTT;21;1;21.00;21;21
M036;P.S. 036 Margaret Douglas;04;G&T;25;1;25.00;25;25
M036;P.S. 036 Margaret Douglas;0K-09;SPEC ED;36;3;12.00;12;12
M036;P.S. 036 Margaret Douglas;;;0;0;.00;0;0
