SCHOOL CODE;SCHOOL NAME;GRADE ;PROGRAM TYPE;NUMBER OF STUDENTS   SEATS FILLED;NUMBER OF SECTIONS;AVERAGE CLASS SIZE;SIZE OF SMALLEST CLASS;SIZE OF LARGEST CLASS
M037;River East Elementary;0K;GEN ED;32;2;16.00;15;17
M037;River East Elementary;01;GEN ED;21;1;21.00;21;21
M037;River East Elementary;01;CTT;24;1;24.00;24;24
M037;River East Elementary;02;GEN ED;21;1;21.00;21;21
M037;River East Elementary;02;CTT;22;1;22.00;22;22
M037;River East Elementary;03;GEN ED;17;1;17.00;17;17
M037;River East Elementary;03;CTT;24;1;24.00;24;24
M037;River East Elementary;04;GEN ED;21;1;21.00;21;21
M037;River East Elementary;04;CTT;18;1;18.00;18;18
M037;River East Elementary;05;CTT;23;1;23.00;23;23
M037;River East Elementary;;;0;0;.00;0;0
