SCHOOL CODE;SCHOOL NAME;GRADE ;PROGRAM TYPE;NUMBER OF STUDENTS   SEATS FILLED;NUMBER OF SECTIONS;AVERAGE CLASS SIZE;SIZE OF SMALLEST CLASS;SIZE OF LARGEST CLASS
M038;P.S. 38 Roberto Clemente;0K;GEN ED;20;1;20.00;20;20
M038;P.S. 38 Roberto Clemente;0K;CTT;22;1;22.00;22;22
M038;P.S. 38 Roberto Clemente;01;GEN ED;18;1;18.00;18;18
M038;P.S. 38 Roberto Clemente;01;CTT;17;1;17.00;17;17
M038;P.S. 38 Roberto Clemente;02;GEN ED;19;1;19.00;19;19
M038;P.S. 38 Roberto Clemente;02;CTT;18;1;18.00;18;18
M038;P.S. 38 Roberto Clemente;03;GEN ED;23;1;23.00;23;23
M038;P.S. 38 Roberto Clemente;03;CTT;22;1;22.00;22;22
M038;P.S. 38 Roberto Clemente;04;GEN ED;24;1;24.00;24;24
M038;P.S. 38 Roberto Clemente;04;CTT;21;1;21.00;21;21
M038;P.S. 38 Roberto Clemente;05;GEN ED;24;1;24.00;24;24
M038;P.S. 38 Roberto Clemente;05;CTT;21;1;21.00;21;21
M038;P.S. 38 Roberto Clemente;0K-09;SPEC ED;14;2;7.00;2;12
M038;P.S. 38 Roberto Clemente;;;0;0;.00;0;0
