SCHOOL CODE;SCHOOL NAME;GRADE ;PROGRAM TYPE;NUMBER OF STUDENTS   SEATS FILLED;NUMBER OF SECTIONS;AVERAGE CLASS SIZE;SIZE OF SMALLEST CLASS;SIZE OF LARGEST CLASS
M040;P.S. 040 Augustus Saint-Gaudens;0K;GEN ED;92;4;23.00;21;24
M040;P.S. 040 Augustus Saint-Gaudens;0K;CTT;25;1;25.00;25;25
M040;P.S. 040 Augustus Saint-Gaudens;01;GEN ED;75;3;25.00;24;26
M040;P.S. 040 Augustus Saint-Gaudens;01;CTT;24;1;24.00;24;24
M040;P.S. 040 Augustus Saint-Gaudens;02;GEN ED;60;3;20.00;20;20
M040;P.S. 040 Augustus Saint-Gaudens;02;CTT;24;1;24.00;24;24
M040;P.S. 040 Augustus Saint-Gaudens;03;GEN ED;58;2;29.00;29;29
M040;P.S. 040 Augustus Saint-Gaudens;03;CTT;29;1;29.00;29;29
M040;P.S. 040 Augustus Saint-Gaudens;04;GEN ED;49;2;24.50;24;25
M040;P.S. 040 Augustus Saint-Gaudens;04;CTT;26;1;26.00;26;26
M040;P.S. 040 Augustus Saint-Gaudens;05;GEN ED;53;2;26.50;26;27
M040;P.S. 040 Augustus Saint-Gaudens;05;CTT;24;1;24.00;24;24
M040;P.S. 040 Augustus Saint-Gaudens;0K-09;SPEC ED;11;1;11.00;11;11
M040;P.S. 040 Augustus Saint-Gaudens;;;0;0;.00;0;0
