SCHOOL CODE;SCHOOL NAME;GRADE ;PROGRAM TYPE;NUMBER OF STUDENTS   SEATS FILLED;NUMBER OF SECTIONS;AVERAGE CLASS SIZE;SIZE OF SMALLEST CLASS;SIZE OF LARGEST CLASS
M041;P.S. 041 Greenwich Village;0K;GEN ED;111;5;22.20;21;23
M041;P.S. 041 Greenwich Village;0K;CTT;25;1;25.00;25;25
M041;P.S. 041 Greenwich Village;01;GEN ED;127;5;25.40;24;26
M041;P.S. 041 Greenwich Village;01;CTT;26;1;26.00;26;26
M041;P.S. 041 Greenwich Village;02;GEN ED;97;4;24.30;24;25
M041;P.S. 041 Greenwich Village;02;CTT;24;1;24.00;24;24
M041;P.S. 041 Greenwich Village;03;GEN ED;92;4;23.00;21;24
M041;P.S. 041 Greenwich Village;03;CTT;24;1;24.00;24;24
M041;P.S. 041 Greenwich Village;04;GEN ED;90;3;30.00;30;30
M041;P.S. 041 Greenwich Village;04;CTT;31;1;31.00;31;31
M041;P.S. 041 Greenwich Village;05;GEN ED;81;3;27.00;26;28
M041;P.S. 041 Greenwich Village;05;CTT;26;1;26.00;26;26
M041;P.S. 041 Greenwich Village;;;0;0;.00;0;0
