SCHOOL CODE;SCHOOL NAME;GRADE ;PROGRAM TYPE;NUMBER OF STUDENTS   SEATS FILLED;NUMBER OF SECTIONS;AVERAGE CLASS SIZE;SIZE OF SMALLEST CLASS;SIZE OF LARGEST CLASS
M042;P.S. 042 Benjamin Altman;0K;GEN ED;110;5;22.00;20;24
M042;P.S. 042 Benjamin Altman;0K;CTT;22;1;22.00;22;22
M042;P.S. 042 Benjamin Altman;01;GEN ED;120;5;24.00;23;25
M042;P.S. 042 Benjamin Altman;02;GEN ED;119;5;23.80;22;25
M042;P.S. 042 Benjamin Altman;03;GEN ED;106;5;21.20;18;24
M042;P.S. 042 Benjamin Altman;04;GEN ED;95;3;31.70;31;32
M042;P.S. 042 Benjamin Altman;05;GEN ED;96;3;32.00;32;32
M042;P.S. 042 Benjamin Altman;0K-09;SPEC ED;10;1;10.00;10;10
M042;P.S. 042 Benjamin Altman;;;0;0;.00;0;0
