SCHOOL CODE;SCHOOL NAME;GRADE ;PROGRAM TYPE;NUMBER OF STUDENTS   SEATS FILLED;NUMBER OF SECTIONS;AVERAGE CLASS SIZE;SIZE OF SMALLEST CLASS;SIZE OF LARGEST CLASS
M044;J.H.S. M044 William J. O'Shea;08;CTT;36;2;18.00;16;20
M044;J.H.S. M044 William J. O'Shea;08;GEN ED;26;1;26.00;26;26
M044;J.H.S. M044 William J. O'Shea;MS Core;GEN ED;32;1;32.00;32;32
M044;J.H.S. M044 William J. O'Shea;MS Core;GEN ED;32;1;32.00;32;32
M044;J.H.S. M044 William J. O'Shea;MS Core;GEN ED;32;1;32.00;32;32
M044;J.H.S. M044 William J. O'Shea;MS Core;GEN ED;32;1;32.00;32;32
M044;J.H.S. M044 William J. O'Shea;MS Core;CTT;27;1;27.00;27;27
M044;J.H.S. M044 William J. O'Shea;MS Core;CTT;27;1;27.00;27;27
M044;J.H.S. M044 William J. O'Shea;MS Core;CTT;27;1;27.00;27;27
M044;J.H.S. M044 William J. O'Shea;MS Core;CTT;27;1;27.00;27;27
M044;J.H.S. M044 William J. O'Shea;;;0;0;.00;0;0
