SCHOOL CODE;SCHOOL NAME;GRADE ;PROGRAM TYPE;NUMBER OF STUDENTS   SEATS FILLED;NUMBER OF SECTIONS;AVERAGE CLASS SIZE;SIZE OF SMALLEST CLASS;SIZE OF LARGEST CLASS
M045;M.S. 45/S.T.A.R.S. Prep Academy;06;GEN ED;47;3;15.70;13;18
M045;M.S. 45/S.T.A.R.S. Prep Academy;06;CTT;18;1;18.00;18;18
M045;M.S. 45/S.T.A.R.S. Prep Academy;07;GEN ED;56;2;28.00;26;30
M045;M.S. 45/S.T.A.R.S. Prep Academy;07;CTT;52;2;26.00;24;28
M045;M.S. 45/S.T.A.R.S. Prep Academy;08;GEN ED;71;3;23.70;21;26
M045;M.S. 45/S.T.A.R.S. Prep Academy;08;CTT;26;1;26.00;26;26
M045;M.S. 45/S.T.A.R.S. Prep Academy;0K-09;SPEC ED;11;1;11.00;11;11
M045;M.S. 45/S.T.A.R.S. Prep Academy;0K-09;SPEC ED;21;2;10.50;8;13
M045;M.S. 45/S.T.A.R.S. Prep Academy;MS Core;GEN ED;236;12;19.70;15;30
M045;M.S. 45/S.T.A.R.S. Prep Academy;MS Core;GEN ED;176;8;22.00;15;30
M045;M.S. 45/S.T.A.R.S. Prep Academy;MS Core;GEN ED;176;8;22.00;15;30
M045;M.S. 45/S.T.A.R.S. Prep Academy;MS Core;GEN ED;167;8;20.90;15;30
M045;M.S. 45/S.T.A.R.S. Prep Academy;MS Core;CTT;122;5;24.40;18;29
M045;M.S. 45/S.T.A.R.S. Prep Academy;MS Core;CTT;86;3;28.70;28;29
M045;M.S. 45/S.T.A.R.S. Prep Academy;MS Core;CTT;86;3;28.70;28;29
M045;M.S. 45/S.T.A.R.S. Prep Academy;MS Core;CTT;95;3;31.70;29;37
M045;M.S. 45/S.T.A.R.S. Prep Academy;MS Core;SPEC ED;11;1;11.00;11;11
M045;M.S. 45/S.T.A.R.S. Prep Academy;MS Core;SPEC ED;11;1;11.00;11;11
M045;M.S. 45/S.T.A.R.S. Prep Academy;MS Core;SPEC ED;11;1;11.00;11;11
M045;M.S. 45/S.T.A.R.S. Prep Academy;MS Core;SPEC ED;11;1;11.00;11;11
M045;M.S. 45/S.T.A.R.S. Prep Academy;;;0;0;.00;0;0
