SCHOOL CODE;SCHOOL NAME;GRADE ;PROGRAM TYPE;NUMBER OF STUDENTS   SEATS FILLED;NUMBER OF SECTIONS;AVERAGE CLASS SIZE;SIZE OF SMALLEST CLASS;SIZE OF LARGEST CLASS
M046;P.S. 046 Arthur Tappan;0K;GEN ED;65;3;21.70;21;22
M046;P.S. 046 Arthur Tappan;0K;CTT;20;1;20.00;20;20
M046;P.S. 046 Arthur Tappan;01;GEN ED;62;3;20.70;19;22
M046;P.S. 046 Arthur Tappan;01;CTT;17;1;17.00;17;17
M046;P.S. 046 Arthur Tappan;01;G&T;21;1;21.00;21;21
M046;P.S. 046 Arthur Tappan;02;GEN ED;62;3;20.70;15;24
M046;P.S. 046 Arthur Tappan;02;G&T;19;1;19.00;19;19
M046;P.S. 046 Arthur Tappan;03;GEN ED;50;2;25.00;25;25
M046;P.S. 046 Arthur Tappan;03;G&T;22;1;22.00;22;22
M046;P.S. 046 Arthur Tappan;04;GEN ED;66;3;22.00;21;23
M046;P.S. 046 Arthur Tappan;04;G&T;22;1;22.00;22;22
M046;P.S. 046 Arthur Tappan;05;GEN ED;62;3;20.70;19;23
M046;P.S. 046 Arthur Tappan;05;G&T;22;1;22.00;22;22
M046;P.S. 046 Arthur Tappan;06;GEN ED;51;2;25.50;24;27
M046;P.S. 046 Arthur Tappan;06;G&T;26;1;26.00;26;26
M046;P.S. 046 Arthur Tappan;07;GEN ED;27;1;27.00;27;27
M046;P.S. 046 Arthur Tappan;07;CTT;26;1;26.00;26;26
M046;P.S. 046 Arthur Tappan;0K-09;SPEC ED;12;1;12.00;12;12
M046;P.S. 046 Arthur Tappan;0K-09;SPEC ED;24;2;12.00;12;12
M046;P.S. 046 Arthur Tappan;MS Core;GEN ED;26;1;26.00;26;26
M046;P.S. 046 Arthur Tappan;MS Core;GEN ED;26;1;26.00;26;26
M046;P.S. 046 Arthur Tappan;MS Core;GEN ED;26;1;26.00;26;26
M046;P.S. 046 Arthur Tappan;MS Core;GEN ED;26;1;26.00;26;26
M046;P.S. 046 Arthur Tappan;MS Core;CTT;25;1;25.00;25;25
M046;P.S. 046 Arthur Tappan;MS Core;CTT;25;1;25.00;25;25
M046;P.S. 046 Arthur Tappan;MS Core;CTT;25;1;25.00;25;25
M046;P.S. 046 Arthur Tappan;MS Core;CTT;25;1;25.00;25;25
M046;P.S. 046 Arthur Tappan;;;0;0;.00;0;0
