SCHOOL CODE;SCHOOL NAME;GRADE ;PROGRAM TYPE;NUMBER OF STUDENTS   SEATS FILLED;NUMBER OF SECTIONS;AVERAGE CLASS SIZE;SIZE OF SMALLEST CLASS;SIZE OF LARGEST CLASS
M047;47 The American Sign Language and English Secondary School;09-12;GEN ED;32;2;16.00;16;16
M047;47 The American Sign Language and English Secondary School;09-12;GEN ED;30;2;15.00;11;19
M047;47 The American Sign Language and English Secondary School;09-12;GEN ED;13;1;13.00;13;13
M047;47 The American Sign Language and English Secondary School;09-12;GEN ED;21;1;21.00;21;21
M047;47 The American Sign Language and English Secondary School;09-12;GEN ED;30;2;15.00;13;17
M047;47 The American Sign Language and English Secondary School;09-12;GEN ED;32;2;16.00;15;17
M047;47 The American Sign Language and English Secondary School;09-12;GEN ED;13;1;13.00;13;13
M047;47 The American Sign Language and English Secondary School;09-12;GEN ED;27;2;13.50;10;17
M047;47 The American Sign Language and English Secondary School;09-12;GEN ED;16;1;16.00;16;16
M047;47 The American Sign Language and English Secondary School;09-12;GEN ED;17;1;17.00;17;17
M047;47 The American Sign Language and English Secondary School;09-12;GEN ED;64;3;21.30;21;22
M047;47 The American Sign Language and English Secondary School;09-12;CTT;14;1;14.00;14;14
M047;47 The American Sign Language and English Secondary School;09-12;CTT;17;1;17.00;17;17
M047;47 The American Sign Language and English Secondary School;09-12;CTT;54;3;18.00;16;21
M047;47 The American Sign Language and English Secondary School;09-12;CTT;44;2;22.00;20;24
M047;47 The American Sign Language and English Secondary School;09-12;CTT;36;2;18.00;17;19
M047;47 The American Sign Language and English Secondary School;09-12;CTT;46;2;23.00;23;23
M047;47 The American Sign Language and English Secondary School;09-12;CTT;37;2;18.50;18;19
M047;47 The American Sign Language and English Secondary School;09-12;SPEC ED;10;1;10.00;10;10
M047;47 The American Sign Language and English Secondary School;09-12;SPEC ED;10;1;10.00;10;10
