SCHOOL CODE;SCHOOL NAME;GRADE ;PROGRAM TYPE;NUMBER OF STUDENTS   SEATS FILLED;NUMBER OF SECTIONS;AVERAGE CLASS SIZE;SIZE OF SMALLEST CLASS;SIZE OF LARGEST CLASS
M048;P.S. 048 P.O. Michael J. Buczek;0K;GEN ED;74;3;24.70;24;25
M048;P.S. 048 P.O. Michael J. Buczek;0K;CTT;22;1;22.00;22;22
M048;P.S. 048 P.O. Michael J. Buczek;01;GEN ED;79;3;26.30;25;27
M048;P.S. 048 P.O. Michael J. Buczek;01;CTT;25;1;25.00;25;25
M048;P.S. 048 P.O. Michael J. Buczek;02;GEN ED;72;3;24.00;17;28
M048;P.S. 048 P.O. Michael J. Buczek;02;CTT;25;1;25.00;25;25
M048;P.S. 048 P.O. Michael J. Buczek;03;GEN ED;49;2;24.50;21;28
M048;P.S. 048 P.O. Michael J. Buczek;03;CTT;29;1;29.00;29;29
M048;P.S. 048 P.O. Michael J. Buczek;04;GEN ED;76;3;25.30;24;27
M048;P.S. 048 P.O. Michael J. Buczek;04;CTT;25;1;25.00;25;25
M048;P.S. 048 P.O. Michael J. Buczek;05;GEN ED;58;3;19.30;15;23
M048;P.S. 048 P.O. Michael J. Buczek;05;CTT;23;1;23.00;23;23
M048;P.S. 048 P.O. Michael J. Buczek;0K-09;SPEC ED;12;1;12.00;12;12
M048;P.S. 048 P.O. Michael J. Buczek;;;0;0;.00;0;0
