SCHOOL CODE;SCHOOL NAME;GRADE ;PROGRAM TYPE;NUMBER OF STUDENTS   SEATS FILLED;NUMBER OF SECTIONS;AVERAGE CLASS SIZE;SIZE OF SMALLEST CLASS;SIZE OF LARGEST CLASS
M050;P.S. 050 Vito Marcantonio;0K;GEN ED;9;1;9.00;9;9
M050;P.S. 050 Vito Marcantonio;0K;CTT;8;1;8.00;8;8
M050;P.S. 050 Vito Marcantonio;01;GEN ED;26;1;26.00;26;26
M050;P.S. 050 Vito Marcantonio;02;GEN ED;29;1;29.00;29;29
M050;P.S. 050 Vito Marcantonio;03;GEN ED;21;1;21.00;21;21
M050;P.S. 050 Vito Marcantonio;04;GEN ED;36;2;18.00;17;19
M050;P.S. 050 Vito Marcantonio;04;CTT;24;1;24.00;24;24
M050;P.S. 050 Vito Marcantonio;05;GEN ED;23;1;23.00;23;23
M050;P.S. 050 Vito Marcantonio;05;CTT;24;1;24.00;24;24
M050;P.S. 050 Vito Marcantonio;06;GEN ED;25;1;25.00;25;25
M050;P.S. 050 Vito Marcantonio;07;GEN ED;15;1;15.00;15;15
M050;P.S. 050 Vito Marcantonio;07;CTT;21;1;21.00;21;21
M050;P.S. 050 Vito Marcantonio;08;GEN ED;26;1;26.00;26;26
M050;P.S. 050 Vito Marcantonio;08;CTT;25;1;25.00;25;25
M050;P.S. 050 Vito Marcantonio;0K-09;SPEC ED;60;7;8.60;3;12
M050;P.S. 050 Vito Marcantonio;MS Core;GEN ED;48;2;24.00;22;26
M050;P.S. 050 Vito Marcantonio;MS Core;GEN ED;48;2;24.00;22;26
M050;P.S. 050 Vito Marcantonio;MS Core;GEN ED;22;1;22.00;22;22
M050;P.S. 050 Vito Marcantonio;MS Core;GEN ED;26;1;26.00;26;26
M050;P.S. 050 Vito Marcantonio;MS Core;GEN ED;22;1;22.00;22;22
M050;P.S. 050 Vito Marcantonio;MS Core;CTT;54;2;27.00;26;28
M050;P.S. 050 Vito Marcantonio;MS Core;CTT;26;1;26.00;26;26
M050;P.S. 050 Vito Marcantonio;MS Core;CTT;28;1;28.00;28;28
M050;P.S. 050 Vito Marcantonio;MS Core;CTT;54;2;27.00;26;28
M050;P.S. 050 Vito Marcantonio;MS Core;CTT;54;2;27.00;26;28
M050;P.S. 050 Vito Marcantonio;MS Core;SPEC ED;20;2;10.00;10;10
M050;P.S. 050 Vito Marcantonio;MS Core;SPEC ED;20;2;10.00;10;10
M050;P.S. 050 Vito Marcantonio;MS Core;SPEC ED;10;1;10.00;10;10
M050;P.S. 050 Vito Marcantonio;MS Core;SPEC ED;10;1;10.00;10;10
M050;P.S. 050 Vito Marcantonio;09-12;GEN ED;25;1;25.00;25;25
M050;P.S. 050 Vito Marcantonio;09-12;CTT;23;1;23.00;23;23
M050;P.S. 050 Vito Marcantonio;09-12;SPEC ED;17;1;17.00;17;17
M050;P.S. 050 Vito Marcantonio;;;0;0;.00;0;0
