SCHOOL CODE;SCHOOL NAME;GRADE ;PROGRAM TYPE;NUMBER OF STUDENTS   SEATS FILLED;NUMBER OF SECTIONS;AVERAGE CLASS SIZE;SIZE OF SMALLEST CLASS;SIZE OF LARGEST CLASS
M051;P.S. 051 Elias Howe;0K;GEN ED;24;1;24.00;24;24
M051;P.S. 051 Elias Howe;0K;CTT;25;1;25.00;25;25
M051;P.S. 051 Elias Howe;01;GEN ED;27;1;27.00;27;27
M051;P.S. 051 Elias Howe;01;CTT;28;1;28.00;28;28
M051;P.S. 051 Elias Howe;02;GEN ED;28;1;28.00;28;28
M051;P.S. 051 Elias Howe;02;CTT;31;1;31.00;31;31
M051;P.S. 051 Elias Howe;03;GEN ED;19;1;19.00;19;19
M051;P.S. 051 Elias Howe;03;CTT;20;1;20.00;20;20
M051;P.S. 051 Elias Howe;04;GEN ED;50;2;25.00;25;25
M051;P.S. 051 Elias Howe;05;GEN ED;53;2;26.50;26;27
M051;P.S. 051 Elias Howe;;;0;0;.00;0;0
