SCHOOL CODE;SCHOOL NAME;GRADE ;PROGRAM TYPE;NUMBER OF STUDENTS   SEATS FILLED;NUMBER OF SECTIONS;AVERAGE CLASS SIZE;SIZE OF SMALLEST CLASS;SIZE OF LARGEST CLASS
M052;J.H.S. 052 Inwood;06;GEN ED;150;5;30.00;28;32
M052;J.H.S. 052 Inwood;06;CTT;27;1;27.00;27;27
M052;J.H.S. 052 Inwood;07;GEN ED;147;5;29.40;26;31
M052;J.H.S. 052 Inwood;07;CTT;75;3;25.00;25;25
M052;J.H.S. 052 Inwood;08;GEN ED;195;7;27.90;22;30
M052;J.H.S. 052 Inwood;08;CTT;81;3;27.00;25;28
M052;J.H.S. 052 Inwood;0K-09;SPEC ED;9;1;9.00;9;9
M052;J.H.S. 052 Inwood;0K-09;SPEC ED;45;4;11.30;10;12
M052;J.H.S. 052 Inwood;MS Core;GEN ED;403;17;23.70;12;32
M052;J.H.S. 052 Inwood;MS Core;GEN ED;404;14;28.90;23;32
M052;J.H.S. 052 Inwood;MS Core;GEN ED;90;3;30.00;30;30
M052;J.H.S. 052 Inwood;MS Core;GEN ED;437;15;29.10;23;32
M052;J.H.S. 052 Inwood;MS Core;GEN ED;57;2;28.50;27;30
M052;J.H.S. 052 Inwood;MS Core;GEN ED;494;17;29.10;23;32
M052;J.H.S. 052 Inwood;MS Core;CTT;183;7;26.10;24;28
M052;J.H.S. 052 Inwood;MS Core;CTT;183;7;26.10;24;28
M052;J.H.S. 052 Inwood;MS Core;CTT;183;7;26.10;24;28
M052;J.H.S. 052 Inwood;MS Core;CTT;183;7;26.10;24;28
M052;J.H.S. 052 Inwood;09-12;GEN ED;90;3;30.00;30;30
M052;J.H.S. 052 Inwood;09-12;GEN ED;57;2;28.50;27;30
M052;J.H.S. 052 Inwood;;;0;0;.00;0;0
