SCHOOL CODE;SCHOOL NAME;GRADE ;PROGRAM TYPE;NUMBER OF STUDENTS   SEATS FILLED;NUMBER OF SECTIONS;AVERAGE CLASS SIZE;SIZE OF SMALLEST CLASS;SIZE OF LARGEST CLASS
M054;J.H.S. 054 Booker T. Washington;06;GEN ED;28;1;28.00;28;28
M054;J.H.S. 054 Booker T. Washington;06;CTT;26;1;26.00;26;26
M054;J.H.S. 054 Booker T. Washington;06;G&T;214;7;30.60;29;32
M054;J.H.S. 054 Booker T. Washington;07;GEN ED;29;1;29.00;29;29
M054;J.H.S. 054 Booker T. Washington;07;CTT;23;1;23.00;23;23
M054;J.H.S. 054 Booker T. Washington;07;G&T;216;7;30.90;30;32
M054;J.H.S. 054 Booker T. Washington;08;GEN ED;33;1;33.00;33;33
M054;J.H.S. 054 Booker T. Washington;08;CTT;30;1;30.00;30;30
M054;J.H.S. 054 Booker T. Washington;08;G&T;189;6;31.50;30;32
M054;J.H.S. 054 Booker T. Washington;0K-09;SPEC ED;8;1;8.00;8;8
M054;J.H.S. 054 Booker T. Washington;0K-09;SPEC ED;27;3;9.00;7;11
M054;J.H.S. 054 Booker T. Washington;MS Core;GEN ED;731;26;28.10;14;32
M054;J.H.S. 054 Booker T. Washington;MS Core;GEN ED;561;20;28.10;11;32
M054;J.H.S. 054 Booker T. Washington;MS Core;GEN ED;189;6;31.50;30;32
M054;J.H.S. 054 Booker T. Washington;MS Core;GEN ED;536;18;29.80;17;33
M054;J.H.S. 054 Booker T. Washington;MS Core;GEN ED;189;6;31.50;30;32
M054;J.H.S. 054 Booker T. Washington;MS Core;GEN ED;725;24;30.20;17;33
M054;J.H.S. 054 Booker T. Washington;MS Core;CTT;63;4;15.80;12;24
M054;J.H.S. 054 Booker T. Washington;MS Core;CTT;43;3;14.30;11;19
M054;J.H.S. 054 Booker T. Washington;MS Core;CTT;80;3;26.70;23;30
M054;J.H.S. 054 Booker T. Washington;MS Core;CTT;80;3;26.70;23;30
M054;J.H.S. 054 Booker T. Washington;MS Core;SPEC ED;19;2;9.50;7;12
M054;J.H.S. 054 Booker T. Washington;MS Core;SPEC ED;25;3;8.30;6;12
M054;J.H.S. 054 Booker T. Washington;MS Core;SPEC ED;25;3;8.30;6;12
M054;J.H.S. 054 Booker T. Washington;MS Core;SPEC ED;37;4;9.30;6;12
M054;J.H.S. 054 Booker T. Washington;09-12;GEN ED;189;6;31.50;30;32
M054;J.H.S. 054 Booker T. Washington;09-12;GEN ED;189;6;31.50;30;32
M054;J.H.S. 054 Booker T. Washington;;;0;0;.00;0;0
