SCHOOL CODE;SCHOOL NAME;GRADE ;PROGRAM TYPE;NUMBER OF STUDENTS   SEATS FILLED;NUMBER OF SECTIONS;AVERAGE CLASS SIZE;SIZE OF SMALLEST CLASS;SIZE OF LARGEST CLASS
M057;James Weldon Johnson;0K;GEN ED;61;3;20.30;19;21
M057;James Weldon Johnson;0K;CTT;21;1;21.00;21;21
M057;James Weldon Johnson;01;GEN ED;77;4;19.30;19;20
M057;James Weldon Johnson;01;CTT;19;1;19.00;19;19
M057;James Weldon Johnson;02;GEN ED;79;4;19.80;19;21
M057;James Weldon Johnson;02;CTT;21;1;21.00;21;21
M057;James Weldon Johnson;03;GEN ED;78;4;19.50;17;22
M057;James Weldon Johnson;03;CTT;24;1;24.00;24;24
M057;James Weldon Johnson;04;GEN ED;72;3;24.00;23;26
M057;James Weldon Johnson;04;CTT;24;1;24.00;24;24
M057;James Weldon Johnson;05;GEN ED;83;3;27.70;27;29
M057;James Weldon Johnson;05;CTT;28;1;28.00;28;28
M057;James Weldon Johnson;06;GEN ED;32;1;32.00;32;32
M057;James Weldon Johnson;07;GEN ED;38;1;38.00;38;38
M057;James Weldon Johnson;08;CTT;37;1;37.00;37;37
M057;James Weldon Johnson;0K-09;SPEC ED;47;4;11.80;10;13
M057;James Weldon Johnson;MS Core;GEN ED;70;3;23.30;19;32
M057;James Weldon Johnson;MS Core;GEN ED;70;2;35.00;32;38
M057;James Weldon Johnson;MS Core;GEN ED;70;2;35.00;32;38
M057;James Weldon Johnson;MS Core;GEN ED;13;1;13.00;13;13
M057;James Weldon Johnson;MS Core;GEN ED;70;3;23.30;19;32
M057;James Weldon Johnson;MS Core;CTT;37;1;37.00;37;37
M057;James Weldon Johnson;MS Core;CTT;37;1;37.00;37;37
M057;James Weldon Johnson;MS Core;CTT;37;1;37.00;37;37
M057;James Weldon Johnson;MS Core;CTT;37;1;37.00;37;37
M057;James Weldon Johnson;MS Core;SPEC ED;13;1;13.00;13;13
M057;James Weldon Johnson;MS Core;SPEC ED;13;1;13.00;13;13
M057;James Weldon Johnson;MS Core;SPEC ED;14;1;14.00;14;14
M057;James Weldon Johnson;MS Core;SPEC ED;13;1;13.00;13;13
M057;James Weldon Johnson;;;0;0;.00;0;0
