SCHOOL CODE;SCHOOL NAME;GRADE ;PROGRAM TYPE;NUMBER OF STUDENTS   SEATS FILLED;NUMBER OF SECTIONS;AVERAGE CLASS SIZE;SIZE OF SMALLEST CLASS;SIZE OF LARGEST CLASS
M059;P.S. 059 Beekman Hill International;0K;GEN ED;75;3;25.00;25;25
M059;P.S. 059 Beekman Hill International;0K;CTT;24;1;24.00;24;24
M059;P.S. 059 Beekman Hill International;01;GEN ED;72;3;24.00;24;24
M059;P.S. 059 Beekman Hill International;01;CTT;24;1;24.00;24;24
M059;P.S. 059 Beekman Hill International;02;GEN ED;68;3;22.70;22;23
M059;P.S. 059 Beekman Hill International;02;CTT;20;1;20.00;20;20
M059;P.S. 059 Beekman Hill International;03;GEN ED;56;2;28.00;28;28
M059;P.S. 059 Beekman Hill International;03;CTT;29;1;29.00;29;29
M059;P.S. 059 Beekman Hill International;04;GEN ED;26;1;26.00;26;26
M059;P.S. 059 Beekman Hill International;04;CTT;25;1;25.00;25;25
M059;P.S. 059 Beekman Hill International;05;GEN ED;26;1;26.00;26;26
M059;P.S. 059 Beekman Hill International;05;CTT;28;1;28.00;28;28
M059;P.S. 059 Beekman Hill International;;;0;0;.00;0;0
